#pins	2
#made	2026-10-06	
build	6a9986f8	flavour=vulkan;version=950.1.0.0;size=0x1740000;validated=2026-10-06	
sig	main-anchor	6a9986f8=1@0x1B090;6a998810=1@0x1B300	Everything that reads the game
sig	tick-anchor	6a9986f8=1@0x10AEE0;6a998810=1@0x10AE40	Game tick, tick timers
sig	varp-observer	6a9986f8=1@0xA76E6;6a998810=1@0xA78D6	Live variable changes
sig	varc-observer	6a9986f8=1@0xA8156;6a998810=1@0xA8346	Live variable changes
sig	ccdrag-observer	6a9986f8=1@0x1D11F4;6a998810=1@0x1D1244	Interface drag tracking
sig	npc-display	6a9986f8=1@0x31A7D4;6a998810=1@0x31A9D4	Rendering: hide NPCs
sig	player-display	6a9986f8=1@0x1301C8;6a998810=1@0x1300E8	Rendering: hide players
sig	scene-blank	6a9986f8=0;6a998810=1@0x118745	Rendering: hide scene
sig	framer	6a9986f8=1@0x1000B0;6a998810=1@0x100010	Chat capture, event channel, packet feed
sig	spawn-hook	6a9986f8=1@0x4C80D0;6a998810=1@0x4C8580	Scene objects, specials
sig	del-hook	6a9986f8=1@0x4C8250;6a998810=1@0x4C8700	Scene objects
sig	t4-display	6a9986f8=1@0x3BC27D;6a998810=1@0x3BC67D	Specials: graphic highlights, clue scan ring
sig	t13-display	6a9986f8=1@0x135540;6a998810=1@0x135460	Specials: walk and scan markers
sig	menu-init	6a9986f8=1@0x1668B0;6a998810=1@0x1667E0	Menu swaps
sig	menu-clear	6a9986f8=1@0x169510;6a998810=1@0x169450	Menu swaps
sig	menu-build	6a9986f8=1@0x147FA0;6a998810=1@0x147EC0	Menu swaps: reordering
sig	menu-snap	6a9986f8=1@0x166A50;6a998810=1@0x166980	Menu swaps: left-click option
sig	menu-exec	6a9986f8=1@0x167D50;6a998810=1@0x167C80	Menu swaps: action log
sig	tooltip-stub	6a9986f8=2@0x200940;6a998810=2@0x200990	Tooltip text (item prices, levels)
sig	outline-switch	6a9986f8=1@0x382631;6a998810=1@0x3828B1	Native outlines
sig	outline-table	6a9986f8=1@0x1C41F8;6a998810=1@0x1C4248	Native outlines: colours and modes
sig	arrow-message	6a9986f8=1@0xFA140;6a998810=1@0xFA0A0	Engine markers: hint arrows
sig	trail-message	6a9986f8=1@0x1081E0;6a998810=1@0x108140	Engine markers: tile trail
sig	arrow-frame	6a9986f8=1@0x11DF50;6a998810=1@0x11DE70	Engine markers|In-frame panels and text|Sounds, camera zoom and FOV|In-frame label anchors|Asks: achievements and quests
sig	tile-draw	6a9986f8=1@0x12B730;6a998810=1@0x12B650	Engine markers: tile outline
sig	sound-synth	6a9986f8=1@0x94930;6a998810=1@0x94B20	Sounds panel, sound mute
sig	chat-notify	6a9986f8=1@0x14C600;6a998810=1@0x14C530	Chat mute
rva	optable	6a9986f8=0xD98BB0;6a998810=0xC70BB0	Packet decoders, server opcodes
disp	6a9986f8	0x100,0x104,0x108,0x118,0x130,0x138,0x178,0x180,0x184,0x188,0x190,0x198,0x1A0,0x1A8,0x1B0,0x1C0,0x1C8,0x1D8,0x1F8,0x218,0x238,0x278,0x294,0x298,0x29C,0x29D,0x29E,0x29F,0x2A0,0x2A1,0x2A8,0x310,0x330,0x334,0x348,0x34C,0x6F8,0x700,0xFA0,0x10A0,0x10A8,0x1520,0x17E8,0x1F40,0x7D00,0x8DB0,0x8DB8,0x18D58,0x18D60,0x18D68,0x18D80,0x18D88,0x19850,0x19870,0x19878,0x19880,0x19888,0x19898,0x198A0,0x198B8,0x198D8,0x198E0,0x19900,0x19910,0x19918,0x19920,0x19928,0x19930,0x19938,0x19948,0x19968,0x19970,0x19978,0x19980,0x19990,0x199A0,0x199A8,0x199B0,0x199C8,0x199D0,0x199D8,0x199E0,0x199E8,0x199F0,0x19A10,0x19A18,0x19A30,0x19B10,0x19C78,0x19C80,0x19C8F,0x19F38,0x19F40,0x19F68,0x19FA0,0x19FA8,0x19FB8,0x535C8,0x535D0,0x535D8,0x536F8	MainData layout
build	6a998810	flavour=opengl;version=950.1.0.0;size=0xF82000;validated=2026-10-06	
disp	6a998810	0x100,0x104,0x108,0x118,0x130,0x138,0x178,0x184,0x188,0x190,0x198,0x1A0,0x1A8,0x1B0,0x1B8,0x1C0,0x1C8,0x1D8,0x1F8,0x218,0x238,0x278,0x294,0x298,0x29C,0x29D,0x29E,0x29F,0x2A0,0x2A1,0x2A8,0x310,0x330,0x334,0x348,0x34C,0x620,0x628,0xFA0,0x10A0,0x10A8,0x1520,0x17E8,0x1F40,0x7D00,0x8DB0,0x8DB8,0x18D58,0x18D60,0x18D68,0x18D80,0x18D88,0x19850,0x19870,0x19878,0x19880,0x19888,0x19898,0x198A0,0x198B8,0x198D8,0x198E0,0x19900,0x19910,0x19918,0x19920,0x19928,0x19930,0x19938,0x19948,0x19968,0x19970,0x19978,0x19980,0x19990,0x199A0,0x199A8,0x199B0,0x199C8,0x199D0,0x199D8,0x199E0,0x199E8,0x199F0,0x19A10,0x19A18,0x19A30,0x19B10,0x19C78,0x19C80,0x19C8F,0x19F38,0x19F40,0x19F68,0x19FA0,0x19FA8,0x19FB8,0x535C8,0x535D0,0x535D8,0x536F8	MainData layout
rva	vartableVt	6a998810=0xB609C0;6a9986f8=0xC6D818	Var domain stores
rva	zoneSub	6a9986f8=0xD96B30	Zone events
op	area_sound.0x5F	6a9986f8=0x5F/len=11/h=f553cf80	Packet decoders
op	area_sound.0xA4	6a9986f8=0xA4/len=10/h=542449c7	Packet decoders
op	container_update.0x32	6a9986f8=0x32/len=-2/h=bf2d95a4	Packet decoders
op	ge_offer.0x54	6a9986f8=0x54/len=36/h=7ecdf2ce	Packet decoders
op	hint_arrow.0x62	6a9986f8=0x62/len=14/h=669e4cfd	Packet decoders
op	loc_add.0x4B	6a9986f8=0x4B/len=7/h=8ffda69d	Packet decoders
op	loc_del.0x1A	6a9986f8=0x1A/len=2/h=c7d22e22	Packet decoders
op	message_game.0x21	6a9986f8=0x21/len=-1/h=97aa1f49	Packet decoders
op	obj_add.0x33	6a9986f8=0x33/len=6/h=7824c12d	Packet decoders
op	obj_count.0x46	6a9986f8=0x46/len=8/h=f16f58b6	Packet decoders
op	obj_del.0x6D	6a9986f8=0x6D/len=4/h=e1ff3207	Packet decoders
op	ping_echo.0xBE	6a9986f8=0xBE/len=8/h=ea3d1ef5	Packet decoders
op	projectile.0x72	6a9986f8=0x72/len=20/h=ee998293	Packet decoders
op	projectile.0x9A	6a9986f8=0x9A/len=21/h=15a44fcf	Packet decoders
op	projectile.0xA9	6a9986f8=0xA9/len=28/h=cbe38d6f	Packet decoders
op	projectile.0xC4	6a9986f8=0xC4/len=29/h=d4c58be3	Packet decoders
op	run_energy.0x15	6a9986f8=0x15/len=1/h=7c4fc7f8	Packet decoders
op	run_weight.0x7	6a9986f8=0x7/len=2/h=378f35aa	Packet decoders
op	runclientscript.0x23	6a9986f8=0x23/len=-2/h=677aef3e	Packet decoders
op	server_tick.0xA0	6a9986f8=0xA0/len=0/h=97d8b61a	Packet decoders
op	skill_update.0x5C	6a9986f8=0x5C/len=6/h=e8bfef5e	Packet decoders
op	sound.0x2C	6a9986f8=0x2C/len=8/h=fd9d232c	Packet decoders
op	spotanim.0xBC	6a9986f8=0xBC/len=14/h=9632877a	Packet decoders
op	spotanim.0xE	6a9986f8=0xE/len=11/h=c128599b	Packet decoders
op	spotanim_actor.0x75	6a9986f8=0x75/len=12/h=88aee957	Packet decoders
op	spotanim_actor.0xC5	6a9986f8=0xC5/len=15/h=6318656c	Packet decoders
op	varbit_set.0x74	6a9986f8=0x74/len=-1/h=f3bb8930	Packet decoders
op	varc_byte.0x7E	6a9986f8=0x7E/len=3/h=d4486c63	Packet decoders
op	varc_int.0x77	6a9986f8=0x77/len=6/h=513c4390	Packet decoders
op	varp_byte.0x4F	6a9986f8=0x4F/len=3/h=88264ef5	Packet decoders
op	varp_int.0x4	6a9986f8=0x4/len=6/h=57db7bbf	Packet decoders
op	varp_long.0xA5	6a9986f8=0xA5/len=10/h=bf3340e2	Packet decoders
op	zone_base.0x60	6a9986f8=0x60/len=3/h=69f82b83	Packet decoders
op	zone_clear.0x2	6a9986f8=0x2/len=3/h=3404c396	Packet decoders
op	zone_update.0x31	6a9986f8=0x31/len=-2/h=dab63d05	Packet decoders
live	varp:679	range=0..1000;gate=world	Adrenaline (Player State, alerts)
live	varp:3274	field=16..22;range=1..99;gate=world	Prayer (Player State, alerts)
live	varp:8040	field=16..22;range=1..99;gate=world	Summoning points (Player State)
live	varp:4818	mask=varbits;gate=world	Account type
live	varp:1787	range=0..60;gate=world	Familiar spell points (Familiar)
live	varp:1831	check=pouch;gate=world	Familiar pouch (Familiar)
live	varp:12314	range=0..3;gate=world	Active league (Leagues)
live	varp:463	set=0,1;gate=world	Run toggle (Player State)
live	varp:11718	field=0..3;range=0..3;gate=world	Entity highlight mode (Overlay)
live	varp:10946	check=structparam8849;gate=world	Encounter bar (Boss info)
live	varp:185	check=enumkey1563;gate=world	Slayer task (Slayer & Reaper)
live	varp:13538	check=lpmax;gate=world	Life points (Player State, alerts)
live	varp:13537	range=0..2000000;check=lpcur13538;gate=world	Life points (Player State, alerts)
index	2	archives=39;maxfile=62163;proto=7	Configs
index	3	archives=1884;maxfile=1078;proto=7	Interfaces
index	5	archives=8715;maxfile=8;proto=7	Maps
index	8	archives=36536;maxfile=0;proto=7	Sprites
index	12	archives=21115;maxfile=0;proto=7	Scripts
index	16	archives=552;maxfile=255;proto=7	Locs
index	17	archives=69;maxfile=255;proto=7	Enums
index	18	archives=258;maxfile=127;proto=7	NPCs
index	19	archives=251;maxfile=255;proto=7	Items
index	21	archives=37;maxfile=255;proto=7	Spot animations
index	22	archives=1672;maxfile=31;proto=7	Structs
index	23	archives=5;maxfile=25387;proto=7	World map
index	57	archives=40;maxfile=127;proto=7	Achievements
ceiling	enum	max=17613;cap=20000	Cache Explorer: enum range
ceiling	struct	max=53501;cap=60000	Cache Explorer: struct range
ceiling	dbtable	max=390;cap=600	Cache Explorer: dbtable range
ceiling	item	max=64130;cap=80000	Cache Explorer: item range
ceiling	item	max=64130;cap=200000	Item reads (id bound)
ceiling	loc	max=141239;cap=200000	Loc reads (id bound)
inv	95	size=1920;official=BANK	Containers
inv	858	size=49;official=METAL_BANK	Containers
inv	885	size=45;official=ARCH_MATERIAL_STORAGE	Containers
inv	963	size=200;official=GROUP_IRONMAN_STORAGE_CLAN_TEMP	Containers
inv	867	size=9;official=DINO_BAIT_BOX	Containers
inv	1008	size=225;official=ARCH_RESTORATION_WORKBENCH_STORAGE	Containers
inv	953	size=5;official=NECROMANCY_NEXUS	Containers
param	2794	type=36;official=COMBATV2_ABILITY_NAME	Events channel|Buffs|Ability Bar
varc	5115	type=0;official=TOPLEVEL_V2_TRACK_Y_ANG	Overlay camera|Overlays: gameview and camera
varc	5114	type=0;official=TOPLEVEL_V2_TRACK_X_ANG	Overlay camera|Overlays: gameview and camera
varc	1971	type=0;official=ZOOM	Overlay camera|Overlays: gameview and camera
varp	13537	type=0	Combat log|Player State|Game text (rtx-gametext.js)
varp	13538	type=0	Combat log|Player State
varc	3001	type=0;official=TOPLEVEL_V2_VISIBLE_WINDOW_1_WIDTH	Overlays|Overlays: gameview and camera|Panel positions (fallback): HUD windows
varbit	38842	dom=0;var=3680;lo=22;hi=22;official=TOPLEVEL_V2_MOBILE_INTERFACE	Panel positions (fallback)
enum	7716	kt=0;vt=73;n=101	Panel positions (fallback)|Panel positions: HUD registry
varp	11967	type=73;official=TOPLEVEL_V2_MINIGAME_WINDOW_DATA_OVERRIDE	Panel positions (fallback)
param	3505	type=9;official=TOPLEVEL_V2_WINDOW_CONTENT_LAYER	Panel positions (fallback)
param	3503	type=9;official=TOPLEVEL_V2_WINDOW_LAYER	Panel positions (fallback)|Panel positions|Panel positions: HUD registry
varbit	27169	dom=0;var=3680;lo=21;hi=21;official=TOPLEVEL_V2_LEGACY_INTERFACE	Panel positions (fallback)
varc	3477	type=1;official=TOPLEVEL_V2_EDIT_MODE	Panel positions (fallback)
param	3518	type=73;official=TOPLEVEL_V2_WINDOW_SKIN_DATA	Panel positions (fallback)
varbit	60446	dom=0;var=5839;lo=13;hi=14;official=TOPLEVEL_V2_MINIMAP_SHAPE	Panel positions (fallback)|Game text (rtx-gametext.js)
varbit	22875	dom=0;var=3814;lo=5;hi=11;official=TOPLEVEL_V2_ACTIVE_SKINSET	Panel positions (fallback)|Game text (rtx-gametext.js)
enum	9014	kt=0;vt=26;n=2;official=TOPLEVEL_V2_SKINLISTS	Panel positions (fallback)
varbit	19925	dom=0;var=3814;lo=1;hi=1;official=TOPLEVEL_V2_CUSTOMIZATION_LOCK	Panel positions (fallback)
param	5770	type=1;official=TOPLEVEL_V2_WINDOW_ALLOW_LIGHTWEIGHT	Panel positions (fallback)
param	3795	type=73;official=TOPLEVEL_V2_NOHEADER_SKIN_OVERRIDE	Panel positions (fallback)
param	3794	type=73;official=TOPLEVEL_V2_SLIM_SKIN_OVERRIDE	Panel positions (fallback)
varbit	19928	dom=0;var=3814;lo=3;hi=3;official=TOPLEVEL_V2_HIDE_TITLE_ON_LOCK	Panel positions (fallback)
varbit	19924	dom=0;var=3814;lo=0;hi=0;official=TOPLEVEL_V2_SLIM_MODE	Panel positions (fallback)
param	3509	type=9;official=TOPLEVEL_V2_WINDOW_TABS_LAYER	Panel positions (fallback)
param	3521	type=1;official=TOPLEVEL_V2_WINDOW_ALLOW_TABS	Panel positions (fallback)
varc	3678	type=0;official=TOPLEVEL_V2_ACTIVE_MODAL_ID	Panel positions (fallback)
enum	7720	kt=0;vt=73;n=1;official=TOPLEVEL_V2_MODAL_ID_TO_DATA	Panel positions (fallback)
param	3638	type=0;official=TOPLEVEL_V2_MODAL_SIZE_WIDTH	Panel positions (fallback)
param	3639	type=0;official=TOPLEVEL_V2_MODAL_SIZE_HEIGHT	Panel positions (fallback)
param	3533	type=1;official=TOPLEVEL_V2_WINDOW_HIDE_BORDERS	Panel positions (fallback)
varbit	60441	dom=0;var=3680;lo=23;hi=23;official=TOPLEVEL_V2_CHAT_STYLE	Panel positions (fallback)
param	3506	type=9;official=TOPLEVEL_V2_WINDOW_BORDER_LAYER	Panel positions (fallback)
param	8296	type=0;official=TOPLEVEL_V2_WINDOW_TITLED_TAB_MODE	Panel positions (fallback)
param	3547	type=0;official=TOPLEVEL_V2_WINDOW_TITLED_TOP_HEIGHT	Panel positions (fallback)
param	3549	type=0;official=TOPLEVEL_V2_WINDOW_TITLED_BOTTOM_HEIGHT	Panel positions (fallback)
param	3577	type=0;official=TOPLEVEL_V2_WINDOW_TITLED_TAB_HEIGHT	Panel positions (fallback)
param	3586	type=0;official=TOPLEVEL_V2_WINDOW_TITLED_BACKGROUND_TOP_HEIGHT	Panel positions (fallback)
param	3550	type=0;official=TOPLEVEL_V2_WINDOW_TITLED_LEFT_WIDTH	Panel positions (fallback)
varc	1323	type=22;official=TRAIL_DESTCOORD	Clue compass
param	8106	type=73;official=COMBATV2_BUFF_STRUCT	Buffs|Buffs: slot struct
param	8112	type=1;official=COMBATV2_BUFF_USES_ABILITY_END	Buffs
param	8110	type=1;official=COMBATV2_BUFF_USES_STACKS	Buffs
param	8111	type=1;official=COMBATV2_BUFF_USES_STACKS_PERCENT	Buffs
param	8113	type=1;official=COMBATV2_BUFF_USES_BESPOKE_TEXT	Buffs
iface	284	comps=69;official=BUFF_BAR	Buffs|Health check
iface	291	comps=52;official=DEBUFF_BAR	Buffs|Buffs: debuffs
varc	3005	type=0;official=TOPLEVEL_V2_VISIBLE_WINDOW_1_X	Overlays|Panel positions (fallback): HUD windows
varc	3006	type=0;official=TOPLEVEL_V2_VISIBLE_WINDOW_1_Y	Overlays|Panel positions (fallback): HUD windows
varc	3002	type=0;official=TOPLEVEL_V2_VISIBLE_WINDOW_1_HEIGHT	Overlays|Overlays: gameview and camera|Panel positions (fallback): HUD windows
iface	1477	comps=925	Health check|Panel positions
iface	1473	comps=23;official=TOPLEVEL_V2_INVENTORY	Health check|Panel positions
iface	1430	comps=271;official=TOPLEVEL_V2_COMBAT_BAR	Health check|Ability Bar
varbit	16572	dom=0;var=3239;lo=0;hi=16;official=OMGE_CHALLENGE_LAST_GENERATED	D&D Tracker
param	2799	type=0;official=COMBATV2_ABILITY_ADRENALINE_TYPE	Ability Bar
param	2802	type=23;official=COMBATV2_ABILITY_ICON	Ability Bar|Buffs: identity
param	2795	type=36;official=COMBATV2_ABILITY_INFO	Ability Bar
param	2796	type=0;official=COMBATV2_ABILITY_COOLDOWN	Ability Bar
param	4650	type=36;official=COMBATV2_ABILITY_UNLOCK_DESCRIPTION	Ability Bar
param	2976	type=0;official=COMBATV2_IS_ITEM_ABILITY	Ability Bar
param	2212	type=0;official=SKILLGUIDE_LEVEL	Skill guides: item levels
param	2215	type=0;official=SKILLGUIDE_SKILL	Skill guides: item levels
param	2213	type=33;official=SKILLGUIDE_ITEM	Skill guides: item levels
param	2210	type=36;official=SKILLGUIDE_NAME	Skill guides: item levels
param	596	type=36;official=WORLDMAP_KEY_TITLE	World map: categories
param	597	type=0;official=WORLDMAP_KEY_CATEGORY	World map: categories
iface	1188	comps=41;official=CHOICE_V2	Panel positions|D&D Tracker
varc	3082	type=0;official=TOPLEVEL_V2_VISIBLE_WINDOW_12_X	Panel positions|Panel positions (fallback): HUD windows
varc	3083	type=0;official=TOPLEVEL_V2_VISIBLE_WINDOW_12_Y	Panel positions|Panel positions (fallback): HUD windows
iface	1184	comps=16;official=CHAT_V2_LEFT	Panel positions
iface	1191	comps=16;official=CHAT_V2_RIGHT	Panel positions
iface	1189	comps=21;official=OBJBOX_V2	Panel positions
iface	1186	comps=9;official=MESBOX_V2	Panel positions
iface	1552	comps=41;official=ELFCITY_HEFIN_SERENITY_SIDE	Panel positions
varc	3096	type=0;official=TOPLEVEL_V2_VISIBLE_WINDOW_14_X	Panel positions|Panel positions (fallback): HUD windows
varc	3097	type=0;official=TOPLEVEL_V2_VISIBLE_WINDOW_14_Y	Panel positions|Panel positions (fallback): HUD windows
iface	1603	comps=12;official=CHAT_INPUT	Panel positions
iface	1370	comps=33;official=MAKEX2012	Panel positions
varc	3089	type=0;official=TOPLEVEL_V2_VISIBLE_WINDOW_13_X	Panel positions|Panel positions (fallback): HUD windows
varc	3090	type=0;official=TOPLEVEL_V2_VISIBLE_WINDOW_13_Y	Panel positions|Panel positions (fallback): HUD windows
iface	13	comps=18;official=BANKPIN_MAIN	Panel positions
iface	1466	comps=15;official=STATS_CHILD	Panel positions
varc	3166	type=0;official=TOPLEVEL_V2_VISIBLE_WINDOW_24_X	Panel positions|Panel positions (fallback): HUD windows
varc	3167	type=0;official=TOPLEVEL_V2_VISIBLE_WINDOW_24_Y	Panel positions|Panel positions (fallback): HUD windows
iface	1224	comps=50;official=NECRO_RITUAL_RECIPE_SELECTION	Panel positions
iface	533	comps=36;official=VM_NATURAL_HISTORY	Panel positions
iface	1286	comps=59;official=FISHCOMP_STATBLOCK	Panel positions
iface	1665	comps=40;official=POH_HOUSE_CONTROLS	Panel positions
iface	1223	comps=30;official=NECRO_RITUAL_INFORMATION	Panel positions
iface	923	comps=80;official=FISHCOMP_SIDE	Panel positions
iface	919	comps=88;official=FISHCOMP_OVERLAY	Panel positions
varc	3047	type=0;official=TOPLEVEL_V2_VISIBLE_WINDOW_7_X	Panel positions|Panel positions (fallback): HUD windows
varc	3048	type=0;official=TOPLEVEL_V2_VISIBLE_WINDOW_7_Y	Panel positions|Panel positions (fallback): HUD windows
iface	1222	comps=149;official=SKILL_TREE	Panel positions
varc	6463	type=0;official=TOPLEVEL_V2_VISIBLE_WINDOW_86_X	Panel positions|Panel positions (fallback): HUD windows
varc	6464	type=0;official=TOPLEVEL_V2_VISIBLE_WINDOW_86_Y	Panel positions|Panel positions (fallback): HUD windows
iface	660	comps=31;official=ARCH_MATERIAL_STORAGE	Panel positions
iface	656	comps=63;official=COLLECTION_LOG	Panel positions
varc	6310	type=0;official=TOPLEVEL_V2_VISIBLE_WINDOW_82_X	Panel positions|Panel positions (fallback): HUD windows
varc	6311	type=0;official=TOPLEVEL_V2_VISIBLE_WINDOW_82_Y	Panel positions|Panel positions (fallback): HUD windows
iface	691	comps=225;official=ARCH_RELIC_MANAGEMENT	Panel positions
iface	1594	comps=122;official=REWARDSHOP	Panel positions
iface	517	comps=341;official=BANK	Panel positions
varc	5632	type=0;official=TOPLEVEL_V2_VISIBLE_WINDOW_40_X	Panel positions|Panel positions (fallback): HUD windows
varc	5633	type=0;official=TOPLEVEL_V2_VISIBLE_WINDOW_40_Y	Panel positions|Panel positions (fallback): HUD windows
iface	190	comps=21;official=QUESTLIST_V4	Panel positions
varc	5846	type=0;official=TOPLEVEL_V2_VISIBLE_WINDOW_69_X	Panel positions|Panel positions (fallback): HUD windows
varc	5847	type=0;official=TOPLEVEL_V2_VISIBLE_WINDOW_69_Y	Panel positions|Panel positions (fallback): HUD windows
iface	1092	comps=68;official=THAS_LODESTONE_MAP	Panel positions
iface	584	comps=9;official=DOUBLEXP_WEEK	Panel positions
varc	3040	type=0;official=TOPLEVEL_V2_VISIBLE_WINDOW_6_X	Panel positions|Panel positions (fallback): HUD windows
varc	3041	type=0;official=TOPLEVEL_V2_VISIBLE_WINDOW_6_Y	Panel positions|Panel positions (fallback): HUD windows
iface	394	comps=196;official=TRAIL_KNOT_04	Panel positions
iface	519	comps=180;official=TRAIL_KNOT_05	Panel positions
iface	525	comps=218;official=TRAIL_KNOT_06	Panel positions
iface	526	comps=236;official=TRAIL_KNOT_07	Panel positions
iface	529	comps=182;official=TRAIL_KNOT_08	Panel positions
iface	1000	comps=194;official=TRAIL_KNOT_03	Panel positions
iface	1001	comps=180;official=TRAIL_KNOT_02	Panel positions
iface	1002	comps=166;official=TRAIL_KNOT_00	Panel positions
iface	1003	comps=208;official=TRAIL_KNOT_01	Panel positions
iface	1934	comps=71;official=TRAIL17_SKYSCRAPERS	Panel positions
iface	518	comps=41;official=QUEST_WENDLE_SECRETS_DEDUCTION_NOTES	Panel positions
iface	916	comps=382;official=POP_SHIP	Panel positions
iface	1276	comps=178;official=POP_CREW	Panel positions
iface	1933	comps=35;official=LIGHTSOUT	Panel positions
iface	1371	comps=29;official=MAKEX2012_CONTROLS	Panel positions
iface	720	comps=46;official=MODAL_CHOICE	Panel positions
iface	743	comps=11;official=TOPLEVEL_V2_EXTRA_ACTION_BUTTON	Panel positions
varc	6423	type=0;official=TOPLEVEL_V2_VISIBLE_WINDOW_84_X	Panel positions|Panel positions (fallback): HUD windows
varc	6424	type=0;official=TOPLEVEL_V2_VISIBLE_WINDOW_84_Y	Panel positions|Panel positions (fallback): HUD windows
iface	1512	comps=30;official=HOUSE_FURNITURE_CATALOGUE	Panel positions
iface	1030	comps=32;official=QUEST_FORT_CASEFILE	Panel positions
iface	1518	comps=34;official=HOUSE_FURNITURE_TRUNK	Panel positions
iface	1516	comps=41;official=HOUSE_FURNITURE_MAKEX	Panel positions
iface	1931	comps=39;official=SLIDE_PUZZLE	Panel positions
varc	3162	type=0;official=TOPLEVEL_V2_VISIBLE_WINDOW_24_WIDTH	Panel positions (fallback): HUD windows
varc	3163	type=0;official=TOPLEVEL_V2_VISIBLE_WINDOW_24_HEIGHT	Panel positions (fallback): HUD windows
varc	5520	type=0;official=TOPLEVEL_V2_VISIBLE_WINDOW_24_LIGHTWEIGHT	Panel positions (fallback): HUD windows
varc	3036	type=0;official=TOPLEVEL_V2_VISIBLE_WINDOW_6_WIDTH	Panel positions (fallback): HUD windows
varc	3037	type=0;official=TOPLEVEL_V2_VISIBLE_WINDOW_6_HEIGHT	Panel positions (fallback): HUD windows
varc	5502	type=0;official=TOPLEVEL_V2_VISIBLE_WINDOW_6_LIGHTWEIGHT	Panel positions (fallback): HUD windows
varc	3075	type=0;official=TOPLEVEL_V2_VISIBLE_WINDOW_11_X	Panel positions (fallback): HUD windows
varc	3076	type=0;official=TOPLEVEL_V2_VISIBLE_WINDOW_11_Y	Panel positions (fallback): HUD windows
varc	3071	type=0;official=TOPLEVEL_V2_VISIBLE_WINDOW_11_WIDTH	Panel positions (fallback): HUD windows
varc	3072	type=0;official=TOPLEVEL_V2_VISIBLE_WINDOW_11_HEIGHT	Panel positions (fallback): HUD windows
varc	5507	type=0;official=TOPLEVEL_V2_VISIBLE_WINDOW_11_LIGHTWEIGHT	Panel positions (fallback): HUD windows
varc	3173	type=0;official=TOPLEVEL_V2_VISIBLE_WINDOW_25_X	Panel positions (fallback): HUD windows
varc	3174	type=0;official=TOPLEVEL_V2_VISIBLE_WINDOW_25_Y	Panel positions (fallback): HUD windows
varc	3169	type=0;official=TOPLEVEL_V2_VISIBLE_WINDOW_25_WIDTH	Panel positions (fallback): HUD windows
varc	3170	type=0;official=TOPLEVEL_V2_VISIBLE_WINDOW_25_HEIGHT	Panel positions (fallback): HUD windows
varc	5521	type=0;official=TOPLEVEL_V2_VISIBLE_WINDOW_25_LIGHTWEIGHT	Panel positions (fallback): HUD windows
varc	3131	type=0;official=TOPLEVEL_V2_VISIBLE_WINDOW_19_X	Panel positions (fallback): HUD windows
varc	3132	type=0;official=TOPLEVEL_V2_VISIBLE_WINDOW_19_Y	Panel positions (fallback): HUD windows
varc	3127	type=0;official=TOPLEVEL_V2_VISIBLE_WINDOW_19_WIDTH	Panel positions (fallback): HUD windows
varc	3128	type=0;official=TOPLEVEL_V2_VISIBLE_WINDOW_19_HEIGHT	Panel positions (fallback): HUD windows
varc	5515	type=0;official=TOPLEVEL_V2_VISIBLE_WINDOW_19_LIGHTWEIGHT	Panel positions (fallback): HUD windows
varc	3117	type=0;official=TOPLEVEL_V2_VISIBLE_WINDOW_17_X	Panel positions (fallback): HUD windows
varc	3118	type=0;official=TOPLEVEL_V2_VISIBLE_WINDOW_17_Y	Panel positions (fallback): HUD windows
varc	3113	type=0;official=TOPLEVEL_V2_VISIBLE_WINDOW_17_WIDTH	Panel positions (fallback): HUD windows
varc	3114	type=0;official=TOPLEVEL_V2_VISIBLE_WINDOW_17_HEIGHT	Panel positions (fallback): HUD windows
varc	5513	type=0;official=TOPLEVEL_V2_VISIBLE_WINDOW_17_LIGHTWEIGHT	Panel positions (fallback): HUD windows
varc	3124	type=0;official=TOPLEVEL_V2_VISIBLE_WINDOW_18_X	Panel positions (fallback): HUD windows
varc	3125	type=0;official=TOPLEVEL_V2_VISIBLE_WINDOW_18_Y	Panel positions (fallback): HUD windows
varc	3120	type=0;official=TOPLEVEL_V2_VISIBLE_WINDOW_18_WIDTH	Panel positions (fallback): HUD windows
varc	3121	type=0;official=TOPLEVEL_V2_VISIBLE_WINDOW_18_HEIGHT	Panel positions (fallback): HUD windows
varc	5514	type=0;official=TOPLEVEL_V2_VISIBLE_WINDOW_18_LIGHTWEIGHT	Panel positions (fallback): HUD windows
varc	3138	type=0;official=TOPLEVEL_V2_VISIBLE_WINDOW_20_X	Panel positions (fallback): HUD windows
varc	3139	type=0;official=TOPLEVEL_V2_VISIBLE_WINDOW_20_Y	Panel positions (fallback): HUD windows
varc	3134	type=0;official=TOPLEVEL_V2_VISIBLE_WINDOW_20_WIDTH	Panel positions (fallback): HUD windows
varc	3135	type=0;official=TOPLEVEL_V2_VISIBLE_WINDOW_20_HEIGHT	Panel positions (fallback): HUD windows
varc	5516	type=0;official=TOPLEVEL_V2_VISIBLE_WINDOW_20_LIGHTWEIGHT	Panel positions (fallback): HUD windows
varc	3159	type=0;official=TOPLEVEL_V2_VISIBLE_WINDOW_23_X	Panel positions (fallback): HUD windows
varc	3160	type=0;official=TOPLEVEL_V2_VISIBLE_WINDOW_23_Y	Panel positions (fallback): HUD windows
varc	3155	type=0;official=TOPLEVEL_V2_VISIBLE_WINDOW_23_WIDTH	Panel positions (fallback): HUD windows
varc	3156	type=0;official=TOPLEVEL_V2_VISIBLE_WINDOW_23_HEIGHT	Panel positions (fallback): HUD windows
varc	5519	type=0;official=TOPLEVEL_V2_VISIBLE_WINDOW_23_LIGHTWEIGHT	Panel positions (fallback): HUD windows
varc	3187	type=0;official=TOPLEVEL_V2_VISIBLE_WINDOW_27_X	Panel positions (fallback): HUD windows
varc	3188	type=0;official=TOPLEVEL_V2_VISIBLE_WINDOW_27_Y	Panel positions (fallback): HUD windows
varc	3183	type=0;official=TOPLEVEL_V2_VISIBLE_WINDOW_27_WIDTH	Panel positions (fallback): HUD windows
varc	3184	type=0;official=TOPLEVEL_V2_VISIBLE_WINDOW_27_HEIGHT	Panel positions (fallback): HUD windows
varc	5523	type=0;official=TOPLEVEL_V2_VISIBLE_WINDOW_27_LIGHTWEIGHT	Panel positions (fallback): HUD windows
varc	3194	type=0;official=TOPLEVEL_V2_VISIBLE_WINDOW_28_X	Panel positions (fallback): HUD windows
varc	3195	type=0;official=TOPLEVEL_V2_VISIBLE_WINDOW_28_Y	Panel positions (fallback): HUD windows
varc	3190	type=0;official=TOPLEVEL_V2_VISIBLE_WINDOW_28_WIDTH	Panel positions (fallback): HUD windows
varc	3191	type=0;official=TOPLEVEL_V2_VISIBLE_WINDOW_28_HEIGHT	Panel positions (fallback): HUD windows
varc	5524	type=0;official=TOPLEVEL_V2_VISIBLE_WINDOW_28_LIGHTWEIGHT	Panel positions (fallback): HUD windows
varc	3103	type=0;official=TOPLEVEL_V2_VISIBLE_WINDOW_15_X	Panel positions (fallback): HUD windows
varc	3104	type=0;official=TOPLEVEL_V2_VISIBLE_WINDOW_15_Y	Panel positions (fallback): HUD windows
varc	3099	type=0;official=TOPLEVEL_V2_VISIBLE_WINDOW_15_WIDTH	Panel positions (fallback): HUD windows
varc	3100	type=0;official=TOPLEVEL_V2_VISIBLE_WINDOW_15_HEIGHT	Panel positions (fallback): HUD windows
varc	5511	type=0;official=TOPLEVEL_V2_VISIBLE_WINDOW_15_LIGHTWEIGHT	Panel positions (fallback): HUD windows
varc	3201	type=0;official=TOPLEVEL_V2_VISIBLE_WINDOW_29_X	Panel positions (fallback): HUD windows
varc	3202	type=0;official=TOPLEVEL_V2_VISIBLE_WINDOW_29_Y	Panel positions (fallback): HUD windows
varc	3197	type=0;official=TOPLEVEL_V2_VISIBLE_WINDOW_29_WIDTH	Panel positions (fallback): HUD windows
varc	3198	type=0;official=TOPLEVEL_V2_VISIBLE_WINDOW_29_HEIGHT	Panel positions (fallback): HUD windows
varc	5525	type=0;official=TOPLEVEL_V2_VISIBLE_WINDOW_29_LIGHTWEIGHT	Panel positions (fallback): HUD windows
varc	5611	type=0;official=TOPLEVEL_V2_VISIBLE_WINDOW_37_X	Panel positions (fallback): HUD windows
varc	5612	type=0;official=TOPLEVEL_V2_VISIBLE_WINDOW_37_Y	Panel positions (fallback): HUD windows
varc	5607	type=0;official=TOPLEVEL_V2_VISIBLE_WINDOW_37_WIDTH	Panel positions (fallback): HUD windows
varc	5608	type=0;official=TOPLEVEL_V2_VISIBLE_WINDOW_37_HEIGHT	Panel positions (fallback): HUD windows
varc	5533	type=0;official=TOPLEVEL_V2_VISIBLE_WINDOW_37_LIGHTWEIGHT	Panel positions (fallback): HUD windows
varc	3208	type=0;official=TOPLEVEL_V2_VISIBLE_WINDOW_30_X	Panel positions (fallback): HUD windows
varc	3209	type=0;official=TOPLEVEL_V2_VISIBLE_WINDOW_30_Y	Panel positions (fallback): HUD windows
varc	3204	type=0;official=TOPLEVEL_V2_VISIBLE_WINDOW_30_WIDTH	Panel positions (fallback): HUD windows
varc	3205	type=0;official=TOPLEVEL_V2_VISIBLE_WINDOW_30_HEIGHT	Panel positions (fallback): HUD windows
varc	5526	type=0;official=TOPLEVEL_V2_VISIBLE_WINDOW_30_LIGHTWEIGHT	Panel positions (fallback): HUD windows
varc	3092	type=0;official=TOPLEVEL_V2_VISIBLE_WINDOW_14_WIDTH	Panel positions (fallback): HUD windows
varc	3093	type=0;official=TOPLEVEL_V2_VISIBLE_WINDOW_14_HEIGHT	Panel positions (fallback): HUD windows
varc	5510	type=0;official=TOPLEVEL_V2_VISIBLE_WINDOW_14_LIGHTWEIGHT	Panel positions (fallback): HUD windows
varc	3033	type=0;official=TOPLEVEL_V2_VISIBLE_WINDOW_5_X	Panel positions (fallback): HUD windows
varc	3034	type=0;official=TOPLEVEL_V2_VISIBLE_WINDOW_5_Y	Panel positions (fallback): HUD windows
varc	3029	type=0;official=TOPLEVEL_V2_VISIBLE_WINDOW_5_WIDTH	Panel positions (fallback): HUD windows
varc	3030	type=0;official=TOPLEVEL_V2_VISIBLE_WINDOW_5_HEIGHT	Panel positions (fallback): HUD windows
varc	5501	type=0;official=TOPLEVEL_V2_VISIBLE_WINDOW_5_LIGHTWEIGHT	Panel positions (fallback): HUD windows
varc	3054	type=0;official=TOPLEVEL_V2_VISIBLE_WINDOW_8_X	Panel positions (fallback): HUD windows
varc	3055	type=0;official=TOPLEVEL_V2_VISIBLE_WINDOW_8_Y	Panel positions (fallback): HUD windows
varc	3050	type=0;official=TOPLEVEL_V2_VISIBLE_WINDOW_8_WIDTH	Panel positions (fallback): HUD windows
varc	3051	type=0;official=TOPLEVEL_V2_VISIBLE_WINDOW_8_HEIGHT	Panel positions (fallback): HUD windows
varc	5504	type=0;official=TOPLEVEL_V2_VISIBLE_WINDOW_8_LIGHTWEIGHT	Panel positions (fallback): HUD windows
varc	3061	type=0;official=TOPLEVEL_V2_VISIBLE_WINDOW_9_X	Panel positions (fallback): HUD windows
varc	3062	type=0;official=TOPLEVEL_V2_VISIBLE_WINDOW_9_Y	Panel positions (fallback): HUD windows
varc	3057	type=0;official=TOPLEVEL_V2_VISIBLE_WINDOW_9_WIDTH	Panel positions (fallback): HUD windows
varc	3058	type=0;official=TOPLEVEL_V2_VISIBLE_WINDOW_9_HEIGHT	Panel positions (fallback): HUD windows
varc	5505	type=0;official=TOPLEVEL_V2_VISIBLE_WINDOW_9_LIGHTWEIGHT	Panel positions (fallback): HUD windows
varc	3068	type=0;official=TOPLEVEL_V2_VISIBLE_WINDOW_10_X	Panel positions (fallback): HUD windows
varc	3069	type=0;official=TOPLEVEL_V2_VISIBLE_WINDOW_10_Y	Panel positions (fallback): HUD windows
varc	3064	type=0;official=TOPLEVEL_V2_VISIBLE_WINDOW_10_WIDTH	Panel positions (fallback): HUD windows
varc	3065	type=0;official=TOPLEVEL_V2_VISIBLE_WINDOW_10_HEIGHT	Panel positions (fallback): HUD windows
varc	5506	type=0;official=TOPLEVEL_V2_VISIBLE_WINDOW_10_LIGHTWEIGHT	Panel positions (fallback): HUD windows
varc	3180	type=0;official=TOPLEVEL_V2_VISIBLE_WINDOW_26_X	Panel positions (fallback): HUD windows
varc	3181	type=0;official=TOPLEVEL_V2_VISIBLE_WINDOW_26_Y	Panel positions (fallback): HUD windows
varc	3176	type=0;official=TOPLEVEL_V2_VISIBLE_WINDOW_26_WIDTH	Panel positions (fallback): HUD windows
varc	3177	type=0;official=TOPLEVEL_V2_VISIBLE_WINDOW_26_HEIGHT	Panel positions (fallback): HUD windows
varc	5522	type=0;official=TOPLEVEL_V2_VISIBLE_WINDOW_26_LIGHTWEIGHT	Panel positions (fallback): HUD windows
varc	5653	type=0;official=TOPLEVEL_V2_VISIBLE_WINDOW_43_X	Panel positions (fallback): HUD windows
varc	5654	type=0;official=TOPLEVEL_V2_VISIBLE_WINDOW_43_Y	Panel positions (fallback): HUD windows
varc	5649	type=0;official=TOPLEVEL_V2_VISIBLE_WINDOW_43_WIDTH	Panel positions (fallback): HUD windows
varc	5650	type=0;official=TOPLEVEL_V2_VISIBLE_WINDOW_43_HEIGHT	Panel positions (fallback): HUD windows
varc	5539	type=0;official=TOPLEVEL_V2_VISIBLE_WINDOW_43_LIGHTWEIGHT	Panel positions (fallback): HUD windows
varc	5688	type=0;official=TOPLEVEL_V2_VISIBLE_WINDOW_48_X	Panel positions (fallback): HUD windows
varc	5689	type=0;official=TOPLEVEL_V2_VISIBLE_WINDOW_48_Y	Panel positions (fallback): HUD windows
varc	5684	type=0;official=TOPLEVEL_V2_VISIBLE_WINDOW_48_WIDTH	Panel positions (fallback): HUD windows
varc	5685	type=0;official=TOPLEVEL_V2_VISIBLE_WINDOW_48_HEIGHT	Panel positions (fallback): HUD windows
varc	5544	type=0;official=TOPLEVEL_V2_VISIBLE_WINDOW_48_LIGHTWEIGHT	Panel positions (fallback): HUD windows
varc	5695	type=0;official=TOPLEVEL_V2_VISIBLE_WINDOW_49_X	Panel positions (fallback): HUD windows
varc	5696	type=0;official=TOPLEVEL_V2_VISIBLE_WINDOW_49_Y	Panel positions (fallback): HUD windows
varc	5691	type=0;official=TOPLEVEL_V2_VISIBLE_WINDOW_49_WIDTH	Panel positions (fallback): HUD windows
varc	5692	type=0;official=TOPLEVEL_V2_VISIBLE_WINDOW_49_HEIGHT	Panel positions (fallback): HUD windows
varc	5545	type=0;official=TOPLEVEL_V2_VISIBLE_WINDOW_49_LIGHTWEIGHT	Panel positions (fallback): HUD windows
varc	5681	type=0;official=TOPLEVEL_V2_VISIBLE_WINDOW_47_X	Panel positions (fallback): HUD windows
varc	5682	type=0;official=TOPLEVEL_V2_VISIBLE_WINDOW_47_Y	Panel positions (fallback): HUD windows
varc	5677	type=0;official=TOPLEVEL_V2_VISIBLE_WINDOW_47_WIDTH	Panel positions (fallback): HUD windows
varc	5678	type=0;official=TOPLEVEL_V2_VISIBLE_WINDOW_47_HEIGHT	Panel positions (fallback): HUD windows
varc	5543	type=0;official=TOPLEVEL_V2_VISIBLE_WINDOW_47_LIGHTWEIGHT	Panel positions (fallback): HUD windows
varc	5709	type=0;official=TOPLEVEL_V2_VISIBLE_WINDOW_51_X	Panel positions (fallback): HUD windows
varc	5710	type=0;official=TOPLEVEL_V2_VISIBLE_WINDOW_51_Y	Panel positions (fallback): HUD windows
varc	5705	type=0;official=TOPLEVEL_V2_VISIBLE_WINDOW_51_WIDTH	Panel positions (fallback): HUD windows
varc	5706	type=0;official=TOPLEVEL_V2_VISIBLE_WINDOW_51_HEIGHT	Panel positions (fallback): HUD windows
varc	5547	type=0;official=TOPLEVEL_V2_VISIBLE_WINDOW_51_LIGHTWEIGHT	Panel positions (fallback): HUD windows
varc	5737	type=0;official=TOPLEVEL_V2_VISIBLE_WINDOW_55_X	Panel positions (fallback): HUD windows
varc	5738	type=0;official=TOPLEVEL_V2_VISIBLE_WINDOW_55_Y	Panel positions (fallback): HUD windows
varc	5733	type=0;official=TOPLEVEL_V2_VISIBLE_WINDOW_55_WIDTH	Panel positions (fallback): HUD windows
varc	5734	type=0;official=TOPLEVEL_V2_VISIBLE_WINDOW_55_HEIGHT	Panel positions (fallback): HUD windows
varc	5551	type=0;official=TOPLEVEL_V2_VISIBLE_WINDOW_55_LIGHTWEIGHT	Panel positions (fallback): HUD windows
varc	5807	type=0;official=TOPLEVEL_V2_VISIBLE_WINDOW_65_X	Panel positions (fallback): HUD windows
varc	5808	type=0;official=TOPLEVEL_V2_VISIBLE_WINDOW_65_Y	Panel positions (fallback): HUD windows
varc	5803	type=0;official=TOPLEVEL_V2_VISIBLE_WINDOW_65_WIDTH	Panel positions (fallback): HUD windows
varc	5804	type=0;official=TOPLEVEL_V2_VISIBLE_WINDOW_65_HEIGHT	Panel positions (fallback): HUD windows
varc	5561	type=0;official=TOPLEVEL_V2_VISIBLE_WINDOW_65_LIGHTWEIGHT	Panel positions (fallback): HUD windows
varc	5821	type=0;official=TOPLEVEL_V2_VISIBLE_WINDOW_67_X	Panel positions (fallback): HUD windows
varc	5822	type=0;official=TOPLEVEL_V2_VISIBLE_WINDOW_67_Y	Panel positions (fallback): HUD windows
varc	5817	type=0;official=TOPLEVEL_V2_VISIBLE_WINDOW_67_WIDTH	Panel positions (fallback): HUD windows
varc	5818	type=0;official=TOPLEVEL_V2_VISIBLE_WINDOW_67_HEIGHT	Panel positions (fallback): HUD windows
varc	5563	type=0;official=TOPLEVEL_V2_VISIBLE_WINDOW_67_LIGHTWEIGHT	Panel positions (fallback): HUD windows
varc	5842	type=0;official=TOPLEVEL_V2_VISIBLE_WINDOW_69_WIDTH	Panel positions (fallback): HUD windows
varc	5843	type=0;official=TOPLEVEL_V2_VISIBLE_WINDOW_69_HEIGHT	Panel positions (fallback): HUD windows
varc	5849	type=0;official=TOPLEVEL_V2_VISIBLE_WINDOW_69_LIGHTWEIGHT	Panel positions (fallback): HUD windows
varc	6011	type=0;official=TOPLEVEL_V2_VISIBLE_WINDOW_71_X	Panel positions (fallback): HUD windows
varc	6012	type=0;official=TOPLEVEL_V2_VISIBLE_WINDOW_71_Y	Panel positions (fallback): HUD windows
varc	6007	type=0;official=TOPLEVEL_V2_VISIBLE_WINDOW_71_WIDTH	Panel positions (fallback): HUD windows
varc	6008	type=0;official=TOPLEVEL_V2_VISIBLE_WINDOW_71_HEIGHT	Panel positions (fallback): HUD windows
varc	6014	type=0;official=TOPLEVEL_V2_VISIBLE_WINDOW_71_LIGHTWEIGHT	Panel positions (fallback): HUD windows
varc	6140	type=0;official=TOPLEVEL_V2_VISIBLE_WINDOW_75_X	Panel positions (fallback): HUD windows
varc	6141	type=0;official=TOPLEVEL_V2_VISIBLE_WINDOW_75_Y	Panel positions (fallback): HUD windows
varc	6136	type=0;official=TOPLEVEL_V2_VISIBLE_WINDOW_75_WIDTH	Panel positions (fallback): HUD windows
varc	6137	type=0;official=TOPLEVEL_V2_VISIBLE_WINDOW_75_HEIGHT	Panel positions (fallback): HUD windows
varc	6143	type=0;official=TOPLEVEL_V2_VISIBLE_WINDOW_75_LIGHTWEIGHT	Panel positions (fallback): HUD windows
varc	6148	type=0;official=TOPLEVEL_V2_VISIBLE_WINDOW_76_X	Panel positions (fallback): HUD windows
varc	6149	type=0;official=TOPLEVEL_V2_VISIBLE_WINDOW_76_Y	Panel positions (fallback): HUD windows
varc	6144	type=0;official=TOPLEVEL_V2_VISIBLE_WINDOW_76_WIDTH	Panel positions (fallback): HUD windows
varc	6145	type=0;official=TOPLEVEL_V2_VISIBLE_WINDOW_76_HEIGHT	Panel positions (fallback): HUD windows
varc	6151	type=0;official=TOPLEVEL_V2_VISIBLE_WINDOW_76_LIGHTWEIGHT	Panel positions (fallback): HUD windows
varc	6156	type=0;official=TOPLEVEL_V2_VISIBLE_WINDOW_77_X	Panel positions (fallback): HUD windows
varc	6157	type=0;official=TOPLEVEL_V2_VISIBLE_WINDOW_77_Y	Panel positions (fallback): HUD windows
varc	6152	type=0;official=TOPLEVEL_V2_VISIBLE_WINDOW_77_WIDTH	Panel positions (fallback): HUD windows
varc	6153	type=0;official=TOPLEVEL_V2_VISIBLE_WINDOW_77_HEIGHT	Panel positions (fallback): HUD windows
varc	6159	type=0;official=TOPLEVEL_V2_VISIBLE_WINDOW_77_LIGHTWEIGHT	Panel positions (fallback): HUD windows
varc	6164	type=0;official=TOPLEVEL_V2_VISIBLE_WINDOW_78_X	Panel positions (fallback): HUD windows
varc	6165	type=0;official=TOPLEVEL_V2_VISIBLE_WINDOW_78_Y	Panel positions (fallback): HUD windows
varc	6160	type=0;official=TOPLEVEL_V2_VISIBLE_WINDOW_78_WIDTH	Panel positions (fallback): HUD windows
varc	6161	type=0;official=TOPLEVEL_V2_VISIBLE_WINDOW_78_HEIGHT	Panel positions (fallback): HUD windows
varc	6167	type=0;official=TOPLEVEL_V2_VISIBLE_WINDOW_78_LIGHTWEIGHT	Panel positions (fallback): HUD windows
varc	6172	type=0;official=TOPLEVEL_V2_VISIBLE_WINDOW_79_X	Panel positions (fallback): HUD windows
varc	6173	type=0;official=TOPLEVEL_V2_VISIBLE_WINDOW_79_Y	Panel positions (fallback): HUD windows
varc	6168	type=0;official=TOPLEVEL_V2_VISIBLE_WINDOW_79_WIDTH	Panel positions (fallback): HUD windows
varc	6169	type=0;official=TOPLEVEL_V2_VISIBLE_WINDOW_79_HEIGHT	Panel positions (fallback): HUD windows
varc	6175	type=0;official=TOPLEVEL_V2_VISIBLE_WINDOW_79_LIGHTWEIGHT	Panel positions (fallback): HUD windows
varc	6180	type=0;official=TOPLEVEL_V2_VISIBLE_WINDOW_80_X	Panel positions (fallback): HUD windows
varc	6181	type=0;official=TOPLEVEL_V2_VISIBLE_WINDOW_80_Y	Panel positions (fallback): HUD windows
varc	6176	type=0;official=TOPLEVEL_V2_VISIBLE_WINDOW_80_WIDTH	Panel positions (fallback): HUD windows
varc	6177	type=0;official=TOPLEVEL_V2_VISIBLE_WINDOW_80_HEIGHT	Panel positions (fallback): HUD windows
varc	6183	type=0;official=TOPLEVEL_V2_VISIBLE_WINDOW_80_LIGHTWEIGHT	Panel positions (fallback): HUD windows
varc	6283	type=0;official=TOPLEVEL_V2_VISIBLE_WINDOW_81_X	Panel positions (fallback): HUD windows
varc	6284	type=0;official=TOPLEVEL_V2_VISIBLE_WINDOW_81_Y	Panel positions (fallback): HUD windows
varc	6279	type=0;official=TOPLEVEL_V2_VISIBLE_WINDOW_81_WIDTH	Panel positions (fallback): HUD windows
varc	6280	type=0;official=TOPLEVEL_V2_VISIBLE_WINDOW_81_HEIGHT	Panel positions (fallback): HUD windows
varc	6286	type=0;official=TOPLEVEL_V2_VISIBLE_WINDOW_81_LIGHTWEIGHT	Panel positions (fallback): HUD windows
varc	7172	type=0;official=TOPLEVEL_V2_VISIBLE_WINDOW_90_X	Panel positions (fallback): HUD windows
varc	7173	type=0;official=TOPLEVEL_V2_VISIBLE_WINDOW_90_Y	Panel positions (fallback): HUD windows
varc	7168	type=0;official=TOPLEVEL_V2_VISIBLE_WINDOW_90_WIDTH	Panel positions (fallback): HUD windows
varc	7169	type=0;official=TOPLEVEL_V2_VISIBLE_WINDOW_90_HEIGHT	Panel positions (fallback): HUD windows
varc	7175	type=0;official=TOPLEVEL_V2_VISIBLE_WINDOW_90_LIGHTWEIGHT	Panel positions (fallback): HUD windows
varc	7180	type=0;official=TOPLEVEL_V2_VISIBLE_WINDOW_91_X	Panel positions (fallback): HUD windows
varc	7181	type=0;official=TOPLEVEL_V2_VISIBLE_WINDOW_91_Y	Panel positions (fallback): HUD windows
varc	7176	type=0;official=TOPLEVEL_V2_VISIBLE_WINDOW_91_WIDTH	Panel positions (fallback): HUD windows
varc	7177	type=0;official=TOPLEVEL_V2_VISIBLE_WINDOW_91_HEIGHT	Panel positions (fallback): HUD windows
varc	7183	type=0;official=TOPLEVEL_V2_VISIBLE_WINDOW_91_LIGHTWEIGHT	Panel positions (fallback): HUD windows
varc	7188	type=0;official=TOPLEVEL_V2_VISIBLE_WINDOW_92_X	Panel positions (fallback): HUD windows
varc	7189	type=0;official=TOPLEVEL_V2_VISIBLE_WINDOW_92_Y	Panel positions (fallback): HUD windows
varc	7184	type=0;official=TOPLEVEL_V2_VISIBLE_WINDOW_92_WIDTH	Panel positions (fallback): HUD windows
varc	7185	type=0;official=TOPLEVEL_V2_VISIBLE_WINDOW_92_HEIGHT	Panel positions (fallback): HUD windows
varc	7191	type=0;official=TOPLEVEL_V2_VISIBLE_WINDOW_92_LIGHTWEIGHT	Panel positions (fallback): HUD windows
varc	8190	type=0;official=TOPLEVEL_V2_VISIBLE_WINDOW_95_X	Panel positions (fallback): HUD windows
varc	8191	type=0;official=TOPLEVEL_V2_VISIBLE_WINDOW_95_Y	Panel positions (fallback): HUD windows
varc	8186	type=0;official=TOPLEVEL_V2_VISIBLE_WINDOW_95_WIDTH	Panel positions (fallback): HUD windows
varc	8187	type=0;official=TOPLEVEL_V2_VISIBLE_WINDOW_95_HEIGHT	Panel positions (fallback): HUD windows
varc	8193	type=0;official=TOPLEVEL_V2_VISIBLE_WINDOW_95_LIGHTWEIGHT	Panel positions (fallback): HUD windows
varc	8198	type=0;official=TOPLEVEL_V2_VISIBLE_WINDOW_96_X	Panel positions (fallback): HUD windows
varc	8199	type=0;official=TOPLEVEL_V2_VISIBLE_WINDOW_96_Y	Panel positions (fallback): HUD windows
varc	8194	type=0;official=TOPLEVEL_V2_VISIBLE_WINDOW_96_WIDTH	Panel positions (fallback): HUD windows
varc	8195	type=0;official=TOPLEVEL_V2_VISIBLE_WINDOW_96_HEIGHT	Panel positions (fallback): HUD windows
varc	8201	type=0;official=TOPLEVEL_V2_VISIBLE_WINDOW_96_LIGHTWEIGHT	Panel positions (fallback): HUD windows
varc	5497	type=0;official=TOPLEVEL_V2_VISIBLE_WINDOW_1_LIGHTWEIGHT	Panel positions (fallback): HUD windows
varc	5646	type=0;official=TOPLEVEL_V2_VISIBLE_WINDOW_42_X	Panel positions (fallback): HUD windows
varc	5647	type=0;official=TOPLEVEL_V2_VISIBLE_WINDOW_42_Y	Panel positions (fallback): HUD windows
varc	5642	type=0;official=TOPLEVEL_V2_VISIBLE_WINDOW_42_WIDTH	Panel positions (fallback): HUD windows
varc	5643	type=0;official=TOPLEVEL_V2_VISIBLE_WINDOW_42_HEIGHT	Panel positions (fallback): HUD windows
varc	5538	type=0;official=TOPLEVEL_V2_VISIBLE_WINDOW_42_LIGHTWEIGHT	Panel positions (fallback): HUD windows
varc	3012	type=0;official=TOPLEVEL_V2_VISIBLE_WINDOW_2_X	Panel positions (fallback): HUD windows
varc	3013	type=0;official=TOPLEVEL_V2_VISIBLE_WINDOW_2_Y	Panel positions (fallback): HUD windows
varc	3008	type=0;official=TOPLEVEL_V2_VISIBLE_WINDOW_2_WIDTH	Panel positions (fallback): HUD windows
varc	3009	type=0;official=TOPLEVEL_V2_VISIBLE_WINDOW_2_HEIGHT	Panel positions (fallback): HUD windows
varc	5498	type=0;official=TOPLEVEL_V2_VISIBLE_WINDOW_2_LIGHTWEIGHT	Panel positions (fallback): HUD windows
varc	3026	type=0;official=TOPLEVEL_V2_VISIBLE_WINDOW_4_X	Panel positions (fallback): HUD windows
varc	3027	type=0;official=TOPLEVEL_V2_VISIBLE_WINDOW_4_Y	Panel positions (fallback): HUD windows
varc	3022	type=0;official=TOPLEVEL_V2_VISIBLE_WINDOW_4_WIDTH	Panel positions (fallback): HUD windows
varc	3023	type=0;official=TOPLEVEL_V2_VISIBLE_WINDOW_4_HEIGHT	Panel positions (fallback): HUD windows
varc	5500	type=0;official=TOPLEVEL_V2_VISIBLE_WINDOW_4_LIGHTWEIGHT	Panel positions (fallback): HUD windows
varc	3019	type=0;official=TOPLEVEL_V2_VISIBLE_WINDOW_3_X	Panel positions (fallback): HUD windows
varc	3020	type=0;official=TOPLEVEL_V2_VISIBLE_WINDOW_3_Y	Panel positions (fallback): HUD windows
varc	3015	type=0;official=TOPLEVEL_V2_VISIBLE_WINDOW_3_WIDTH	Panel positions (fallback): HUD windows
varc	3016	type=0;official=TOPLEVEL_V2_VISIBLE_WINDOW_3_HEIGHT	Panel positions (fallback): HUD windows
varc	5499	type=0;official=TOPLEVEL_V2_VISIBLE_WINDOW_3_LIGHTWEIGHT	Panel positions (fallback): HUD windows
varc	3043	type=0;official=TOPLEVEL_V2_VISIBLE_WINDOW_7_WIDTH	Panel positions (fallback): HUD windows
varc	3044	type=0;official=TOPLEVEL_V2_VISIBLE_WINDOW_7_HEIGHT	Panel positions (fallback): HUD windows
varc	5503	type=0;official=TOPLEVEL_V2_VISIBLE_WINDOW_7_LIGHTWEIGHT	Panel positions (fallback): HUD windows
varc	3078	type=0;official=TOPLEVEL_V2_VISIBLE_WINDOW_12_WIDTH	Panel positions (fallback): HUD windows
varc	3079	type=0;official=TOPLEVEL_V2_VISIBLE_WINDOW_12_HEIGHT	Panel positions (fallback): HUD windows
varc	5508	type=0;official=TOPLEVEL_V2_VISIBLE_WINDOW_12_LIGHTWEIGHT	Panel positions (fallback): HUD windows
varc	3085	type=0;official=TOPLEVEL_V2_VISIBLE_WINDOW_13_WIDTH	Panel positions (fallback): HUD windows
varc	3086	type=0;official=TOPLEVEL_V2_VISIBLE_WINDOW_13_HEIGHT	Panel positions (fallback): HUD windows
varc	5509	type=0;official=TOPLEVEL_V2_VISIBLE_WINDOW_13_LIGHTWEIGHT	Panel positions (fallback): HUD windows
varc	3152	type=0;official=TOPLEVEL_V2_VISIBLE_WINDOW_22_X	Panel positions (fallback): HUD windows
varc	3153	type=0;official=TOPLEVEL_V2_VISIBLE_WINDOW_22_Y	Panel positions (fallback): HUD windows
varc	3148	type=0;official=TOPLEVEL_V2_VISIBLE_WINDOW_22_WIDTH	Panel positions (fallback): HUD windows
varc	3149	type=0;official=TOPLEVEL_V2_VISIBLE_WINDOW_22_HEIGHT	Panel positions (fallback): HUD windows
varc	5518	type=0;official=TOPLEVEL_V2_VISIBLE_WINDOW_22_LIGHTWEIGHT	Panel positions (fallback): HUD windows
varc	5569	type=0;official=TOPLEVEL_V2_VISIBLE_WINDOW_31_X	Panel positions (fallback): HUD windows
varc	5570	type=0;official=TOPLEVEL_V2_VISIBLE_WINDOW_31_Y	Panel positions (fallback): HUD windows
varc	5565	type=0;official=TOPLEVEL_V2_VISIBLE_WINDOW_31_WIDTH	Panel positions (fallback): HUD windows
varc	5566	type=0;official=TOPLEVEL_V2_VISIBLE_WINDOW_31_HEIGHT	Panel positions (fallback): HUD windows
varc	5527	type=0;official=TOPLEVEL_V2_VISIBLE_WINDOW_31_LIGHTWEIGHT	Panel positions (fallback): HUD windows
varc	5576	type=0;official=TOPLEVEL_V2_VISIBLE_WINDOW_32_X	Panel positions (fallback): HUD windows
varc	5577	type=0;official=TOPLEVEL_V2_VISIBLE_WINDOW_32_Y	Panel positions (fallback): HUD windows
varc	5572	type=0;official=TOPLEVEL_V2_VISIBLE_WINDOW_32_WIDTH	Panel positions (fallback): HUD windows
varc	5573	type=0;official=TOPLEVEL_V2_VISIBLE_WINDOW_32_HEIGHT	Panel positions (fallback): HUD windows
varc	5528	type=0;official=TOPLEVEL_V2_VISIBLE_WINDOW_32_LIGHTWEIGHT	Panel positions (fallback): HUD windows
varc	5590	type=0;official=TOPLEVEL_V2_VISIBLE_WINDOW_34_X	Panel positions (fallback): HUD windows
varc	5591	type=0;official=TOPLEVEL_V2_VISIBLE_WINDOW_34_Y	Panel positions (fallback): HUD windows
varc	5586	type=0;official=TOPLEVEL_V2_VISIBLE_WINDOW_34_WIDTH	Panel positions (fallback): HUD windows
varc	5587	type=0;official=TOPLEVEL_V2_VISIBLE_WINDOW_34_HEIGHT	Panel positions (fallback): HUD windows
varc	5530	type=0;official=TOPLEVEL_V2_VISIBLE_WINDOW_34_LIGHTWEIGHT	Panel positions (fallback): HUD windows
varc	5597	type=0;official=TOPLEVEL_V2_VISIBLE_WINDOW_35_X	Panel positions (fallback): HUD windows
varc	5598	type=0;official=TOPLEVEL_V2_VISIBLE_WINDOW_35_Y	Panel positions (fallback): HUD windows
varc	5593	type=0;official=TOPLEVEL_V2_VISIBLE_WINDOW_35_WIDTH	Panel positions (fallback): HUD windows
varc	5594	type=0;official=TOPLEVEL_V2_VISIBLE_WINDOW_35_HEIGHT	Panel positions (fallback): HUD windows
varc	5531	type=0;official=TOPLEVEL_V2_VISIBLE_WINDOW_35_LIGHTWEIGHT	Panel positions (fallback): HUD windows
varc	5604	type=0;official=TOPLEVEL_V2_VISIBLE_WINDOW_36_X	Panel positions (fallback): HUD windows
varc	5605	type=0;official=TOPLEVEL_V2_VISIBLE_WINDOW_36_Y	Panel positions (fallback): HUD windows
varc	5600	type=0;official=TOPLEVEL_V2_VISIBLE_WINDOW_36_WIDTH	Panel positions (fallback): HUD windows
varc	5601	type=0;official=TOPLEVEL_V2_VISIBLE_WINDOW_36_HEIGHT	Panel positions (fallback): HUD windows
varc	5532	type=0;official=TOPLEVEL_V2_VISIBLE_WINDOW_36_LIGHTWEIGHT	Panel positions (fallback): HUD windows
varc	5618	type=0;official=TOPLEVEL_V2_VISIBLE_WINDOW_38_X	Panel positions (fallback): HUD windows
varc	5619	type=0;official=TOPLEVEL_V2_VISIBLE_WINDOW_38_Y	Panel positions (fallback): HUD windows
varc	5614	type=0;official=TOPLEVEL_V2_VISIBLE_WINDOW_38_WIDTH	Panel positions (fallback): HUD windows
varc	5615	type=0;official=TOPLEVEL_V2_VISIBLE_WINDOW_38_HEIGHT	Panel positions (fallback): HUD windows
varc	5534	type=0;official=TOPLEVEL_V2_VISIBLE_WINDOW_38_LIGHTWEIGHT	Panel positions (fallback): HUD windows
varc	5625	type=0;official=TOPLEVEL_V2_VISIBLE_WINDOW_39_X	Panel positions (fallback): HUD windows
varc	5626	type=0;official=TOPLEVEL_V2_VISIBLE_WINDOW_39_Y	Panel positions (fallback): HUD windows
varc	5621	type=0;official=TOPLEVEL_V2_VISIBLE_WINDOW_39_WIDTH	Panel positions (fallback): HUD windows
varc	5622	type=0;official=TOPLEVEL_V2_VISIBLE_WINDOW_39_HEIGHT	Panel positions (fallback): HUD windows
varc	5535	type=0;official=TOPLEVEL_V2_VISIBLE_WINDOW_39_LIGHTWEIGHT	Panel positions (fallback): HUD windows
varc	5628	type=0;official=TOPLEVEL_V2_VISIBLE_WINDOW_40_WIDTH	Panel positions (fallback): HUD windows
varc	5629	type=0;official=TOPLEVEL_V2_VISIBLE_WINDOW_40_HEIGHT	Panel positions (fallback): HUD windows
varc	5536	type=0;official=TOPLEVEL_V2_VISIBLE_WINDOW_40_LIGHTWEIGHT	Panel positions (fallback): HUD windows
varc	5639	type=0;official=TOPLEVEL_V2_VISIBLE_WINDOW_41_X	Panel positions (fallback): HUD windows
varc	5640	type=0;official=TOPLEVEL_V2_VISIBLE_WINDOW_41_Y	Panel positions (fallback): HUD windows
varc	5635	type=0;official=TOPLEVEL_V2_VISIBLE_WINDOW_41_WIDTH	Panel positions (fallback): HUD windows
varc	5636	type=0;official=TOPLEVEL_V2_VISIBLE_WINDOW_41_HEIGHT	Panel positions (fallback): HUD windows
varc	5537	type=0;official=TOPLEVEL_V2_VISIBLE_WINDOW_41_LIGHTWEIGHT	Panel positions (fallback): HUD windows
varc	3110	type=0;official=TOPLEVEL_V2_VISIBLE_WINDOW_16_X	Panel positions (fallback): HUD windows
varc	3111	type=0;official=TOPLEVEL_V2_VISIBLE_WINDOW_16_Y	Panel positions (fallback): HUD windows
varc	3106	type=0;official=TOPLEVEL_V2_VISIBLE_WINDOW_16_WIDTH	Panel positions (fallback): HUD windows
varc	3107	type=0;official=TOPLEVEL_V2_VISIBLE_WINDOW_16_HEIGHT	Panel positions (fallback): HUD windows
varc	5512	type=0;official=TOPLEVEL_V2_VISIBLE_WINDOW_16_LIGHTWEIGHT	Panel positions (fallback): HUD windows
varc	5674	type=0;official=TOPLEVEL_V2_VISIBLE_WINDOW_46_X	Panel positions (fallback): HUD windows
varc	5675	type=0;official=TOPLEVEL_V2_VISIBLE_WINDOW_46_Y	Panel positions (fallback): HUD windows
varc	5670	type=0;official=TOPLEVEL_V2_VISIBLE_WINDOW_46_WIDTH	Panel positions (fallback): HUD windows
varc	5671	type=0;official=TOPLEVEL_V2_VISIBLE_WINDOW_46_HEIGHT	Panel positions (fallback): HUD windows
varc	5542	type=0;official=TOPLEVEL_V2_VISIBLE_WINDOW_46_LIGHTWEIGHT	Panel positions (fallback): HUD windows
varc	5702	type=0;official=TOPLEVEL_V2_VISIBLE_WINDOW_50_X	Panel positions (fallback): HUD windows
varc	5703	type=0;official=TOPLEVEL_V2_VISIBLE_WINDOW_50_Y	Panel positions (fallback): HUD windows
varc	5698	type=0;official=TOPLEVEL_V2_VISIBLE_WINDOW_50_WIDTH	Panel positions (fallback): HUD windows
varc	5699	type=0;official=TOPLEVEL_V2_VISIBLE_WINDOW_50_HEIGHT	Panel positions (fallback): HUD windows
varc	5546	type=0;official=TOPLEVEL_V2_VISIBLE_WINDOW_50_LIGHTWEIGHT	Panel positions (fallback): HUD windows
varc	5716	type=0;official=TOPLEVEL_V2_VISIBLE_WINDOW_52_X	Panel positions (fallback): HUD windows
varc	5717	type=0;official=TOPLEVEL_V2_VISIBLE_WINDOW_52_Y	Panel positions (fallback): HUD windows
varc	5712	type=0;official=TOPLEVEL_V2_VISIBLE_WINDOW_52_WIDTH	Panel positions (fallback): HUD windows
varc	5713	type=0;official=TOPLEVEL_V2_VISIBLE_WINDOW_52_HEIGHT	Panel positions (fallback): HUD windows
varc	5548	type=0;official=TOPLEVEL_V2_VISIBLE_WINDOW_52_LIGHTWEIGHT	Panel positions (fallback): HUD windows
varc	5723	type=0;official=TOPLEVEL_V2_VISIBLE_WINDOW_53_X	Panel positions (fallback): HUD windows
varc	5724	type=0;official=TOPLEVEL_V2_VISIBLE_WINDOW_53_Y	Panel positions (fallback): HUD windows
varc	5719	type=0;official=TOPLEVEL_V2_VISIBLE_WINDOW_53_WIDTH	Panel positions (fallback): HUD windows
varc	5720	type=0;official=TOPLEVEL_V2_VISIBLE_WINDOW_53_HEIGHT	Panel positions (fallback): HUD windows
varc	5549	type=0;official=TOPLEVEL_V2_VISIBLE_WINDOW_53_LIGHTWEIGHT	Panel positions (fallback): HUD windows
varc	5730	type=0;official=TOPLEVEL_V2_VISIBLE_WINDOW_54_X	Panel positions (fallback): HUD windows
varc	5731	type=0;official=TOPLEVEL_V2_VISIBLE_WINDOW_54_Y	Panel positions (fallback): HUD windows
varc	5726	type=0;official=TOPLEVEL_V2_VISIBLE_WINDOW_54_WIDTH	Panel positions (fallback): HUD windows
varc	5727	type=0;official=TOPLEVEL_V2_VISIBLE_WINDOW_54_HEIGHT	Panel positions (fallback): HUD windows
varc	5550	type=0;official=TOPLEVEL_V2_VISIBLE_WINDOW_54_LIGHTWEIGHT	Panel positions (fallback): HUD windows
varc	5744	type=0;official=TOPLEVEL_V2_VISIBLE_WINDOW_56_X	Panel positions (fallback): HUD windows
varc	5745	type=0;official=TOPLEVEL_V2_VISIBLE_WINDOW_56_Y	Panel positions (fallback): HUD windows
varc	5740	type=0;official=TOPLEVEL_V2_VISIBLE_WINDOW_56_WIDTH	Panel positions (fallback): HUD windows
varc	5741	type=0;official=TOPLEVEL_V2_VISIBLE_WINDOW_56_HEIGHT	Panel positions (fallback): HUD windows
varc	5552	type=0;official=TOPLEVEL_V2_VISIBLE_WINDOW_56_LIGHTWEIGHT	Panel positions (fallback): HUD windows
varc	5751	type=0;official=TOPLEVEL_V2_VISIBLE_WINDOW_57_X	Panel positions (fallback): HUD windows
varc	5752	type=0;official=TOPLEVEL_V2_VISIBLE_WINDOW_57_Y	Panel positions (fallback): HUD windows
varc	5747	type=0;official=TOPLEVEL_V2_VISIBLE_WINDOW_57_WIDTH	Panel positions (fallback): HUD windows
varc	5748	type=0;official=TOPLEVEL_V2_VISIBLE_WINDOW_57_HEIGHT	Panel positions (fallback): HUD windows
varc	5553	type=0;official=TOPLEVEL_V2_VISIBLE_WINDOW_57_LIGHTWEIGHT	Panel positions (fallback): HUD windows
varc	5758	type=0;official=TOPLEVEL_V2_VISIBLE_WINDOW_58_X	Panel positions (fallback): HUD windows
varc	5759	type=0;official=TOPLEVEL_V2_VISIBLE_WINDOW_58_Y	Panel positions (fallback): HUD windows
varc	5754	type=0;official=TOPLEVEL_V2_VISIBLE_WINDOW_58_WIDTH	Panel positions (fallback): HUD windows
varc	5755	type=0;official=TOPLEVEL_V2_VISIBLE_WINDOW_58_HEIGHT	Panel positions (fallback): HUD windows
varc	5554	type=0;official=TOPLEVEL_V2_VISIBLE_WINDOW_58_LIGHTWEIGHT	Panel positions (fallback): HUD windows
varc	5765	type=0;official=TOPLEVEL_V2_VISIBLE_WINDOW_59_X	Panel positions (fallback): HUD windows
varc	5766	type=0;official=TOPLEVEL_V2_VISIBLE_WINDOW_59_Y	Panel positions (fallback): HUD windows
varc	5761	type=0;official=TOPLEVEL_V2_VISIBLE_WINDOW_59_WIDTH	Panel positions (fallback): HUD windows
varc	5762	type=0;official=TOPLEVEL_V2_VISIBLE_WINDOW_59_HEIGHT	Panel positions (fallback): HUD windows
varc	5555	type=0;official=TOPLEVEL_V2_VISIBLE_WINDOW_59_LIGHTWEIGHT	Panel positions (fallback): HUD windows
varc	5772	type=0;official=TOPLEVEL_V2_VISIBLE_WINDOW_60_X	Panel positions (fallback): HUD windows
varc	5773	type=0;official=TOPLEVEL_V2_VISIBLE_WINDOW_60_Y	Panel positions (fallback): HUD windows
varc	5768	type=0;official=TOPLEVEL_V2_VISIBLE_WINDOW_60_WIDTH	Panel positions (fallback): HUD windows
varc	5769	type=0;official=TOPLEVEL_V2_VISIBLE_WINDOW_60_HEIGHT	Panel positions (fallback): HUD windows
varc	5556	type=0;official=TOPLEVEL_V2_VISIBLE_WINDOW_60_LIGHTWEIGHT	Panel positions (fallback): HUD windows
varc	5779	type=0;official=TOPLEVEL_V2_VISIBLE_WINDOW_61_X	Panel positions (fallback): HUD windows
varc	5780	type=0;official=TOPLEVEL_V2_VISIBLE_WINDOW_61_Y	Panel positions (fallback): HUD windows
varc	5775	type=0;official=TOPLEVEL_V2_VISIBLE_WINDOW_61_WIDTH	Panel positions (fallback): HUD windows
varc	5776	type=0;official=TOPLEVEL_V2_VISIBLE_WINDOW_61_HEIGHT	Panel positions (fallback): HUD windows
varc	5557	type=0;official=TOPLEVEL_V2_VISIBLE_WINDOW_61_LIGHTWEIGHT	Panel positions (fallback): HUD windows
varc	5786	type=0;official=TOPLEVEL_V2_VISIBLE_WINDOW_62_X	Panel positions (fallback): HUD windows
varc	5787	type=0;official=TOPLEVEL_V2_VISIBLE_WINDOW_62_Y	Panel positions (fallback): HUD windows
varc	5782	type=0;official=TOPLEVEL_V2_VISIBLE_WINDOW_62_WIDTH	Panel positions (fallback): HUD windows
varc	5783	type=0;official=TOPLEVEL_V2_VISIBLE_WINDOW_62_HEIGHT	Panel positions (fallback): HUD windows
varc	5558	type=0;official=TOPLEVEL_V2_VISIBLE_WINDOW_62_LIGHTWEIGHT	Panel positions (fallback): HUD windows
varc	5793	type=0;official=TOPLEVEL_V2_VISIBLE_WINDOW_63_X	Panel positions (fallback): HUD windows
varc	5794	type=0;official=TOPLEVEL_V2_VISIBLE_WINDOW_63_Y	Panel positions (fallback): HUD windows
varc	5789	type=0;official=TOPLEVEL_V2_VISIBLE_WINDOW_63_WIDTH	Panel positions (fallback): HUD windows
varc	5790	type=0;official=TOPLEVEL_V2_VISIBLE_WINDOW_63_HEIGHT	Panel positions (fallback): HUD windows
varc	5559	type=0;official=TOPLEVEL_V2_VISIBLE_WINDOW_63_LIGHTWEIGHT	Panel positions (fallback): HUD windows
varc	5800	type=0;official=TOPLEVEL_V2_VISIBLE_WINDOW_64_X	Panel positions (fallback): HUD windows
varc	5801	type=0;official=TOPLEVEL_V2_VISIBLE_WINDOW_64_Y	Panel positions (fallback): HUD windows
varc	5796	type=0;official=TOPLEVEL_V2_VISIBLE_WINDOW_64_WIDTH	Panel positions (fallback): HUD windows
varc	5797	type=0;official=TOPLEVEL_V2_VISIBLE_WINDOW_64_HEIGHT	Panel positions (fallback): HUD windows
varc	5560	type=0;official=TOPLEVEL_V2_VISIBLE_WINDOW_64_LIGHTWEIGHT	Panel positions (fallback): HUD windows
varc	5814	type=0;official=TOPLEVEL_V2_VISIBLE_WINDOW_66_X	Panel positions (fallback): HUD windows
varc	5815	type=0;official=TOPLEVEL_V2_VISIBLE_WINDOW_66_Y	Panel positions (fallback): HUD windows
varc	5810	type=0;official=TOPLEVEL_V2_VISIBLE_WINDOW_66_WIDTH	Panel positions (fallback): HUD windows
varc	5811	type=0;official=TOPLEVEL_V2_VISIBLE_WINDOW_66_HEIGHT	Panel positions (fallback): HUD windows
varc	5562	type=0;official=TOPLEVEL_V2_VISIBLE_WINDOW_66_LIGHTWEIGHT	Panel positions (fallback): HUD windows
varc	5828	type=0;official=TOPLEVEL_V2_VISIBLE_WINDOW_68_X	Panel positions (fallback): HUD windows
varc	5829	type=0;official=TOPLEVEL_V2_VISIBLE_WINDOW_68_Y	Panel positions (fallback): HUD windows
varc	5824	type=0;official=TOPLEVEL_V2_VISIBLE_WINDOW_68_WIDTH	Panel positions (fallback): HUD windows
varc	5825	type=0;official=TOPLEVEL_V2_VISIBLE_WINDOW_68_HEIGHT	Panel positions (fallback): HUD windows
varc	5564	type=0;official=TOPLEVEL_V2_VISIBLE_WINDOW_68_LIGHTWEIGHT	Panel positions (fallback): HUD windows
varc	5953	type=0;official=TOPLEVEL_V2_VISIBLE_WINDOW_70_X	Panel positions (fallback): HUD windows
varc	5954	type=0;official=TOPLEVEL_V2_VISIBLE_WINDOW_70_Y	Panel positions (fallback): HUD windows
varc	5949	type=0;official=TOPLEVEL_V2_VISIBLE_WINDOW_70_WIDTH	Panel positions (fallback): HUD windows
varc	5950	type=0;official=TOPLEVEL_V2_VISIBLE_WINDOW_70_HEIGHT	Panel positions (fallback): HUD windows
varc	5956	type=0;official=TOPLEVEL_V2_VISIBLE_WINDOW_70_LIGHTWEIGHT	Panel positions (fallback): HUD windows
varc	6052	type=0;official=TOPLEVEL_V2_VISIBLE_WINDOW_72_X	Panel positions (fallback): HUD windows
varc	6053	type=0;official=TOPLEVEL_V2_VISIBLE_WINDOW_72_Y	Panel positions (fallback): HUD windows
varc	6048	type=0;official=TOPLEVEL_V2_VISIBLE_WINDOW_72_WIDTH	Panel positions (fallback): HUD windows
varc	6049	type=0;official=TOPLEVEL_V2_VISIBLE_WINDOW_72_HEIGHT	Panel positions (fallback): HUD windows
varc	6055	type=0;official=TOPLEVEL_V2_VISIBLE_WINDOW_72_LIGHTWEIGHT	Panel positions (fallback): HUD windows
varc	6306	type=0;official=TOPLEVEL_V2_VISIBLE_WINDOW_82_WIDTH	Panel positions (fallback): HUD windows
varc	6307	type=0;official=TOPLEVEL_V2_VISIBLE_WINDOW_82_HEIGHT	Panel positions (fallback): HUD windows
varc	6313	type=0;official=TOPLEVEL_V2_VISIBLE_WINDOW_82_LIGHTWEIGHT	Panel positions (fallback): HUD windows
varc	6329	type=0;official=TOPLEVEL_V2_VISIBLE_WINDOW_83_X	Panel positions (fallback): HUD windows
varc	6330	type=0;official=TOPLEVEL_V2_VISIBLE_WINDOW_83_Y	Panel positions (fallback): HUD windows
varc	6325	type=0;official=TOPLEVEL_V2_VISIBLE_WINDOW_83_WIDTH	Panel positions (fallback): HUD windows
varc	6326	type=0;official=TOPLEVEL_V2_VISIBLE_WINDOW_83_HEIGHT	Panel positions (fallback): HUD windows
varc	6332	type=0;official=TOPLEVEL_V2_VISIBLE_WINDOW_83_LIGHTWEIGHT	Panel positions (fallback): HUD windows
varc	6419	type=0;official=TOPLEVEL_V2_VISIBLE_WINDOW_84_WIDTH	Panel positions (fallback): HUD windows
varc	6420	type=0;official=TOPLEVEL_V2_VISIBLE_WINDOW_84_HEIGHT	Panel positions (fallback): HUD windows
varc	6426	type=0;official=TOPLEVEL_V2_VISIBLE_WINDOW_84_LIGHTWEIGHT	Panel positions (fallback): HUD windows
varc	6459	type=0;official=TOPLEVEL_V2_VISIBLE_WINDOW_86_WIDTH	Panel positions (fallback): HUD windows
varc	6460	type=0;official=TOPLEVEL_V2_VISIBLE_WINDOW_86_HEIGHT	Panel positions (fallback): HUD windows
varc	6466	type=0;official=TOPLEVEL_V2_VISIBLE_WINDOW_86_LIGHTWEIGHT	Panel positions (fallback): HUD windows
varc	6627	type=0;official=TOPLEVEL_V2_VISIBLE_WINDOW_87_X	Panel positions (fallback): HUD windows
varc	6628	type=0;official=TOPLEVEL_V2_VISIBLE_WINDOW_87_Y	Panel positions (fallback): HUD windows
varc	6623	type=0;official=TOPLEVEL_V2_VISIBLE_WINDOW_87_WIDTH	Panel positions (fallback): HUD windows
varc	6624	type=0;official=TOPLEVEL_V2_VISIBLE_WINDOW_87_HEIGHT	Panel positions (fallback): HUD windows
varc	6630	type=0;official=TOPLEVEL_V2_VISIBLE_WINDOW_87_LIGHTWEIGHT	Panel positions (fallback): HUD windows
varc	6939	type=0;official=TOPLEVEL_V2_VISIBLE_WINDOW_88_X	Panel positions (fallback): HUD windows
varc	6940	type=0;official=TOPLEVEL_V2_VISIBLE_WINDOW_88_Y	Panel positions (fallback): HUD windows
varc	6935	type=0;official=TOPLEVEL_V2_VISIBLE_WINDOW_88_WIDTH	Panel positions (fallback): HUD windows
varc	6936	type=0;official=TOPLEVEL_V2_VISIBLE_WINDOW_88_HEIGHT	Panel positions (fallback): HUD windows
varc	6942	type=0;official=TOPLEVEL_V2_VISIBLE_WINDOW_88_LIGHTWEIGHT	Panel positions (fallback): HUD windows
varc	7018	type=0;official=TOPLEVEL_V2_VISIBLE_WINDOW_89_X	Panel positions (fallback): HUD windows
varc	7019	type=0;official=TOPLEVEL_V2_VISIBLE_WINDOW_89_Y	Panel positions (fallback): HUD windows
varc	7014	type=0;official=TOPLEVEL_V2_VISIBLE_WINDOW_89_WIDTH	Panel positions (fallback): HUD windows
varc	7015	type=0;official=TOPLEVEL_V2_VISIBLE_WINDOW_89_HEIGHT	Panel positions (fallback): HUD windows
varc	7021	type=0;official=TOPLEVEL_V2_VISIBLE_WINDOW_89_LIGHTWEIGHT	Panel positions (fallback): HUD windows
varc	7369	type=0;official=TOPLEVEL_V2_VISIBLE_WINDOW_93_X	Panel positions (fallback): HUD windows
varc	7370	type=0;official=TOPLEVEL_V2_VISIBLE_WINDOW_93_Y	Panel positions (fallback): HUD windows
varc	7365	type=0;official=TOPLEVEL_V2_VISIBLE_WINDOW_93_WIDTH	Panel positions (fallback): HUD windows
varc	7366	type=0;official=TOPLEVEL_V2_VISIBLE_WINDOW_93_HEIGHT	Panel positions (fallback): HUD windows
varc	7372	type=0;official=TOPLEVEL_V2_VISIBLE_WINDOW_93_LIGHTWEIGHT	Panel positions (fallback): HUD windows
varc	7390	type=0;official=TOPLEVEL_V2_VISIBLE_WINDOW_94_X	Panel positions (fallback): HUD windows
varc	7391	type=0;official=TOPLEVEL_V2_VISIBLE_WINDOW_94_Y	Panel positions (fallback): HUD windows
varc	7386	type=0;official=TOPLEVEL_V2_VISIBLE_WINDOW_94_WIDTH	Panel positions (fallback): HUD windows
varc	7387	type=0;official=TOPLEVEL_V2_VISIBLE_WINDOW_94_HEIGHT	Panel positions (fallback): HUD windows
varc	7393	type=0;official=TOPLEVEL_V2_VISIBLE_WINDOW_94_LIGHTWEIGHT	Panel positions (fallback): HUD windows
varc	5667	type=0;official=TOPLEVEL_V2_VISIBLE_WINDOW_45_X	Panel positions (fallback): HUD windows
varc	5668	type=0;official=TOPLEVEL_V2_VISIBLE_WINDOW_45_Y	Panel positions (fallback): HUD windows
varc	5663	type=0;official=TOPLEVEL_V2_VISIBLE_WINDOW_45_WIDTH	Panel positions (fallback): HUD windows
varc	5664	type=0;official=TOPLEVEL_V2_VISIBLE_WINDOW_45_HEIGHT	Panel positions (fallback): HUD windows
varc	5541	type=0;official=TOPLEVEL_V2_VISIBLE_WINDOW_45_LIGHTWEIGHT	Panel positions (fallback): HUD windows
inv	93	size=28;official=INV	Backpack and equipment
inv	94	size=19;official=WORN	Backpack and equipment
param	4677	type=33;official=COMBATV2_ABILITY_OBJECT	Buffs: identity
script	10623	h=6e12afcb;n=41	Events channel: buff events
iface	137	comps=263;official=CHATDEFAULT	Chat log
iface	1670	comps=199;official=TOPLEVEL_V2_COMBAT_BAR2	Ability Bar
iface	1671	comps=199;official=TOPLEVEL_V2_COMBAT_BAR3	Ability Bar
iface	1672	comps=194;official=TOPLEVEL_V2_COMBAT_BAR4	Ability Bar
iface	1673	comps=194;official=TOPLEVEL_V2_COMBAT_BAR5	Ability Bar
iface	996	comps=9;official=TRAIL_COMPASSCLUE_SIDE	Clue compass
script	13824	h=06e4e47e;n=1447	Tooltip text (item prices, levels)
param	3514	type=9;official=TOPLEVEL_V2_WINDOW_EMBEDDED_LAYER	Panel positions: HUD registry
param	3515	type=9;official=TOPLEVEL_V2_WINDOW_EMBEDDED_BACKGROUND_LAYER	Panel positions: HUD registry
param	3516	type=9;official=TOPLEVEL_V2_WINDOW_EMBEDDED_CONTENT_LAYER	Panel positions: HUD registry
param	3517	type=9;official=TOPLEVEL_V2_WINDOW_EMBEDDED_BORDER_LAYER	Panel positions: HUD registry
inv	851	size=6;official=POF_PADDOCK_1	Inventory highlights: POF pens
inv	852	size=6;official=POF_PADDOCK_2	Inventory highlights: POF pens
inv	853	size=4;official=POF_PADDOCK_3	Inventory highlights: POF pens
inv	854	size=4;official=POF_PADDOCK_4	Inventory highlights: POF pens
inv	855	size=3;official=POF_PADDOCK_5	Inventory highlights: POF pens
inv	856	size=3;official=POF_PADDOCK_6	Inventory highlights: POF pens
inv	857	size=4;official=POF_PADDOCK_BREEDING	Inventory highlights: POF pens
enum	14340	kt=0;vt=36;n=30;official=POF_ANIMAL_SLOT_1_TRAITS_TO_NAME	Containers: POF traits
spotanim	7307	exists=1	Specials: labels
spotanim	7164	exists=1	Specials: labels
spotanim	8447	exists=1	Specials: labels
spotanim	6841	exists=1	Specials: clue scan ring
spotanim	6842	exists=1	Specials: clue scan ring
spotanim	6843	exists=1	Specials: clue scan ring
model	140133	exists=1;official=NON_DIGETIC_UI_NPC_NO_TARGET_1X1_MARKER_01	Engine markers
model	49207	exists=1;official=YELLOW_HINT_PATH	Engine markers
model	92026	exists=1;official=RS3_TLI_EDIT_DIRECTIONAL_ARROW	Engine markers
iface	1466:2	type=0;parent=1;kids=0;official=STATS_CHILD__BACKGROUND	Skills panel: XP bars and levels
iface	1466:4	type=0;parent=1;kids=0;official=STATS_CHILD__STAT	Skills panel: XP bars and levels
iface	1466:5	type=0;parent=1;kids=0;official=STATS_CHILD__STAT_BASE	Skills panel: XP bars and levels
iface	1466:11	type=0;parent=9;kids=0;official=STATS_CHILD__SKILLTOTAL	Skills panel: XP bars and levels
varbit	50572	dom=0;var=10287;lo=5;hi=5;official=RS_PREM2021_MEMBER	Account: premier|Account: idle logout timer|Game text (rtx-gametext.js)
varbit	20806	dom=0;var=4818;lo=0;hi=0;official=IRONMAN_ENABLED	Account type: ironman, hardcore, in group, unranked group (varp 4818 bits 0, 1, 19, 25)|Game text (rtx-gametext.js)
varbit	20807	dom=0;var=4818;lo=1;hi=1;official=HARDCORE_ENABLED	Account type: ironman, hardcore, in group, unranked group (varp 4818 bits 0, 1, 19, 25)|Game text (rtx-gametext.js)
varbit	56612	dom=0;var=4818;lo=19;hi=19;official=GROUP_IRONMAN_ENABLED	Account type: ironman, hardcore, in group, unranked group (varp 4818 bits 0, 1, 19, 25)|Game text (rtx-gametext.js)
varbit	56616	dom=0;var=4818;lo=25;hi=25;official=GROUP_IRONMAN_HISCORE_INELIGIBLE	Account type: ironman, hardcore, in group, unranked group (varp 4818 bits 0, 1, 19, 25)
varc	6872	type=0;official=COMBATV2_MTX_XP_BOMB_END_EFFECT_CLIENT	Buffs: timers (BuffVars.h)
varc	8258	type=0;official=COMBATV2_COOLDOWN_POWERBURST_END_EFFECT_CLIENT	Buffs: timers (BuffVars.h)
varc	6034	type=0;official=SWORLDS_MUTATOR_FEELING_PUMPED_COOLDOWN	Buffs: timers (BuffVars.h)
varc	6033	type=0;official=SWORLDS_MUTATOR_CHARGE_COOLDOWN	Buffs: timers (BuffVars.h)
varc	6028	type=0;official=SWORLDS_OBJECTIVE_RELIC_ANIMA_BOOST_COOLDOWN	Buffs: timers (BuffVars.h)
varc	6029	type=0;official=SWORLDS_OBJECTIVE_RELIC_LIFEPOINTS_COOLDOWN	Buffs: timers (BuffVars.h)
varc	6030	type=0;official=SWORLDS_OBJECTIVE_FOUNTAIN_COOLDOWN	Buffs: timers (BuffVars.h)
varc	6071	type=0;official=INVENT_CRYSTAL_SHIELD_COOLDOWN	Buffs: timers (BuffVars.h)
varc	6076	type=0;official=COMBATV2_JAS_BOOST_COOLDOWN	Buffs: timers (BuffVars.h)
varc	8410	type=0;official=COMBATV2_COOLDOWN_RAND_OVERLOAD_END_EFFECT_CLIENT	Buffs: timers (BuffVars.h)
varc	8480	type=0	Buffs: timers (BuffVars.h)
varc	8481	type=0	Buffs: timers (BuffVars.h)
varc	8477	type=0	Buffs: timers (BuffVars.h)
varc	8478	type=0	Buffs: timers (BuffVars.h)
varc	8479	type=0	Buffs: timers (BuffVars.h)
varc	5965	type=0;official=COMBATV2_COOLDOWN_DEFENCE_REVENGE_END_EFFECT_CLIENT	Buffs: timers (BuffVars.h)
varc	6566	type=0;official=COMBATV2_MTX_TRADER_DURATION_END_EFFECT_CLIENT	Buffs: timers (BuffVars.h)
varc	6528	type=0;official=COMBATV2_COOLDOWN_DUNGEON_ULTHVEN_2H_RANGED_SPECIAL_EFFECT_CLIENT	Buffs: timers (BuffVars.h)
varc	6904	type=0;official=COMBATV2_COOLDOWN_MHAW_MAY21_STONE_END_EFFECT_CLIENT	Buffs: timers (BuffVars.h)
varc	6295	type=0;official=COMBATV2_COOLDOWN_PROTEAN_POWERUP_END_EFFECT_CLIENT	Buffs: timers (BuffVars.h)
varc	6543	type=0;official=COMBATV2_INCENSE_BURNER_GUAM_END_CLIENT	Buffs: timers (BuffVars.h)
varc	6544	type=0;official=COMBATV2_INCENSE_BURNER_TARROMIN_END_CLIENT	Buffs: timers (BuffVars.h)
varc	6545	type=0;official=COMBATV2_INCENSE_BURNER_MARRENTILL_END_CLIENT	Buffs: timers (BuffVars.h)
varc	6546	type=0;official=COMBATV2_INCENSE_BURNER_HARRALANDER_END_CLIENT	Buffs: timers (BuffVars.h)
varc	6547	type=0;official=COMBATV2_INCENSE_BURNER_RANARR_END_CLIENT	Buffs: timers (BuffVars.h)
varc	6548	type=0;official=COMBATV2_INCENSE_BURNER_TOADFLAX_END_CLIENT	Buffs: timers (BuffVars.h)
varc	6549	type=0;official=COMBATV2_INCENSE_BURNER_SPIRIT_END_CLIENT	Buffs: timers (BuffVars.h)
varc	6550	type=0;official=COMBATV2_INCENSE_BURNER_IRIT_END_CLIENT	Buffs: timers (BuffVars.h)
varc	6551	type=0;official=COMBATV2_INCENSE_BURNER_WERGALI_END_CLIENT	Buffs: timers (BuffVars.h)
varc	6552	type=0;official=COMBATV2_INCENSE_BURNER_AVANTOE_END_CLIENT	Buffs: timers (BuffVars.h)
varc	6553	type=0;official=COMBATV2_INCENSE_BURNER_KWUARM_END_CLIENT	Buffs: timers (BuffVars.h)
varc	6554	type=0;official=COMBATV2_INCENSE_BURNER_BLOODWEED_END_CLIENT	Buffs: timers (BuffVars.h)
varc	6555	type=0;official=COMBATV2_INCENSE_BURNER_SNAPDRAGON_END_CLIENT	Buffs: timers (BuffVars.h)
varc	6556	type=0;official=COMBATV2_INCENSE_BURNER_CADANTINE_END_CLIENT	Buffs: timers (BuffVars.h)
varc	6557	type=0;official=COMBATV2_INCENSE_BURNER_LANTADYME_END_CLIENT	Buffs: timers (BuffVars.h)
varc	6558	type=0;official=COMBATV2_INCENSE_BURNER_DWARF_END_CLIENT	Buffs: timers (BuffVars.h)
varc	6559	type=0;official=COMBATV2_INCENSE_BURNER_TORSTOL_END_CLIENT	Buffs: timers (BuffVars.h)
varc	6560	type=0;official=COMBATV2_INCENSE_BURNER_FELLSTALK_END_CLIENT	Buffs: timers (BuffVars.h)
varc	6561	type=0;official=COMBATV2_WHITE_FIRELIGHTER_BUFF_END_EFFECT_CLIENT	Buffs: timers (BuffVars.h)
varc	6794	type=0;official=COMBATV2_COOLDOWN_ADRENALINE_POTION_END_EFFECT_CLIENT	Buffs: timers (BuffVars.h)
varc	6795	type=0;official=ADRENALINE_BUFF_END_EFFECT_CLIENT	Buffs: timers (BuffVars.h)
varc	6573	type=0;official=COMBATV2_EVENT16_BOOST_JUICE_DURATION_END_EFFECT_CLIENT	Buffs: timers (BuffVars.h)
varc	6675	type=0;official=COMBATV2_TARGET_SIDE_PANEL_PLAYER_DEBILITATED_COOLDOWN	Buffs: timers (BuffVars.h)
varc	8399	type=0;official=COMBATV2_COOLDOWN_INVENT_PERK_EQUILIBRIUM_END_EFFECT_CLIENT	Buffs: timers (BuffVars.h)
varc	3746	type=0;official=COMBATV2_COOLDOWN_CHANNELLING_END_EFFECT_CLIENT	Buffs: timers (BuffVars.h)
varc	6646	type=0;official=COMBATV2_ABILITY_RANGED_FRAGMENTATION_SHOT_CLIENT	Buffs: timers (BuffVars.h)
varc	6647	type=0;official=COMBATV2_EFFECTS_START_CLIENT_VARS_CLIENT	Buffs: timers (BuffVars.h)
varc	6643	type=0;official=COMBATV2_COOLDOWN_STRENGTH_PULVERISE_END_EFFECT_CLIENT	Buffs: timers (BuffVars.h)
varc	3736	type=0;official=COMBATV2_COOLDOWN_DEFENCE_ANTICIPATION_END_EFFECT_CLIENT	Buffs: timers (BuffVars.h)
varc	3733	type=0;official=COMBATV2_COOLDOWN_DEFENCE_FREEDOM_END_EFFECT_CLIENT	Buffs: timers (BuffVars.h)
varc	3741	type=0;official=COMBATV2_COOLDOWN_DEFENCE_RESONANCE_END_EFFECT_CLIENT	Buffs: timers (BuffVars.h)
varc	3740	type=0;official=COMBATV2_COOLDOWN_DEFENCE_PREPARATION_END_EFFECT_CLIENT	Buffs: timers (BuffVars.h)
varc	3742	type=0;official=COMBATV2_COOLDOWN_DEFENCE_REFLECT_END_EFFECT_CLIENT	Buffs: timers (BuffVars.h)
varc	5977	type=0;official=COMBATV2_TARGET_SIDE_PANEL_PLAYER_DEBILITATE_COOLDOWN	Buffs: timers (BuffVars.h)
varc	3735	type=0;official=COMBATV2_COOLDOWN_DEFENCE_BARRICADE_END_EFFECT_CLIENT	Buffs: timers (BuffVars.h)
varc	3737	type=0;official=COMBATV2_COOLDOWN_DEFENCE_REJUVINATE_END_EFFECT_CLIENT	Buffs: timers (BuffVars.h)
varc	3734	type=0;official=COMBATV2_COOLDOWN_DEFENCE_HEROISM_END_EFFECT_CLIENT	Buffs: timers (BuffVars.h)
varc	3743	type=0;official=COMBATV2_COOLDOWN_MAGIC_METAMORPHOSIS_END_EFFECT_CLIENT	Buffs: timers (BuffVars.h)
varc	3748	type=0;official=COMBATV2_COOLDOWN_STUN_END_EFFECT_CLIENT	Buffs: timers (BuffVars.h)
varc	3749	type=0;official=COMBATV2_COOLDOWN_BIND_END_EFFECT_CLIENT	Buffs: timers (BuffVars.h)
varc	4681	type=0;official=COMBATV2_COOLDOWN_POISON_END_EFFECT_CLIENT	Buffs: timers (BuffVars.h)
varc	4191	type=0;official=COMBATV2_COOLDOWN_WEAPON_POISON_END_EFFECT_CLIENT	Buffs: timers (BuffVars.h)
varc	3750	type=0;official=COMBATV2_COOLDOWN_DRAGONFIRE_END_EFFECT_CLIENT	Buffs: timers (BuffVars.h)
varc	3751	type=0;official=COMBATV2_COOLDOWN_SUPER_DRAGONFIRE_END_EFFECT_CLIENT	Buffs: timers (BuffVars.h)
varc	3747	type=0;official=COMBATV2_COOLDOWN_PRAYER_RENEWAL_END_EFFECT_CLIENT	Buffs: timers (BuffVars.h)
varc	3745	type=0;official=COMBATV2_COOLDOWN_RANGED_DEATHS_SWIFTNESS_END_EFFECT_CLIENT	Buffs: timers (BuffVars.h)
varc	3738	type=0;official=COMBATV2_COOLDOWN_DEFENCE_NATURAL_INSTINCT_END_EFFECT_CLIENT	Buffs: timers (BuffVars.h)
varc	3739	type=0;official=COMBATV2_COOLDOWN_CONSTITUTION_GUTHIX_BLESSING_END_EFFECT_CLIENT	Buffs: timers (BuffVars.h)
varc	3744	type=0;official=COMBATV2_COOLDOWN_MAGIC_SUNSHINE_END_EFFECT_CLIENT	Buffs: timers (BuffVars.h)
varc	5152	type=0;official=COMBATV2_COOLDOWN_GOD_BOOK_TIMER_END_EFFECT_CLIENT	Buffs: timers (BuffVars.h)
varc	3732	type=0;official=COMBATV2_COOLDOWN_OVERLOAD_END_EFFECT_CLIENT	Buffs: timers (BuffVars.h)
varc	3902	type=0;official=COMBATV2_COOLDOWN_CONSTITUTION_SACRIFICE_END_EFFECT_CLIENT	Buffs: timers (BuffVars.h)
varc	3903	type=0;official=COMBATV2_COOLDOWN_CONSTITUTION_TRANSFIGURE_END_EFFECT_CLIENT	Buffs: timers (BuffVars.h)
varc	3904	type=0;official=COMBATV2_COOLDOWN_CONSTITUTION_6AWE2_BLESSING_END_EFFECT_CLIENT	Buffs: timers (BuffVars.h)
varc	4490	type=0;official=COMBATV2_COOLDOWN_BSLAY_ASCENDRI_BOLTS_END_EFFECT_CLIENT	Buffs: timers (BuffVars.h)
varc	6644	type=0;official=COMBATV2_PENANCE_ATTACK_END_EFFECT_CLIENT	Buffs: timers (BuffVars.h)
varc	3901	type=0;official=COMBATV2_COOLDOWN_DEFENCE_DEVOTION_END_EFFECT_CLIENT	Buffs: timers (BuffVars.h)
varc	3944	type=0;official=COMBATV2_COOLDOWN_MOLE2_MUDSTUN_END_EFFECT_CLIENT	Buffs: timers (BuffVars.h)
varc	3945	type=0;official=COMBATV2_COOLDOWN_MOLE2_SHIELD_DOT_END_EFFECT_CLIENT	Buffs: timers (BuffVars.h)
varc	4117	type=0;official=COMBATV2_COOLDOWN_FAMILIAR_TIMER_END_EFFECT_CLIENT	Buffs: timers (BuffVars.h)
varc	4184	type=0;official=COMBATV2_COOLDOWN_CONSTITUTION_ICE_ASYLUM_END_EFFECT_CLIENT	Buffs: timers (BuffVars.h)
varc	4244	type=0;official=COMBATV2_COOLDOWN_SCRIMSHAW_TIMER_END_EFFECT_CLIENT	Buffs: timers (BuffVars.h)
varc	4261	type=0;official=TRH22_LISTENER_END_CLIENT	Buffs: timers (BuffVars.h)
varc	4262	type=0;official=TRH22_ATTUNEMENT_BAN_END_CLIENT	Buffs: timers (BuffVars.h)
varc	6992	type=0;official=COMBATV2_COOLDOWN_MAGIC_MAGMA_TEMPEST_END_CLIENT	Buffs: timers (BuffVars.h)|Game text (rtx-gametext.js)
varc	8260	type=0;official=COMBATV2_WOODCUTTING_CONSUMABLE_ENCHANTED_NEST_CHANCE_END_CLIENT	Buffs: timers (BuffVars.h)
varc	8261	type=0;official=COMBATV2_WOODCUTTING_CONSUMABLE_LOG_XP_END_CLIENT	Buffs: timers (BuffVars.h)
varc	8262	type=0;official=COMBATV2_WOODCUTTING_CONSUMABLE_NEST_ATTUNER_END_CLIENT	Buffs: timers (BuffVars.h)
varc	8263	type=0;official=COMBATV2_WOODCUTTING_CONSUMABLE_PERFECT_CUT_CHANCE_END_CLIENT	Buffs: timers (BuffVars.h)
varc	8259	type=0;official=WOODCUTTING_BUFF_WEAK_SIDE_CHOP_END_EFFECT_CLIENT	Buffs: timers (BuffVars.h)
varc	4620	type=0;official=TRH_SWEEET_END_CLIENT	Buffs: timers (BuffVars.h)
varc	4621	type=0;official=TRH22_SWEEET_REGENERATE_END_CLIENT	Buffs: timers (BuffVars.h)
varc	4623	type=0;official=TRH22_SWEEET_SHIELD_END_CLIENT	Buffs: timers (BuffVars.h)
varc	4622	type=0;official=TRH22_SWEEET_DAMAGE_END_CLIENT	Buffs: timers (BuffVars.h)
varc	6905	type=0;official=COMBATV2_NPC_HOLDSPELL_ABILITY_CLIENT	Buffs: timers (BuffVars.h)
varc	4625	type=0;official=COMBATV2_COOLDOWN_GUTHIX_CACHE_BOOST_END_EFFET_CLIENT	Buffs: timers (BuffVars.h)
varc	4627	type=0;official=COMBATV2_COOLDOWN_JUJU_MINING_END_EFFECT_CLIENT	Buffs: timers (BuffVars.h)
varc	4628	type=0;official=COMBATV2_COOLDOWN_JUJU_WOODCUTTING_END_EFFECT_CLIENT	Buffs: timers (BuffVars.h)
varc	4629	type=0;official=COMBATV2_COOLDOWN_JUJU_FISHING_END_EFFECT_CLIENT	Buffs: timers (BuffVars.h)
varc	4630	type=0;official=COMBATV2_COOLDOWN_JUJU_SCENTLESS_END_EFFECT_CLIENT	Buffs: timers (BuffVars.h)
varc	4631	type=0;official=COMBATV2_COOLDOWN_JUJU_FARMING_END_EFFECT_CLIENT	Buffs: timers (BuffVars.h)
varc	4632	type=0;official=COMBATV2_COOLDOWN_JUJU_SARADOMIN_END_EFFECT_CLIENT	Buffs: timers (BuffVars.h)
varc	4633	type=0;official=COMBATV2_COOLDOWN_JUJU_GUTHIX_END_EFFECT_CLIENT	Buffs: timers (BuffVars.h)
varc	4634	type=0;official=COMBATV2_COOLDOWN_JUJU_ZAMORAK_END_EFFECT_CLIENT	Buffs: timers (BuffVars.h)
varc	4635	type=0;official=COMBATV2_COOLDOWN_JUJU_HUNTER_END_EFFECT_CLIENT	Buffs: timers (BuffVars.h)
varc	4636	type=0;official=COMBATV2_COOLDOWN_PERFECT_PLUS_END_EFFECT_CLIENT	Buffs: timers (BuffVars.h)
varc	4637	type=0;official=COMBATV2_COOLDOWN_PERFECT_JUJU_MINING_END_EFFECT_CLIENT	Buffs: timers (BuffVars.h)
varc	4638	type=0;official=COMBATV2_COOLDOWN_PERFECT_JUJU_WOODCUTTING_END_EFFECT_CLIENT	Buffs: timers (BuffVars.h)
varc	4639	type=0;official=COMBATV2_COOLDOWN_PERFECT_JUJU_SMITHING_END_EFFECT_CLIENT	Buffs: timers (BuffVars.h)
varc	4640	type=0;official=COMBATV2_COOLDOWN_PERFECT_JUJU_AGILITY_END_EFFECT_CLIENT	Buffs: timers (BuffVars.h)
varc	4641	type=0;official=COMBATV2_COOLDOWN_PERFECT_JUJU_FARMING_END_EFFECT_CLIENT	Buffs: timers (BuffVars.h)
varc	4642	type=0;official=COMBATV2_COOLDOWN_PERFECT_JUJU_PRAYER_END_EFFECT_CLIENT	Buffs: timers (BuffVars.h)
varc	4643	type=0;official=COMBATV2_COOLDOWN_PERFECT_JUJU_HERBLORE_END_EFFECT_CLIENT	Buffs: timers (BuffVars.h)
varc	4644	type=0;official=COMBATV2_COOLDOWN_PERFECT_JUJU_DUNGEONEERING_END_EFFECT_CLIENT	Buffs: timers (BuffVars.h)
varc	4720	type=0;official=COMBATV2_COOLDOWN_TRH44_VALENTINES_LOVE_POTION_END_EFFECT_CLIENT	Buffs: timers (BuffVars.h)
varc	4721	type=0;official=COMBATV2_COOLDOWN_TRH44_VALENTINES_LOVE_POTION_OTHER_END_EFFECT_CLIENT	Buffs: timers (BuffVars.h)
varc	6581	type=0;official=COMBATV2_DINO_GAME_ENCOUNTER_COOLDOWN_CLIENT_1	Buffs: timers (BuffVars.h)
varc	6582	type=0;official=COMBATV2_DINO_GAME_ENCOUNTER_COOLDOWN_CLIENT_2	Buffs: timers (BuffVars.h)
varc	6583	type=0;official=COMBATV2_DINO_GAME_ENCOUNTER_COOLDOWN_CLIENT_3	Buffs: timers (BuffVars.h)
varc	6584	type=0;official=COMBATV2_DINO_GAME_ENCOUNTER_COOLDOWN_CLIENT_4	Buffs: timers (BuffVars.h)
varc	6585	type=0;official=COMBATV2_DINO_GAME_ENCOUNTER_COOLDOWN_CLIENT_5	Buffs: timers (BuffVars.h)
varc	5112	type=0;official=COMBATV2_COOLDOWN_FAMILIARISATION_END_EFFECT_CLIENT	Buffs: timers (BuffVars.h)
varc	4744	type=0;official=COMBATV2_COOLDOWN_TRH50_PULSE_ESSENCE_END_EFFECT_CLIENT	Buffs: timers (BuffVars.h)
varc	6586	type=0;official=COMBATV2_DINO_GAME_ENCOUNTER_COOLDOWN_CLIENT_6	Buffs: timers (BuffVars.h)
varc	4788	type=0;official=MTX_PET_BANK_COOLDOWN_END	Buffs: timers (BuffVars.h)
varc	4792	type=0;official=MTX_PET_LIFESAVER_COOLDOWN_END	Buffs: timers (BuffVars.h)
varc	4790	type=0;official=MTX_PET_REPAIR_COOLDOWN_END	Buffs: timers (BuffVars.h)
varc	4789	type=0;official=MTX_PET_ALCH_COOLDOWN_END	Buffs: timers (BuffVars.h)
varc	4793	type=0;official=MTX_PET_BOB_COOLDOWN_END	Buffs: timers (BuffVars.h)
varc	4791	type=0;official=MTX_PET_FERTILISER_COOLDOWN_END	Buffs: timers (BuffVars.h)
varc	6587	type=0;official=COMBATV2_DINO_GAME_ENCOUNTER_COOLDOWN_CLIENT_7	Buffs: timers (BuffVars.h)
varc	6588	type=0;official=COMBATV2_DINO_GAME_ENCOUNTER_COOLDOWN_CLIENT_8	Buffs: timers (BuffVars.h)
varc	6589	type=0;official=COMBATV2_DINO_GAME_ENCOUNTER_COOLDOWN_CLIENT_9	Buffs: timers (BuffVars.h)
varc	6590	type=0;official=COMBATV2_CRUC_DM_APPLY_THERMAL_HEALTH_BOOST_CLIENT	Buffs: timers (BuffVars.h)
varc	4983	type=0;official=COMBATV2_COOLDOWN_BARON_SHARK_END_EFFECT_CLIENT	Buffs: timers (BuffVars.h)
varc	4984	type=0;official=COMBATV2_COOLDOWN_GREAT_GUNKAN_END_EFFECT_CLIENT	Buffs: timers (BuffVars.h)
varc	4985	type=0;official=COMBATV2_COOLDOWN_GREAT_MAKI_END_EFFECT_CLIENT	Buffs: timers (BuffVars.h)
varc	4989	type=0;official=COMBATV2_COOLDOWN_LORE_ENLIGHTENMENT_END_EFFECT_CLIENT	Buffs: timers (BuffVars.h)
varc	4996	type=0;official=COMBATV2_COOLDOWN_SEREN_CRYSTAL_MASK_END_EFFECT_CLIENT	Buffs: timers (BuffVars.h)
varc	7795	type=0;official=COMBATV2_BUFF_NECROMANCY_SPIRIT_PHANTOM_GUARDIAN_END_CLIENT	Buffs: timers (BuffVars.h)
varc	5094	type=0;official=COMBATV2_COOLDOWN_PERFECT_JUJU_FISHING_END_EFFECT_CLIENT	Buffs: timers (BuffVars.h)
varc	6902	type=0;official=COMBATV2_DIV_CRATER_EVENT_BUFF_END_CLIENT	Buffs: timers (BuffVars.h)
varc	5127	type=0;official=COMBATV2_COOLDOWN_TRH82_VALENTINES_STAFF_END_EFFECT_CLIENT	Buffs: timers (BuffVars.h)
varc	5184	type=0;official=COMBATV2_COOLDOWN_CHRONICLE_CARD_END_EFFECT_CLIENT	Buffs: timers (BuffVars.h)
varc	5186	type=0;official=COMBATV2_COOLDOWN_BLEED_END_EFFECT_CLIENT	Buffs: timers (BuffVars.h)
varc	5189	type=0;official=COMBATV2_COOLDOWN_BLOOD_ESSENCE_TIMER_END_EFFECT_CLIENT	Buffs: timers (BuffVars.h)
varc	5190	type=0;official=COMBATV2_COOLDOWN_BLOOD_ESSENCE_REFLECT_TIMER_END_EFFECT_CLIENT	Buffs: timers (BuffVars.h)
varc	5210	type=0;official=COMBATV2_COOLDOWN_CALORIE_BOMB_DEPLOYED	Buffs: timers (BuffVars.h)
varc	5211	type=0;official=COMBATV2_COOLDOWN_CALORIE_BOMB_HEALED_BY_OTHER	Buffs: timers (BuffVars.h)
varc	5972	type=0;official=COMBATV2_CRACKLING_PERK_COOLDOWN	Buffs: timers (BuffVars.h)
varc	5492	type=0;official=COMBATV2_COOLDOWN_CONSTITUTION_REPRISAL_END_EFFECT_CLIENT	Buffs: timers (BuffVars.h)
varc	5493	type=0;official=COMBATV2_COOLDOWN_ZAROS_SPEC_END_EFFECT_CLIENT	Buffs: timers (BuffVars.h)
varc	5494	type=0;official=COMBATV2_COOLDOWN_TRH94_SKILLING_BACKPACK_END_EFFECT_CLIENT	Buffs: timers (BuffVars.h)
varc	5832	type=0;official=COMBATV2_COOLDOWN_CONCH_END_EFFECT_CLIENT	Buffs: timers (BuffVars.h)
varc	5835	type=0;official=COMBATV2_COOLDOWN_ELR1_SPIRIT_CHARM_END_EFFECT_CLIENT	Buffs: timers (BuffVars.h)
varc	5837	type=0;official=COMBATV2_COOLDOWN_WILDERNESS_CAMO_POTION_END_EFFECT_CLIENT	Buffs: timers (BuffVars.h)
varc	5838	type=0;official=COMBATV2_COOLDOWN_WILDERNESS_LUCK_POTION_END_EFFECT_CLIENT	Buffs: timers (BuffVars.h)
varc	5839	type=0;official=COMBATV2_COOLDOWN_WILDERNESS_AGGRESSION_POTION_END_EFFECT_CLIENT	Buffs: timers (BuffVars.h)
varc	5870	type=0;official=COMBATV2_COOLDOWN_TRH78_LUCKY_CLOVER_END_EFFECT_CLIENT	Buffs: timers (BuffVars.h)
varc	5868	type=0;official=COMBATV2_COOLDOWN_CRYSTAL_SHIELD_ABSORB_END_EFFECT_CLIENT	Buffs: timers (BuffVars.h)
varc	5869	type=0;official=COMBATV2_COOLDOWN_CRYSTAL_SHIELD_DEFEND_END_EFFECT_CLIENT	Buffs: timers (BuffVars.h)
varc	6725	type=0;official=COMBATV2_COOLDOWN_TRH165_CINDER_CORE_END_EFFECT_CLIENT	Buffs: timers (BuffVars.h)
varc	5945	type=0;official=COMBATV2_COOLDOWN_WILDERNESS_LUCK_POTION_ENHANCED_END_EFFECT_CLIENT	Buffs: timers (BuffVars.h)
varc	5918	type=0;official=COMBATV2_COOLDOWN_INTERCEPT_GIVEN	Buffs: timers (BuffVars.h)
varc	5878	type=0;official=COMBATV2_COOLDOWN_HALLOWEEN_BITE_END_EFFECT_CLIENT	Buffs: timers (BuffVars.h)
varc	5883	type=0;official=COMBATV2_COOLDOWN_DMBH_WEAPON_MELEE_SPECIAL_EFFECT_CLIENT	Buffs: timers (BuffVars.h)
varc	5884	type=0;official=COMBATV2_COOLDOWN_DMBH_WEAPON_RANGED_SPECIAL_EFFECT_CLIENT	Buffs: timers (BuffVars.h)
varc	5885	type=0;official=COMBATV2_COOLDOWN_DMBH_WEAPON_MAGIC_SPECIAL_EFFECT_CLIENT	Buffs: timers (BuffVars.h)
varc	5919	type=0;official=COMBATV2_COOLDOWN_INTERCEPT_RECEIVED	Buffs: timers (BuffVars.h)
varc	5966	type=0;official=COMBATV2_COOLDOWN_EXCALIBUR	Buffs: timers (BuffVars.h)
varc	5967	type=0;official=COMBATV2_STUN_IMMUNE_COOLDOWN	Buffs: timers (BuffVars.h)
varc	5968	type=0;official=COMBATV2_BLOOD_ESSENCE_COOLDOWN	Buffs: timers (BuffVars.h)
varc	5969	type=0;official=COMBATV2_DREADNIP_COOLDOWN	Buffs: timers (BuffVars.h)
varc	5946	type=0;official=COMBATV2_COOLDOWN_WILDER_PIE_END_EFFECT_CLIENT	Buffs: timers (BuffVars.h)
varc	5970	type=0;official=COMBATV2_DEVOTED_PERK_COOLDOWN	Buffs: timers (BuffVars.h)
varc	5971	type=0;official=COMBATV2_ENHANCED_DEVOTED_PERK_COOLDOWN	Buffs: timers (BuffVars.h)
varc	5973	type=0;official=COMBATV2_ACHTO_EFFECT_COOLDOWN	Buffs: timers (BuffVars.h)
varc	5974	type=0;official=COMBATV2_REVIVE_LIFE_EFFECT_COOLDOWN	Buffs: timers (BuffVars.h)
varc	5975	type=0;official=COMBATV2_GORAJIAN_MUSHROOM_EFFECT_COOLDOWN	Buffs: timers (BuffVars.h)
varc	5976	type=0;official=COMBATV2_GORAJIAN_MUSHROOM_TIMER_COOLDOWN	Buffs: timers (BuffVars.h)
varc	5978	type=0;official=COMBATV2_PORTENT_RESTORATION_COOLDOWN	Buffs: timers (BuffVars.h)
varc	5980	type=0;official=ELFCITY_AMLODD_COOLDOWN	Buffs: timers (BuffVars.h)
varc	5981	type=0;official=ELFCITY_CADARN_COOLDOWN	Buffs: timers (BuffVars.h)
varc	5982	type=0;official=ELFCITY_CRWYS_COOLDOWN	Buffs: timers (BuffVars.h)
varc	5983	type=0;official=ELFCITY_HEFIN_COOLDOWN	Buffs: timers (BuffVars.h)
varc	5979	type=0;official=ELFCITY_IORWERTH_COOLDOWN	Buffs: timers (BuffVars.h)
varc	5984	type=0;official=ELFCITY_ITHELL_COOLDOWN	Buffs: timers (BuffVars.h)
varc	5985	type=0;official=ELFCITY_MEILYR_COOLDOWN	Buffs: timers (BuffVars.h)
varc	5986	type=0;official=ELFCITY_TRAHAEARN_COOLDOWN	Buffs: timers (BuffVars.h)
varc	5987	type=0;official=ELR2_CYCLOSIS_CAUGHT_COOLDOWN	Buffs: timers (BuffVars.h)
varc	5988	type=0;official=ELR2_WAIKO_CAUGHT_COOLDOWN	Buffs: timers (BuffVars.h)
varc	6985	type=0;official=COMBATV2_ARCH_KHARIDET_PYLON_EFFECT_END_CLIENT	Buffs: timers (BuffVars.h)
varc	6777	type=0;official=COMBATV2_ARCH_CONSUMABLE_MATERIAL_CHANCE_END_CLIENT	Buffs: timers (BuffVars.h)
varc	6778	type=0;official=COMBATV2_ARCH_CONSUMABLE_MATTOCK_PRECISION_END_CLIENT	Buffs: timers (BuffVars.h)
varc	6779	type=0;official=COMBATV2_ARCH_CONSUMABLE_SOIL_CHANCE_END_CLIENT	Buffs: timers (BuffVars.h)
varc	6780	type=0;official=COMBATV2_ARCH_CONSUMABLE_EXCAVATION_XP_END_CLIENT	Buffs: timers (BuffVars.h)
varc	6781	type=0;official=COMBATV2_LORE_ANCIENT_KALGERION_DEMON_SCROLL_END_EFFECT_CLIENT	Buffs: timers (BuffVars.h)
varc	6782	type=0;official=COMBATV2_INVENT_PERK_RUTHLESS_END_CLIENT	Buffs: timers (BuffVars.h)
varc	6729	type=0;official=COMBATV2_COOLDOWN_EXTREME_COOKING_END_EFFECT_CLIENT	Buffs: timers (BuffVars.h)
varc	6730	type=0;official=HERB120_HARVEST_POTION_END_EFFECT_CLIENT	Buffs: timers (BuffVars.h)
varc	6731	type=0;official=HERB120_CHARMING_POTION_END_EFFECT_CLIENT	Buffs: timers (BuffVars.h)
varc	6738	type=0;official=COMBATV2_FARM_REQ_BRASSICA_PRIMER_END_EFFECT_CLIENT	Buffs: timers (BuffVars.h)
varc	6031	type=0;official=SWORLDS_REWARD_SLAYER_XP_MULTIPLIER_COOLDOWN	Buffs: timers (BuffVars.h)
varc	6032	type=0;official=SWORLDS_REWARD_KURADEL_INSTA_RESPAWN_COOLDOWN	Buffs: timers (BuffVars.h)
varc	6594	type=0;official=COMBATV2_COOLDOWN_DEFENCE_UNSULLIED_END_CLIENT	Buffs: timers (BuffVars.h)|Game text (rtx-gametext.js)
varc	6596	type=0;official=COMBATV2_COOLDOWN_DEFENCE_AGGRESSION_END_CLIENT	Buffs: timers (BuffVars.h)|Game text (rtx-gametext.js)
varc	6613	type=0;official=COMBATV2_MENAPHOS_GOLDEN_TOUCH_END_EFFECT_CLIENT	Buffs: timers (BuffVars.h)
varc	6614	type=0;official=COMBATV2_MENAPHOS_LIMITLESS_END_EFFECT_CLIENT	Buffs: timers (BuffVars.h)
varc	6615	type=0;official=COMBATV2_MENAPHOS_UNSULLIED_END_EFFECT_CLIENT	Buffs: timers (BuffVars.h)
varc	6616	type=0;official=COMBATV2_INGENUITY_OF_THE_HUMANS_END_EFFECT_CLIENT	Buffs: timers (BuffVars.h)
varc	6617	type=0;official=COMBATV2_DUNGEON_ULTHVEN_UNDEAD_SLAYER_END_EFFECT_CLIENT	Buffs: timers (BuffVars.h)
varc	6618	type=0;official=COMBATV2_DUNGEON_ULTHVEN_DEMON_SLAYER_END_EFFECT_CLIENT	Buffs: timers (BuffVars.h)
varc	6619	type=0;official=COMBATV2_DUNGEON_ULTHVEN_DRAGON_SLAYER_END_EFFECT_CLIENT	Buffs: timers (BuffVars.h)
varc	6072	type=0;official=COMBATV2_FURY_SHARK_ACTIVE_COOLDOWN	Buffs: timers (BuffVars.h)
varc	6073	type=0;official=FMC_REWARD_BOOK_ACTIVE_COOLDOWN	Buffs: timers (BuffVars.h)
varc	6075	type=0;official=COMBATV2_PRAYER_DEBUFF_COOLDOWN	Buffs: timers (BuffVars.h)
varc	6077	type=0;official=COMBATV2_TOMBS_BOOST_COOLDOWN	Buffs: timers (BuffVars.h)
varc	6256	type=0;official=COMBATV2_GLOVES_OF_PASSING_COOLDOWN	Buffs: timers (BuffVars.h)
varc	6732	type=0;official=POW_MOVEMENT_BUFF_END_EFFECT_CLIENT	Buffs: timers (BuffVars.h)
varc	6733	type=0;official=POW_RUNE_CREATION_BUFF_END_EFFECT_CLIENT	Buffs: timers (BuffVars.h)
varc	6734	type=0;official=POW_SPECIAL_MOVES_BUFF_END_EFFECT_CLIENT	Buffs: timers (BuffVars.h)
varc	6736	type=0;official=POW_SMITHING_PROGRESS_BUFF_END_EFFECT_CLIENT	Buffs: timers (BuffVars.h)
varc	6737	type=0;official=POW_DOUBLE_LIFEPOINTS_BUFF_END_EFFECT_CLIENT	Buffs: timers (BuffVars.h)
varc	6350	type=0;official=COMBATV2_EVILTREE_BANKING_COOLDOWN	Buffs: timers (BuffVars.h)
varc	6351	type=0;official=COMBATV2_MINING_BANKING_COOLDOWN	Buffs: timers (BuffVars.h)
varc	6352	type=0;official=COMBATV2_VENGEANCE_COOLDOWN	Buffs: timers (BuffVars.h)
varc	6353	type=0;official=COMBATV2_TELEBLOCKED_COOLDOWN	Buffs: timers (BuffVars.h)
varc	6354	type=0;official=COMBATV2_FIGHTKILN_INVULN_COOLDOWN	Buffs: timers (BuffVars.h)
varc	6355	type=0;official=COMBATV2_FIGHTKILN_MAGIC_COOLDOWN	Buffs: timers (BuffVars.h)
varc	6356	type=0;official=COMBATV2_FIGHTKILN_RANGED_COOLDOWN	Buffs: timers (BuffVars.h)
varc	6357	type=0;official=COMBATV2_FIGHTKILN_STRENGTH_COOLDOWN	Buffs: timers (BuffVars.h)
varc	6358	type=0;official=COMBATV2_FIGHTKILN_HITPOINTS_COOLDOWN	Buffs: timers (BuffVars.h)
varc	6359	type=0;official=COMBATV2_SHOOTING_STAR_BUFF_COOLDOWN	Buffs: timers (BuffVars.h)
varc	6360	type=0;official=COMBATV2_CANNON_TIMER_COOLDOWN	Buffs: timers (BuffVars.h)
varc	6377	type=0;official=COMBATV2_TEA_FLASK_COOLDOWN	Buffs: timers (BuffVars.h)
varc	6378	type=0;official=COMBATV2_INFINITE_RUN	Buffs: timers (BuffVars.h)
varc	6380	type=0;official=COMBATV2_DSF_REWARD_BOOST_1_END_EFFECT_CLIENT	Buffs: timers (BuffVars.h)
varc	6381	type=0;official=COMBATV2_DSF_REWARD_BOOST_2_END_EFFECT_CLIENT	Buffs: timers (BuffVars.h)
varc	6382	type=0;official=COMBATV2_DSF_REWARD_BOOST_3_END_EFFECT_CLIENT	Buffs: timers (BuffVars.h)
varc	6383	type=0;official=COMBATV2_DSF_JELLYFISH_STUN_END_EFFECT_CLIENT	Buffs: timers (BuffVars.h)
varc	7338	type=0;official=COMBATV2_BUFF_NECROMANCY_SPECTRAL_SCYTHE_END_CLIENT	Buffs: timers (BuffVars.h)
varc	7049	type=0;official=COMBATV2_COOLDOWN_TRH177_VALENTINES_COIN_END_EFFECT_CLIENT	Buffs: timers (BuffVars.h)
varc	6411	type=0;official=COMBATV2_IDOLS_BUFF_1_END_EFFECT_CLIENT	Buffs: timers (BuffVars.h)
varc	6412	type=0;official=COMBATV2_IDOLS_BUFF_2_END_EFFECT_CLIENT	Buffs: timers (BuffVars.h)
varc	6413	type=0;official=COMBATV2_IDOLS_BUFF_3_END_EFFECT_CLIENT	Buffs: timers (BuffVars.h)
varc	6414	type=0;official=COMBATV2_IDOLS_BUFF_4_END_EFFECT_CLIENT	Buffs: timers (BuffVars.h)
varc	6415	type=0;official=COMBATV2_IDOLS_BUFF_5_END_EFFECT_CLIENT	Buffs: timers (BuffVars.h)
varc	6435	type=0;official=COMBATV2_DIVCHAMBER_BOOST_END_EFFECT_CLIENT	Buffs: timers (BuffVars.h)
varc	6482	type=0;official=COMBATV2_COOLDOWN_NATURE_BOSS_RESTORER	Buffs: timers (BuffVars.h)
varc	6486	type=0;official=COMBATV2_MELEE_CHANNEL_TO_DOT_BUFF_END_EFFECT_CLIENT	Buffs: timers (BuffVars.h)
varc	6494	type=0;official=COMBATV2_COOLDOWN_EXTREME_DIVINATION_END_EFFECT_CLIENT	Buffs: timers (BuffVars.h)
varc	6495	type=0;official=COMBATV2_COOLDOWN_EXTREME_RUNECRAFTING_END_EFFECT_CLIENT	Buffs: timers (BuffVars.h)
varc	6496	type=0;official=COMBATV2_COOLDOWN_EXTREME_INVENTION_END_EFFECT_CLIENT	Buffs: timers (BuffVars.h)
varc	6497	type=0;official=COMBATV2_COOLDOWN_EXTREME_HUNTING_END_EFFECT_CLIENT	Buffs: timers (BuffVars.h)
varc	7064	type=0;official=COMBATV2_EGWD_ZAMORAK_BOSS_RUNE_DEFENSIVE_CLEANSING_BUFF_END_CLIENT	Buffs: timers (BuffVars.h)
varc	7065	type=0;official=COMBATV2_EGWD_ZAMORAK_BOSS_RUNE_DEFENSIVE_CLEANSING_BUFF_COOLDOWN_END_CLIENT	Buffs: timers (BuffVars.h)
varc	6509	type=0;official=COMBATV2_DOM_MINE_1_END_EFFECT_CLIENT	Buffs: timers (BuffVars.h)
varc	6510	type=0;official=COMBATV2_DOM_MINE_2_END_EFFECT_CLIENT	Buffs: timers (BuffVars.h)
varc	7052	type=0;official=COMBATV2_DINARROW_BIK_DEBUFF_END_CLIENT	Buffs: timers (BuffVars.h)
varc	7053	type=0;official=COMBATV2_DINARROW_WEN_BUFF_CHILL_END_CLIENT	Buffs: timers (BuffVars.h)
varc	7054	type=0;official=COMBATV2_DINARROW_WEN_BUFF_PRECISION_END_CLIENT	Buffs: timers (BuffVars.h)
varc	6645	type=0;official=ARTISAN_LUMINITE_INJECTOR_END_TIME_BUFF	Buffs: timers (BuffVars.h)
varc	6912	type=0;official=COMBATV2_MAGIC_ANIMATE_DEAD_END_EFFECT_CLIENT	Buffs: timers (BuffVars.h)
varc	6913	type=0;official=COMBATV2_BUFF_GLACIAL_EMBRACE_END_EFFECT_CLIENT	Buffs: timers (BuffVars.h)
varc	6914	type=0;official=COMBATV2_BUFF_GLACIAL_EMBRACE_COOLDOWN	Buffs: timers (BuffVars.h)
varc	6802	type=0;official=COMBATV2_EVENT_CRAFTING_FLETCHING_MAKE_X_MAX_ENHANCER_END_EFFECT_CLIENT	Buffs: timers (BuffVars.h)
varc	6803	type=0;official=COMBATV2_EVENT_CRAFTING_FLETCHING_MAKE_X_MAX_LARGE_ENHANCER_END_EFFECT_CLIENT	Buffs: timers (BuffVars.h)
varc	6804	type=0;official=COMBATV2_EVENT_CRAFTING_FLETCHING_RESOURCE_ENHANCER_END_EFFECT_CLIENT	Buffs: timers (BuffVars.h)
varc	6805	type=0;official=COMBATV2_EVENT_CRAFTING_SMITHING_LUMINITE_ENHANCER_END_EFFECT_CLIENT	Buffs: timers (BuffVars.h)
varc	6806	type=0;official=COMBATV2_EVENT_CRAFTING_SMITHING_RESPECT_ENHANCER_END_EFFECT_CLIENT	Buffs: timers (BuffVars.h)
varc	6807	type=0;official=COMBATV2_EVENT_CRAFTING_WOODCUTTING_PERK_ENHANCER_END_EFFECT_CLIENT	Buffs: timers (BuffVars.h)
varc	6808	type=0;official=COMBATV2_EVENT_CRAFTING_WOODCUTTING_ITEM_XP_ENHANCER_END_EFFECT_CLIENT	Buffs: timers (BuffVars.h)
varc	6809	type=0;official=COMBATV2_EVENT_CRAFTING_FISH_FLINGER_ENHANCER_END_EFFECT_CLIENT	Buffs: timers (BuffVars.h)
varc	6810	type=0;official=COMBATV2_EVENT_CRAFTING_FISHING_PERK_ENHANCER_END_EFFECT_CLIENT	Buffs: timers (BuffVars.h)
varc	6811	type=0;official=COMBATV2_EVENT_CRAFTING_FISHING_ITEM_XP_ENHANCER_END_EFFECT_CLIENT	Buffs: timers (BuffVars.h)
varc	6812	type=0;official=COMBATV2_EVENT_CRAFTING_MINING_GEODE_ENHANCER_END_EFFECT_CLIENT	Buffs: timers (BuffVars.h)
varc	6813	type=0;official=COMBATV2_EVENT_CRAFTING_MINING_CRIT_ENHANCER_END_EFFECT_CLIENT	Buffs: timers (BuffVars.h)
varc	6797	type=0;official=COMBATV2_ARCH_QUEST_DM_FOCUS_BUFF_END_CLIENT	Buffs: timers (BuffVars.h)
varc	6814	type=0;official=COMBATV2_LUNAR_TUNE_BANE_ORE_BUFF_END_CLIENT	Buffs: timers (BuffVars.h)
varc	6815	type=0;official=COMBATV2_LUNAR_MAGIC_IMBUE_BUFF_END_CLIENT	Buffs: timers (BuffVars.h)
varc	6862	type=0;official=COMBATV2_COOLDOWN_HOUSE_RING_HIGH_END_EFFECT_CLIENT	Buffs: timers (BuffVars.h)
varc	6863	type=0;official=COMBATV2_COOLDOWN_INVENT_PERK_RELENTLESS_END_EFFECT_CLIENT	Buffs: timers (BuffVars.h)
varc	6915	type=0;official=COMBATV2_BUFF_BLOOD_TITHE_END_EFFECT_CLIENT	Buffs: timers (BuffVars.h)
varc	6819	type=0;official=COMBATV2_COOLDOWN_STAFF_OF_LIGHT_END_EFFECT_CLIENT	Buffs: timers (BuffVars.h)
varc	6820	type=0;official=COMBATV2_COOLDOWN_STAFF_OF_DARKNESS_END_EFFECT_CLIENT	Buffs: timers (BuffVars.h)
varc	6824	type=0;official=COMBATV2_COOLDOWN_LORE_RENEWAL_END_EFFECT_CLIENT	Buffs: timers (BuffVars.h)
varc	6984	type=0;official=COMBATV2_ARCH_ORTHEN_REX_EFFECT_END_CLIENT	Buffs: timers (BuffVars.h)
varc	6828	type=0;official=COMBATV2_SPIRIT_ATTRACTION_END_EFFECT_CLIENT	Buffs: timers (BuffVars.h)
varc	6827	type=0;official=SKILLING_OFFHAND_FURNACE_END_CLIENT	Buffs: timers (BuffVars.h)
varc	6826	type=0;official=SKILLING_OFFHAND_MEASURE_END_CLIENT	Buffs: timers (BuffVars.h)
varc	6825	type=0;official=POW_OPPORTUNITY_BUFF_END_EFFECT_CLIENT	Buffs: timers (BuffVars.h)
varc	6898	type=0;official=COMBATV2_BUFF_REXKINGS_RANGED_CORRODED_END_CLIENT	Buffs: timers (BuffVars.h)
varc	6899	type=0;official=COMBATV2_BUFF_REXKINGS_MELEE_FROZEN_END_CLIENT	Buffs: timers (BuffVars.h)
varc	6900	type=0;official=COMBATV2_BUFF_REXKINGS_MELEE_THAWED_END_CLIENT	Buffs: timers (BuffVars.h)
varc	6901	type=0;official=COMBATV2_BUFF_REXKINGS_MAGIC_SHOCKED_END_CLIENT	Buffs: timers (BuffVars.h)
varc	6869	type=0;official=COMBATV2_BUFF_DINO_BOSS_SHADOW_POWER_END_CLIENT	Buffs: timers (BuffVars.h)
varc	6868	type=0;official=COMBATV2_COOLDOWN_DEFENCE_DIVERT_END_EFFECT_CLIENT	Buffs: timers (BuffVars.h)
varc	6907	type=0;official=COMBATV2_MINIQUEST_EGWD_PRERELEASE_XP_BUFF_CLIENT	Buffs: timers (BuffVars.h)
varc	6871	type=0;official=COMBATV2_COOLDOWN_ANNIVERSARY_CAKE_CLIENT	Buffs: timers (BuffVars.h)
varc	6978	type=0;official=COMBATV2_BUFF_EGWD_BIK_MAGIC_ARMOUR_SHIELD_END_CLIENT	Buffs: timers (BuffVars.h)
varc	6921	type=0;official=COMBATV2_BEACH_COCKTAIL_COMBAT_END_EFFECT_CLIENT	Buffs: timers (BuffVars.h)
varc	6922	type=0;official=COMBATV2_BEACH_COCKTAIL_ARTISAN_END_EFFECT_CLIENT	Buffs: timers (BuffVars.h)
varc	6923	type=0;official=COMBATV2_BEACH_COCKTAIL_GATHERING_END_EFFECT_CLIENT	Buffs: timers (BuffVars.h)
varc	6924	type=0;official=COMBATV2_BEACH_COCKTAIL_SUPPORT_END_EFFECT_CLIENT	Buffs: timers (BuffVars.h)
varc	6925	type=0;official=COMBATV2_BEACH_DUNGEONEERING_END_EFFECT_CLIENT	Buffs: timers (BuffVars.h)
varc	6926	type=0;official=COMBATV2_BEACH_HOOK_A_DUCK_END_EFFECT_CLIENT	Buffs: timers (BuffVars.h)
varc	6927	type=0;official=COMBATV2_BEACH_PALM_TREES_END_EFFECT_CLIENT	Buffs: timers (BuffVars.h)
varc	6928	type=0;official=COMBATV2_BEACH_FISHING_END_EFFECT_CLIENT	Buffs: timers (BuffVars.h)
varc	6929	type=0;official=COMBATV2_BEACH_SANDCASTLES_END_EFFECT_CLIENT	Buffs: timers (BuffVars.h)
varc	6953	type=0;official=COMBATV2_COOLDOWN_DEFENCE_STOP_ATTACKING_END_EFFECT_CLIENT	Buffs: timers (BuffVars.h)
varc	6977	type=0;official=COMBATV2_BUFF_EGWD_BIK_MAGIC_ARMOUR_SHIELD_COOLDOWN_END_CLIENT	Buffs: timers (BuffVars.h)
varc	6979	type=0;official=COMBATV2_EGWD_BIK_GOD_BOOK_EFFECT_END_CLIENT	Buffs: timers (BuffVars.h)
varc	6956	type=0;official=COMBATV2_BUFF_EGWD_JAS_BOSS_TIME_WARP_END_CLIENT	Buffs: timers (BuffVars.h)
varc	6959	type=0;official=COMBATV2_EGWD_EXTRA_ACTION_BUTTON_ZILYANA_EFFECT_END_CLIENT	Buffs: timers (BuffVars.h)
varc	6960	type=0;official=COMBATV2_EGWD_EXTRA_ACTION_BUTTON_KREEARRA_EFFECT_END_CLIENT	Buffs: timers (BuffVars.h)
varc	6958	type=0;official=COMBATV2_EGWD_JAS_BOSS_MAGIC_WEAPON_SPECIAL_EFFECT_CLIENT	Buffs: timers (BuffVars.h)
varc	6973	type=0;official=COMBATV2_EGWD_JAS_GOD_BOOK_EFFECT_END_CLIENT	Buffs: timers (BuffVars.h)
varc	6980	type=0;official=COMBATV2_EGWD_BIK_CRITICAL_ARROW_ADRENALINE_BUFF_END_CLIENT	Buffs: timers (BuffVars.h)
varc	6993	type=0;official=COMBATV2_DEBUFF_EGWD_FUL_BOSS_INFERNAL_BURN_END_CLIENT	Buffs: timers (BuffVars.h)
varc	8406	type=0;official=COMBATV2_BUFF_MAGIC_ASPHYXIATE_CRITICAL_DAMAGE_END_CLIENT	Buffs: timers (BuffVars.h)
varc	6982	type=0;official=COMBATV2_EGWD_BIK_CRITICAL_ARROW_BUFF_STACKING_END_CLIENT	Buffs: timers (BuffVars.h)
varc	6981	type=0;official=COMBATV2_EGWD_BIK_CRITICAL_ARROW_ADRENALINE_BUFF_COOLDOWN_END_CLIENT	Buffs: timers (BuffVars.h)
varc	6983	type=0;official=COMBATV2_EGWD_BIK_PUNCTURE_ARROW_BUFF_END_CLIENT	Buffs: timers (BuffVars.h)
varc	6994	type=0;official=COMBATV2_EGWD_FUL_GOD_BOOK_EFFECT_END_CLIENT	Buffs: timers (BuffVars.h)
varc	7041	type=0;official=COMBATV2_DUEL_ARENA_REMOVAL_SCARAB_POWDER_BLACK_END_CLIENT	Buffs: timers (BuffVars.h)
varc	7042	type=0;official=COMBATV2_DUEL_ARENA_REMOVAL_SCARAB_POWDER_GREEN_END_CLIENT	Buffs: timers (BuffVars.h)
varc	7043	type=0;official=COMBATV2_DUEL_ARENA_REMOVAL_SCARAB_POWDER_BLUE_END_CLIENT	Buffs: timers (BuffVars.h)
varc	7044	type=0;official=COMBATV2_DUEL_ARENA_REMOVAL_SCARAB_POWDER_PURPLE_END_CLIENT	Buffs: timers (BuffVars.h)
varc	7045	type=0;official=COMBATV2_DUEL_ARENA_REMOVAL_SCARAB_POWDER_RED_END_CLIENT	Buffs: timers (BuffVars.h)
varc	7046	type=0;official=COMBATV2_DUEL_ARENA_REMOVAL_SCARAB_POWDER_GOLDEN_END_CLIENT	Buffs: timers (BuffVars.h)
varc	7063	type=0;official=COMBATV2_EGWD_ZAMORAK_BOSS_EDICT_GUARDIANS_TRIUMPH_END_CLIENT	Buffs: timers (BuffVars.h)
varc	7062	type=0;official=COMBATV2_EGWD_ZAMORAK_BOSS_HELLHOUND_BLEED_DEBUFF_END_CLIENT	Buffs: timers (BuffVars.h)
varc	7068	type=0;official=COMBATV2_EGWD_ZAMORAK_REWARD_HAVOC_SET_BUFF_END_CLIENT	Buffs: timers (BuffVars.h)
varc	7066	type=0;official=COMBATV2_BLADED_DIVE_BOOTS_UPGRADE_BUFF_END_CLIENT	Buffs: timers (BuffVars.h)
varc	7067	type=0;official=COMBATV2_BLADED_DIVE_BOOTS_UPGRADE_BUFF_COOLDOWN_END_CLIENT	Buffs: timers (BuffVars.h)
varc	7061	type=0;official=COMBATV2_COOLDOWN_STRENGTH_CHAOS_ROAR_END_EFFECT_CLIENT	Buffs: timers (BuffVars.h)
varc	7117	type=0;official=COMBATV2_RETURNER_PACK_XP_BOOST_END_CLIENT	Buffs: timers (BuffVars.h)
varc	7122	type=0;official=COMBATV2_MAGIC_GREATER_SONIC_WAVE_END_EFFECT_CLIENT	Buffs: timers (BuffVars.h)
varc	7091	type=0;official=COMBATV2_BUFF_DRAGON_BATTLEAXE_EFFECT_END_CLIENT	Buffs: timers (BuffVars.h)
varc	7092	type=0;official=COMBATV2_BUFF_DRAGON_SCIMITAR_EFFECT_END_CLIENT	Buffs: timers (BuffVars.h)
varc	7112	type=0;official=COMBATV2_RING_OF_DEATH_END_CLIENT	Buffs: timers (BuffVars.h)|Game text (rtx-gametext.js)
varc	7123	type=0;official=COMBATV2_ANTI_HEAL_DEBUFF_END_CLIENT	Buffs: timers (BuffVars.h)
varc	7120	type=0;official=COMBATV2_CHALLENGE_RETURNER_DXP_CHANCE_END_CLIENT	Buffs: timers (BuffVars.h)
varc	7121	type=0;official=COMBATV2_CHALLENGE_RETURNER_FREE_DEATHS_END_CLIENT	Buffs: timers (BuffVars.h)
varc	7155	type=0;official=COMBATV2_COOLDOWN_PROTEAN_EXTENDER_END_EFFECT_CLIENT	Buffs: timers (BuffVars.h)
varc	7124	type=0;official=COMBATV2_JAGEX_ACCOUNT_DAMAGE_REDUCTION_END_CLIENT	Buffs: timers (BuffVars.h)
varc	7289	type=0;official=COMBATV2_BUFF_MAGIC_CRITICAL_STRIKE_ADRENALINE_EFFECT_END_CLIENT	Buffs: timers (BuffVars.h)
varc	7291	type=0;official=COMBATV2_BUFF_RANGED_CRITICAL_STRIKE_ADRENALINE_EFFECT_END_CLIENT	Buffs: timers (BuffVars.h)
varp	11309	type=0;official=COMBATV2_COOLDOWN_CONSTITUTION_TUSKA_WRATH_EMPOWER_END	Buffs: timers (BuffVars.h)
varc	7246	type=0;official=COMBATV2_BUFF_NECROMANCY_RESIDUAL_SOUL_END_CLIENT	Buffs: timers (BuffVars.h)
varc	7231	type=0;official=COMBATV2_BUFF_NECROMANCY_SPIRIT_SKELETON_WARRIOR_END_CLIENT	Buffs: timers (BuffVars.h)
varc	7236	type=0;official=COMBATV2_BUFF_NECROMANCY_SPIRIT_PUTRID_ZOMBIE_END_CLIENT	Buffs: timers (BuffVars.h)
varc	7241	type=0;official=COMBATV2_BUFF_NECROMANCY_SPIRIT_VENGEFUL_GHOST_END_CLIENT	Buffs: timers (BuffVars.h)
varc	7265	type=0;official=COMBATV2_BUFF_NECROMANCY_UNDEAD_INSTINCT_END_CLIENT	Buffs: timers (BuffVars.h)
varc	7274	type=0;official=COMBATV2_BUFF_NECROMANCY_THREADS_OF_FATE_END_CLIENT	Buffs: timers (BuffVars.h)
varc	7277	type=0;official=COMBATV2_BUFF_NECROMANCY_INVOKE_DEATH_END_CLIENT	Buffs: timers (BuffVars.h)
varc	7280	type=0;official=COMBATV2_BUFF_NECROMANCY_DARKNESS_END_CLIENT	Buffs: timers (BuffVars.h)
varc	7283	type=0;official=COMBATV2_BUFF_NECROMANCY_SPLIT_SOUL_END_CLIENT	Buffs: timers (BuffVars.h)
varc	7285	type=0;official=COMBATV2_COOLDOWN_WEAPON_NECRO_UNDERWORLD_ARMGUARD_T70_END_CLIENT	Buffs: timers (BuffVars.h)
varc	7287	type=0;official=COMBATV2_COOLDOWN_WEAPON_NECRO_RASIAL_ARMGUARD_T95_END_CLIENT	Buffs: timers (BuffVars.h)
varc	7288	type=0;official=COMBATV2_BUFF_NECROMANCY_DEATH_ESSENCE_END_CLIENT	Buffs: timers (BuffVars.h)
varc	7341	type=0;official=COMBATV2_HALLOWEEN23_CANDY_ENHANCER_SLAYER_END_EFFECT_CLIENT	Buffs: timers (BuffVars.h)
varc	7342	type=0;official=COMBATV2_HALLOWEEN23_CANDY_ENHANCER_PRAYER_END_EFFECT_CLIENT	Buffs: timers (BuffVars.h)
varc	7343	type=0;official=COMBATV2_HALLOWEEN23_CANDY_ENHANCER_ARCH_END_EFFECT_CLIENT	Buffs: timers (BuffVars.h)
varc	7344	type=0;official=COMBATV2_HALLOWEEN23_CANDY_ENHANCER_FIREMAKING_END_EFFECT_CLIENT	Buffs: timers (BuffVars.h)
varc	7345	type=0;official=COMBATV2_HALLOWEEN23_CANDY_ENHANCER_LUCK_END_EFFECT_CLIENT	Buffs: timers (BuffVars.h)
varc	7346	type=0;official=COMBATV2_HALLOWEEN23_CANDY_ENHANCER_DIVINATION_END_EFFECT_CLIENT	Buffs: timers (BuffVars.h)
varc	7357	type=0;official=BUFF_SELECT_EVENT_CENTRAL_BUFF_BAR_STRUCT_END_CLIENT	Buffs: timers (BuffVars.h)
varc	7350	type=0;official=COMBATV2_BUFF_DRACOLICH_SET_EFFECT_END_CLIENT	Buffs: timers (BuffVars.h)
varc	7349	type=0;official=COMBATV2_BUFF_NECROMANCY_INVOKE_LORD_OF_BONES_END_CLIENT	Buffs: timers (BuffVars.h)
varc	7352	type=0;official=COMBATV2_VARIETY_TASK_EVENTS_BUFF_PORTER_EFFECT_END_CLIENT	Buffs: timers (BuffVars.h)
varc	7351	type=0;official=COMBATV2_VARIETY_TASK_EVENTS_BUFF_PASSIVE_HEALING_END_CLIENT	Buffs: timers (BuffVars.h)
varc	7402	type=0;official=COMBATV2_BUFF_MELEE_GREATER_FURY_GUARANTEED_CRITICAL_STRIKE_END_CLIENT	Buffs: timers (BuffVars.h)
varc	7406	type=0;official=COMBATV2_COOLDOWN_WEAPON_BLACK_HOLE_END_CLIENT	Buffs: timers (BuffVars.h)
varc	7407	type=0;official=COMBATV2_COOLDOWN_WEAPON_CRYSTAL_RAIN_END_CLIENT	Buffs: timers (BuffVars.h)
varc	7408	type=0;official=COMBATV2_COOLDOWN_WEAPON_POWER_OF_DARKNESS_END_CLIENT	Buffs: timers (BuffVars.h)
varc	7410	type=0;official=COMBATV2_COOLDOWN_WEAPON_ICY_TEMPEST_END_CLIENT	Buffs: timers (BuffVars.h)
varc	7409	type=0;official=COMBATV2_COOLDOWN_WEAPON_INSTABILITY_END_CLIENT	Buffs: timers (BuffVars.h)
varc	7412	type=0;official=COMBATV2_COOLDOWN_WEAPON_VINE_CALL_END_CLIENT	Buffs: timers (BuffVars.h)
varc	7069	type=0;official=COMBATV2_EGWD_ZAMORAK_BOSS_RANGED_WEAPON_SPECIAL_BUFF_END_CLIENT	Buffs: timers (BuffVars.h)
varc	7404	type=0;official=COMBATV2_BUFF_PRIMORDIAL_ICE_END_CLIENT	Buffs: timers (BuffVars.h)
varc	7403	type=0;official=COMBATV2_BUFF_FROSTBLADES_END_CLIENT	Buffs: timers (BuffVars.h)
varc	7771	type=0;official=COMBATV2_BUFF_SKILLING_OFFHAND_HUNTER_END_EFFECT_CLIENT	Buffs: timers (BuffVars.h)
varc	7787	type=0;official=COMBATV2_BUFF_RESURRECTION_DAMAGE_IMMUNITY_END_CLIENT	Buffs: timers (BuffVars.h)
varc	7786	type=0;official=COMBATV2_DEBUFF_RESURRECTION_SICKNESS_END_CLIENT	Buffs: timers (BuffVars.h)
varc	7788	type=0;official=COMBATV2_BUFF_RAID_REBIRTH1_AMASCUT_BOOK_END_CLIENT	Buffs: timers (BuffVars.h)
varc	7789	type=0;official=COMBATV2_BUFF_RAID_REBIRTH1_AMASCUT_BOOK_DOT_EFFECT_END_CLIENT	Buffs: timers (BuffVars.h)
varc	7784	type=0;official=COMBATV2_ABILITY_WEAPON_SOULFIRE_DOT_END_CLIENT	Buffs: timers (BuffVars.h)
varc	7782	type=0;official=COMBATV2_BUFF_SOULFIRE_COMBUST_END_EFFECT_CLIENT	Buffs: timers (BuffVars.h)
varc	8328	type=0;official=COMBATV2_BUFF_MAGIC_DEVOURER_T95_PASSIVE_END_CLIENT	Buffs: timers (BuffVars.h)
varc	7783	type=0;official=COMBATV2_BUFF_MAGIC_DEVOURER_T95_PASSIVE_ADRENALINE_GAIN_END_CLIENT	Buffs: timers (BuffVars.h)
varc	7785	type=0;official=COMBATV2_ABILITY_WEAPON_SOULFIRE_COOLDOWN_END_CLIENT	Buffs: timers (BuffVars.h)
varc	7797	type=0;official=COMBATV2_BUFF_PRAYER_ECLIPSED_SOUL_EFFECT_END_CLIENT	Buffs: timers (BuffVars.h)
varc	7798	type=0;official=COMBATV2_VARIETY_TASK_EVENTS_BUFF_ELIDINIS_DROP_ENHANCER_END_CLIENT	Buffs: timers (BuffVars.h)
varc	7799	type=0;official=COMBATV2_COOLDOWN_AGILITY_POTION_END_EFFECT_CLIENT	Buffs: timers (BuffVars.h)
varc	7800	type=0;official=COMBATV2_COOLDOWN_CRAFTING_POTION_END_EFFECT_CLIENT	Buffs: timers (BuffVars.h)
varc	7801	type=0;official=COMBATV2_COOLDOWN_SUPER_MINING_POTION_END_EFFECT_CLIENT	Buffs: timers (BuffVars.h)
varc	8282	type=0;official=COMBATV2_COOLDOWN_TRH205_LOVE_LETTER_XP_BOOST_END_EFFECT_CLIENT	Buffs: timers (BuffVars.h)
varc	8283	type=0;official=COMBATV2_COOLDOWN_TRH205_LOVE_LETTER_BXP_BOOST_END_EFFECT_CLIENT	Buffs: timers (BuffVars.h)
varc	8294	type=0;official=COMBATV2_BUFF_MAGIC_TEMPORAL_ANOMALY_END_CLIENT	Buffs: timers (BuffVars.h)
varc	8303	type=0;official=COMBATV2_DEBUFF_PULVERISED_END_CLIENT	Buffs: timers (BuffVars.h)
varc	8302	type=0;official=COMBATV2_DEBUFF_SEVERED_END_CLIENT	Buffs: timers (BuffVars.h)
varc	8301	type=0;official=COMBATV2_COOLDOWN_WEAPON_IGNEOUS_SHOWDOWN_END_CLIENT	Buffs: timers (BuffVars.h)
varc	8316	type=0;official=COMBATV2_DEBUFF_AMASCUT_BOSS_ENCOUNTER_CORRUPTION_END_CLIENT	Buffs: timers (BuffVars.h)
varc	8318	type=0;official=COMBATV2_BUFF_AMASCUT_BOSS_ENCOUNTER_BLESSING_OF_APMEKEN_END_CLIENT	Buffs: timers (BuffVars.h)
varc	8319	type=0;official=COMBATV2_BUFF_AMASCUT_BOSS_ENCOUNTER_BLESSING_OF_CRONDIS_END_CLIENT	Buffs: timers (BuffVars.h)
varc	8320	type=0;official=COMBATV2_BUFF_AMASCUT_BOSS_ENCOUNTER_BLESSING_OF_HET_END_CLIENT	Buffs: timers (BuffVars.h)
varc	8321	type=0;official=COMBATV2_BUFF_AMASCUT_BOSS_ENCOUNTER_BLESSING_OF_SCABARAS_END_CLIENT	Buffs: timers (BuffVars.h)
varc	8323	type=0;official=COMBATV2_BUFF_AMASCUT_BOSS_ENCOUNTER_BLESSING_OF_LIGHT_END_CLIENT	Buffs: timers (BuffVars.h)
varc	8317	type=0;official=COMBATV2_DEBUFF_AMASCUT_BOSS_ENCOUNTER_APMEKENS_BURDEN_END_CLIENT	Buffs: timers (BuffVars.h)
varc	8322	type=0;official=COMBATV2_BUFF_AMASCUT_BOSS_ENCOUNTER_BLESSING_OF_TUMEKEN_END_CLIENT	Buffs: timers (BuffVars.h)
varc	8324	type=0;official=COMBATV2_BUFF_MELEE_SUNFALL_SLAM_END_CLIENT	Buffs: timers (BuffVars.h)
varc	8325	type=0;official=COMBATV2_COOLDOWN_WEAPON_SUNFALL_SLAM_END_CLIENT	Buffs: timers (BuffVars.h)
varc	8327	type=0;official=COMBATV2_COOLDOWN_WEAPON_NECRO_DEVOURER_ARMGUARD_T95_END_CLIENT	Buffs: timers (BuffVars.h)
varc	8326	type=0;official=COMBATV2_BUFF_NECROMANCY_SOUL_CRUSH_END_CLIENT	Buffs: timers (BuffVars.h)
varc	8330	type=0;official=QUEST_DESERT_FINALE_REWARDS_APMEKEN_BOON_END_CLIENT	Buffs: timers (BuffVars.h)
varc	8341	type=0;official=COMBATV2_BUFF_LEAGUE_RELIC_BUFF_STONE_OF_JAS_BOOST_END_CLIENT	Buffs: timers (BuffVars.h)
varc	8342	type=0;official=COMBATV2_DEBUFF_LEAGUE_RELIC_BUFF_FREE_SPECIAL_ATTACK_COOLDOWN_END_CLIENT	Buffs: timers (BuffVars.h)
varc	8343	type=0;official=COMBATV2_DEBUFF_LEAGUE_RELIC_BUFF_COMBAT_RESURRECTION_COOLDOWN_END_CLIENT	Buffs: timers (BuffVars.h)
varc	8345	type=0;official=COMBATV2_HOOKS3_XP_DEBUFF_DUMMY_ABILITY_END_CLIENT	Buffs: timers (BuffVars.h)
varc	8344	type=0;official=COMBATV2_BUFF_MAGIC_PARADOX_END_CLIENT	Buffs: timers (BuffVars.h)
varc	8370	type=0;official=COMBATV2_COOLDOWN_WEAPON_FISHSTABBER_END_CLIENT	Buffs: timers (BuffVars.h)
varc	8396	type=0;official=COMBATV2_BUFF_MELEE_METEOR_STRIKE_ADRENALINE_EFFECT_END_CLIENT	Buffs: timers (BuffVars.h)
varc	8394	type=0;official=COMBATV2_BUFF_MAGIC_WRACK_END_CLIENT	Buffs: timers (BuffVars.h)
varc	8395	type=0;official=COMBATV2_BUFF_MAGIC_WILD_MAGIC_INFUSED_END_CLIENT	Buffs: timers (BuffVars.h)
varc	8386	type=0;official=COMBATV2_BUFF_MELEE_DISMEMBER_END_CLIENT	Buffs: timers (BuffVars.h)
varc	8387	type=0;official=COMBATV2_BUFF_MELEE_BERSERK_END_CLIENT	Buffs: timers (BuffVars.h)
varc	8389	type=0;official=COMBATV2_BUFF_RANGED_SEARING_WINDS_END_CLIENT	Buffs: timers (BuffVars.h)
varc	8388	type=0;official=COMBATV2_BUFF_RANGED_IMBUED_SHADOWS_END_CLIENT	Buffs: timers (BuffVars.h)
varc	8400	type=0;official=COMBATV2_QUEST_WENDLE_SANGUINE_ANTISANGUINE_END_CLIENT	Buffs: timers (BuffVars.h)
varc	8405	type=0;official=COMBATV2_LORE_DIG_FOR_SOIL_END_CLIENT	Buffs: timers (BuffVars.h)
varc	8401	type=0;official=COMBATV2_BIG_GAME_HUNTER_HAVENHYTHE_POISON_CHANGE_CD_END_CLIENT	Buffs: timers (BuffVars.h)
varc	8402	type=0;official=COMBATV2_BIG_GAME_HUNTER_HAVENHYTHE_MOTH_EFFECT_1_END_CLIENT	Buffs: timers (BuffVars.h)
varc	8403	type=0;official=COMBATV2_BIG_GAME_HUNTER_HAVENHYTHE_MOTH_EFFECT_2_END_CLIENT	Buffs: timers (BuffVars.h)
varc	8404	type=0;official=COMBATV2_BIG_GAME_HUNTER_HAVENHYTHE_MOTH_EFFECT_3_END_CLIENT	Buffs: timers (BuffVars.h)
varc	8407	type=0;official=COMBATV2_BUFF_VAMPYRISM_END_CLIENT	Buffs: timers (BuffVars.h)
varc	8408	type=0;official=COMBATV2_BUFF_PENANCE_END_CLIENT	Buffs: timers (BuffVars.h)
varc	8489	type=0	Buffs: timers (BuffVars.h)
varc	8490	type=0	Buffs: timers (BuffVars.h)
varc	8491	type=0	Buffs: timers (BuffVars.h)
varbit	30947	dom=0;var=6209;lo=1;hi=4;official=GWD2_SLISKE_BOSS_BUFFBAR_MANIA	Buffs: timers (BuffVars.h)
varbit	30948	dom=0;var=6209;lo=5;hi=8;official=GWD2_SLISKE_BOSS_BUFFBAR_DELIRIUM	Buffs: timers (BuffVars.h)
varbit	35737	dom=0;var=6940;lo=6;hi=9;official=SWORLDS_MUTATORS_CHARGED_COUNT	Buffs: timers (BuffVars.h)
varp	12679	type=0;official=COMBATV2_PLAYER_PUNCTURE_COUNT	Buffs: timers (BuffVars.h)
varbit	36378	dom=0;var=6890;lo=9;hi=12;official=COMBATV2_JAS_BOOST	Buffs: timers (BuffVars.h)|Game text (rtx-gametext.js)
varbit	60643	dom=0;var=12744;lo=2;hi=5;official=FISH_FARM_WENDLE_POOLS_ACTIVE_AT_START	Buffs: timers (BuffVars.h)|Game text (rtx-gametext.js)
varbit	1898	dom=0;var=689;lo=5;hi=11;official=COMBATV2_REVENGE_DAMAGE_SCALER	Buffs: timers (BuffVars.h)
varbit	51103	dom=0;var=10401;lo=0;hi=7;official=ABYSSALS_ABYSSAL_PARASITE_COUNT_PLAYER	Buffs: timers (BuffVars.h)
varbit	43703	dom=0;var=8407;lo=12;hi=15;official=INCENSE_GUAM_POTENCY	Buffs: timers (BuffVars.h)
varbit	43704	dom=0;var=8407;lo=16;hi=19;official=INCENSE_TARROMIN_POTENCY	Buffs: timers (BuffVars.h)
varbit	43692	dom=0;var=8406;lo=0;hi=3;official=INCENSE_MARRENTILL_POTENCY	Buffs: timers (BuffVars.h)
varbit	43693	dom=0;var=8406;lo=4;hi=7;official=INCENSE_HARRALANDER_POTENCY	Buffs: timers (BuffVars.h)
varbit	43694	dom=0;var=8406;lo=8;hi=11;official=INCENSE_RANARR_POTENCY	Buffs: timers (BuffVars.h)
varbit	43705	dom=0;var=8407;lo=20;hi=23;official=INCENSE_TOADFLAX_POTENCY	Buffs: timers (BuffVars.h)
varbit	43695	dom=0;var=8406;lo=12;hi=15;official=INCENSE_SPIRIT_POTENCY	Buffs: timers (BuffVars.h)
varbit	43696	dom=0;var=8406;lo=16;hi=19;official=INCENSE_IRIT_POTENCY	Buffs: timers (BuffVars.h)
varbit	43706	dom=0;var=8407;lo=24;hi=27;official=INCENSE_WERGALI_POTENCY	Buffs: timers (BuffVars.h)
varbit	43697	dom=0;var=8406;lo=20;hi=23;official=INCENSE_AVANTOE_POTENCY	Buffs: timers (BuffVars.h)
varbit	43707	dom=0;var=8407;lo=28;hi=31;official=INCENSE_KWUARM_POTENCY	Buffs: timers (BuffVars.h)
varbit	43708	dom=0;var=8408;lo=0;hi=3;official=INCENSE_BLOODWEED_POTENCY	Buffs: timers (BuffVars.h)
varbit	43698	dom=0;var=8406;lo=24;hi=27;official=INCENSE_SNAPDRAGON_POTENCY	Buffs: timers (BuffVars.h)
varbit	43709	dom=0;var=8408;lo=4;hi=7;official=INCENSE_CADANTINE_POTENCY	Buffs: timers (BuffVars.h)
varbit	43699	dom=0;var=8406;lo=28;hi=31;official=INCENSE_LANTADYME_POTENCY	Buffs: timers (BuffVars.h)
varbit	43700	dom=0;var=8407;lo=0;hi=3;official=INCENSE_DWARF_POTENCY	Buffs: timers (BuffVars.h)
varbit	43701	dom=0;var=8407;lo=4;hi=7;official=INCENSE_TORSTOL_POTENCY	Buffs: timers (BuffVars.h)
varbit	43702	dom=0;var=8407;lo=8;hi=11;official=INCENSE_FELLSTALK_POTENCY	Buffs: timers (BuffVars.h)
varbit	28708	dom=0;var=5778;lo=2;hi=6;official=STORM_SHARD_STACKS_PLAYER	Buffs: timers (BuffVars.h)
varbit	36217	dom=0;var=6994;lo=0;hi=6;official=MENAPHOS_SLAYER_CORRUPT_STACKS	Buffs: timers (BuffVars.h)
varp	4678	type=0;official=BSLAY_REAPER_NECKLACE_STACK_AMOUNT	Buffs: timers (BuffVars.h)
varbit	1895	dom=0;var=682;lo=10;hi=17;official=COMBATV2_ADRENALINE_DEBUFF	Buffs: timers (BuffVars.h)
varbit	32637	dom=0;var=6362;lo=7;hi=13;official=GWD2_SOLO_EXPLODING_DOT_ITERATIONS	Buffs: timers (BuffVars.h)
varbit	56961	dom=0;var=10532;lo=15;hi=18;official=COMBATV2_BUFF_PERFECT_EQUILIBRIUM_STACKS	Buffs: timers (BuffVars.h)
varbit	28640	dom=0;var=5791;lo=2;hi=6;official=COMBATV2_STORM_SHARD_STACKS_TARGET	Buffs: timers (BuffVars.h)
varbit	38922	dom=0;var=7634;lo=2;hi=6;official=COMBATV2_ONSLAUGHT_TICKS	Buffs: timers (BuffVars.h)
varbit	29114	dom=0;var=5844;lo=7;hi=9;official=SEREN_EMERALD_BUFF	Buffs: timers (BuffVars.h)
varbit	29115	dom=0;var=5844;lo=10;hi=13;official=SEREN_RUBY_BUFF	Buffs: timers (BuffVars.h)
varbit	29113	dom=0;var=5844;lo=0;hi=6;official=SEREN_DAMAGE_REDUCTION	Buffs: timers (BuffVars.h)
varp	11823	type=0;official=COMBATV2_BUFF_NECROMANCY_SPIRIT_PHANTOM_GUARDIAN_STACKS	Buffs: timers (BuffVars.h)
varbit	30949	dom=0;var=6209;lo=9;hi=12;official=GWD2_SLISKE_BOSS_BUFFBAR_RAGE	Buffs: timers (BuffVars.h)
varbit	34893	dom=0;var=6773;lo=5;hi=14;official=NEX2_BUFF_BAR_ENRAGE	Buffs: timers (BuffVars.h)
varc	4276	type=0;official=SB_BUFF_ADDS	Buffs: timers (BuffVars.h)|Game text (rtx-gametext.js)
varbit	32623	dom=0;var=5889;lo=17;hi=23;official=COMBATV2_ARMOUR_BREAK	Buffs: timers (BuffVars.h)
varc	4277	type=0;official=SB_BUFF_ACID	Buffs: timers (BuffVars.h)|Game text (rtx-gametext.js)
varbit	52528	dom=0;var=10767;lo=5;hi=11;official=PLAYER_FORT_BUILDING_CURRENT_PERFECT_BUILD_MULTIPLIER	Buffs: timers (BuffVars.h)
varbit	34314	dom=0;var=6630;lo=0;hi=4;official=DMBH_WEAPON_MELEE_STACKS	Buffs: timers (BuffVars.h)
varbit	28719	dom=0;var=5779;lo=18;hi=20;official=RAID1_BEASTMASTER_DEBUFF_1	Buffs: timers (BuffVars.h)
varbit	28720	dom=0;var=5779;lo=21;hi=23;official=RAID1_BEASTMASTER_DEBUFF_2	Buffs: timers (BuffVars.h)
varbit	28721	dom=0;var=5779;lo=24;hi=26;official=RAID1_BEASTMASTER_DEBUFF_3	Buffs: timers (BuffVars.h)
varbit	28722	dom=0;var=5779;lo=27;hi=30;official=RAID1_STACKING_DEBUFF	Buffs: timers (BuffVars.h)
varbit	34871	dom=0;var=6774;lo=0;hi=15;official=NEX2_STACK_TANK_DEBUFF	Buffs: timers (BuffVars.h)
varbit	47360	dom=0;var=9405;lo=0;hi=3;official=INVENT_PERK_RUTHLESS_STACK_QUANTITY	Buffs: timers (BuffVars.h)
varp	9307	type=0;official=ARCH_EXCAVATION_FOCUS_COUNT	Buffs: timers (BuffVars.h)|Game text (rtx-gametext.js)
varp	4574	type=0;official=CLAN_CUP_SESSION_XP	Buffs: timers (BuffVars.h)
varp	2735	type=0;official=ROCKTHROWER	Buffs: timers (BuffVars.h)|Game text (rtx-gametext.js)
varbit	38967	dom=0;var=7634;lo=11;hi=13;official=COMBATV2_TARGET_SIDE_PANEL_PLAYER_TOPAZ_DEBUFF_STACKS	Buffs: timers (BuffVars.h)
varbit	39880	dom=0;var=7820;lo=24;hi=27;official=DSF_JELLYFISH_STUN_STACKS	Buffs: timers (BuffVars.h)
varbit	40601	dom=0;var=7917;lo=0;hi=7;official=NATURE_BOSS_PLAYER_BLIGHT_STACKS	Buffs: timers (BuffVars.h)
varbit	41009	dom=0;var=7954;lo=0;hi=6;official=DUNGEON_AMINISHI_BOSS2_WATER_PERCENT	Buffs: timers (BuffVars.h)
varbit	41298	dom=0;var=7998;lo=0;hi=3;official=CLAN_AVATAR_BUFF_LEVEL	Buffs: timers (BuffVars.h)|Game text (rtx-gametext.js)
varbit	41299	dom=0;var=7998;lo=4;hi=10;official=CLAN_AVATAR_BUFF_SKILLPLOT	Buffs: timers (BuffVars.h)|Game text (rtx-gametext.js)
varbit	51494	dom=0;var=10531;lo=0;hi=4;official=EGWD_ZAMORAK_BOSS_INFERNUS_CHOKING_STACKS	Buffs: timers (BuffVars.h)
varbit	51509	dom=0;var=10532;lo=5;hi=12;official=EGWD_ZAMORAK_BOSS_HEX_FLAMES_OF_ZAMORAK_STACKS	Buffs: timers (BuffVars.h)
varp	10432	type=0;official=DINARROW_WEN_BUFF_CHILL_STACKS	Buffs: timers (BuffVars.h)
varp	10433	type=0;official=DINARROW_WEN_BUFF_CHILL_STACKS_CONSUMED	Buffs: timers (BuffVars.h)
varp	9911	type=0;official=COMBATV2_MAGIC_ANIMATE_DEAD_STACKS	Buffs: timers (BuffVars.h)
varbit	49527	dom=0;var=9908;lo=8;hi=11;official=QUEST_SENNTISTEN_SHADOW_DAMAGE_CONSECUTIVE_HITS	Buffs: timers (BuffVars.h)
varp	9912	type=0;official=COMBATV2_BUFF_GLACIAL_EMBRACE_STACKS	Buffs: timers (BuffVars.h)
varp	9913	type=0;official=COMBATV2_BUFF_BLOOD_TITHE_STACKS	Buffs: timers (BuffVars.h)
varbit	48179	dom=0;var=9582;lo=16;hi=20;official=SKILLING_OFFHAND_MEASURE_STACKS	Buffs: timers (BuffVars.h)
varp	9588	type=0;official=HALLOWEEN2020_FAMINE_FRESH_STACKS	Buffs: timers (BuffVars.h)
varp	9589	type=0;official=HALLOWEEN2020_FAMINE_ROTTEN_STACKS	Buffs: timers (BuffVars.h)
varbit	49291	dom=0;var=9839;lo=0;hi=4;official=COMBATV2_BUFF_REXKINGS_RANGED_CORRODED_COUNT	Buffs: timers (BuffVars.h)|Game text (rtx-gametext.js)
varp	9667	type=0;official=COMBATV2_BOSS_BUFF_DINO_SIPHONED_ENERGY_COUNT	Buffs: timers (BuffVars.h)
varp	9668	type=0;official=COMBATV2_BUFF_DINO_BOSS_SHADOW_POWER_COUNT	Buffs: timers (BuffVars.h)
varbit	21565	dom=0;var=10222;lo=0;hi=14;official=EGWD_BIK_MAGIC_ARMOUR_SHIELD	Buffs: timers (BuffVars.h)|Game text (rtx-gametext.js)
varp	10254	type=0;official=COMBATV2_BUFF_EGWD_FUL_BOSS_INFERNAL_ENERGY_COUNT	Buffs: timers (BuffVars.h)
varp	10255	type=0;official=COMBATV2_BUFF_EGWD_FUL_BOSS_CHALLENGERS_VENGEANCE_COUNT	Buffs: timers (BuffVars.h)
varp	10256	type=0;official=COMBATV2_DEBUFF_EGWD_FUL_BOSS_INFERNAL_BURN_COUNT	Buffs: timers (BuffVars.h)
varp	10259	type=0;official=COMBATV2_DEBUFF_EGWD_FUL_BOSS_SEARING_PAIN_COUNT	Buffs: timers (BuffVars.h)
varp	10257	type=0;official=COMBATV2_DEBUFF_EGWD_FUL_BOSS_HEATING_UP_COUNT	Buffs: timers (BuffVars.h)
varbit	50198	dom=0;var=10182;lo=0;hi=5;official=EGWD_WEN_SLAYER_FREEZE_STACKS	Buffs: timers (BuffVars.h)
varp	10224	type=0;official=EGWD_BIK_CRITICAL_ARROW_STACKS	Buffs: timers (BuffVars.h)
varp	10326	type=0;official=DUEL_ARENA_REMOVAL_AGILITY_FAILED_OBSTACLES	Buffs: timers (BuffVars.h)
varbit	50812	dom=0;var=10338;lo=20;hi=22;official=DUEL_ARENA_REMOVAL_HUNTER_SCARAB_STACK	Buffs: timers (BuffVars.h)
varp	10534	type=0;official=EGWD_ZAMORAK_BOSS_EDICT_HASTE_STACKS	Buffs: timers (BuffVars.h)|Game text (rtx-gametext.js)
varp	10537	type=0;official=EGWD_ZAMORAK_BOSS_EDICT_BALANCE_OF_POWER_STACKS	Buffs: timers (BuffVars.h)|Game text (rtx-gametext.js)
varp	10538	type=0;official=EGWD_ZAMORAK_BOSS_EDICT_GUARDIANS_TRIUMPH_STACKS	Buffs: timers (BuffVars.h)|Game text (rtx-gametext.js)
varp	10539	type=0;official=EGWD_ZAMORAK_BOSS_EDICT_ANIMA_FLOW_STACKS	Buffs: timers (BuffVars.h)|Game text (rtx-gametext.js)
varp	10540	type=0;official=COMBATV2_DEBUFF_EGWD_ZAMORAK_BOSS_HEX_TWINSHOT_STACKS_CLIENT	Buffs: timers (BuffVars.h)|Game text (rtx-gametext.js)
varp	10541	type=0;official=COMBATV2_DEBUFF_EGWD_ZAMORAK_BOSS_HEX_EXECUTE_STACKS_CLIENT	Buffs: timers (BuffVars.h)|Game text (rtx-gametext.js)
varp	10543	type=0;official=COMBATV2_DEBUFF_EGWD_ZAMORAK_BOSS_HEX_SHIELD_PEN_STACKS_CLIENT	Buffs: timers (BuffVars.h)|Game text (rtx-gametext.js)
varp	10545	type=0;official=COMBATV2_DEBUFF_EGWD_ZAMORAK_BOSS_HEX_HEALING_REDUCTION_STACKS_CLIENT	Buffs: timers (BuffVars.h)|Game text (rtx-gametext.js)
varbit	51508	dom=0;var=10532;lo=0;hi=4;official=EGWD_ZAMORAK_BOSS_HELLHOUND_BLEED_STACKS	Buffs: timers (BuffVars.h)
varp	10951	type=0;official=COMBATV2_BOSS_BUFF_NECROMANCY_NECROSIS_STACKS	Buffs: timers (BuffVars.h)
varp	10952	type=0;official=COMBATV2_BOSS_BUFF_NECROMANCY_RESIDUAL_SOUL_STACKS	Buffs: timers (BuffVars.h)
varp	10986	type=0;official=COMBATV2_BUFF_NECROMANCY_NECROSIS_STACKS	Buffs: timers (BuffVars.h)
varp	11035	type=0;official=COMBATV2_BUFF_NECROMANCY_RESIDUAL_SOUL_STACKS	Buffs: timers (BuffVars.h)
varp	10997	type=0;official=COMBATV2_BUFF_NECROMANCY_SPIRIT_SKELETON_WARRIOR_STACKS	Buffs: timers (BuffVars.h)
varbit	54609	dom=0;var=11486;lo=14;hi=21;official=HALLOWEEN23_CANDY_ENHANCER_BUFF_STACKS_POWERUP	Buffs: timers (BuffVars.h)
varp	11534	type=0;official=FORT_BOSS_PLAYER_NECROTIC_DEBUFF	Buffs: timers (BuffVars.h)
varp	11545	type=0;official=COMBATV2_TARGET_SIDE_PANEL_TARGET_SHATTERING_BONES_ARMOUR_REDUCTION	Buffs: timers (BuffVars.h)
varp	8422	type=0;official=BONFIRE_BOOST_VAR	Buffs: timers (BuffVars.h)
varp	8423	type=0;official=BONFIRE_BOOST_DIV_VAR	Buffs: timers (BuffVars.h)
varbit	27010	dom=0;var=5111;lo=4;hi=31;official=NINJA_WW_SB_DAMAGE_STORED	Buffs: timers (BuffVars.h)
varp	11612	type=0;official=COMBATV2_BUFF_PRIMORDIAL_ICE_STACKS	Buffs: timers (BuffVars.h)
varp	11750	type=0;official=SKILLING_OFFHAND_ARCHAEOLOGY_BUFF_EFFECT_STACKS	Buffs: timers (BuffVars.h)
varp	11770	type=0;official=COMBATV2_BOSS_BUFF_DEVOURERS_CORRUPTION_STACKS	Buffs: timers (BuffVars.h)
varp	11771	type=0;official=COMBATV2_BOSS_BUFF_RAID_REBIRTH1_WYRM_BOSS_COILSPAWN_BOND_STACKS	Buffs: timers (BuffVars.h)
varp	11774	type=0;official=COMBATV2_BUFF_RESURRECTION_STACKS	Buffs: timers (BuffVars.h)
varp	11776	type=0;official=COMBATV2_BUFF_MAGIC_DEVOURER_T95_PASSIVE_STACKS	Buffs: timers (BuffVars.h)
varp	11834	type=0;official=ELIDINIS_BOSS_DEBUFF_CORRUPTION_STACKS	Buffs: timers (BuffVars.h)
varbit	55992	dom=0;var=11831;lo=6;hi=11;official=ELIDINIS_BOSS_SKILLING_OFFHAND_RUNECRAFTING_ATTUNED_ALTAR_STREAK	Buffs: timers (BuffVars.h)|Game text (rtx-gametext.js)
varp	12264	type=0;official=COMBATV2_DEBUFF_AMASCUT_BOSS_ENCOUNTER_CORRUPTION_STACKS	Buffs: timers (BuffVars.h)
varp	12268	type=0;official=COMBATV2_DEBUFF_AMASCUT_BOSS_ENCOUNTER_APMEKENS_BURDEN_STACKS	Buffs: timers (BuffVars.h)
varp	12277	type=0;official=AMASCUT_BOSS_SHADOW_CORE_FRAGMENT_STACK	Buffs: timers (BuffVars.h)
varp	12437	type=0;official=COMBATV2_DEBUFF_AMASCUT_BOSS_ENCOUNTER_ALTAR_INTERCEPTOR_STACKS	Buffs: timers (BuffVars.h)
varp	12655	type=0;official=COMBATV2_BUFF_MELEE_BLOODLUST_STACKS	Buffs: timers (BuffVars.h)|Game text (rtx-gametext.js)
varbit	60830	dom=0;var=12740;lo=0;hi=7;official=SLOW_SUM_CONNECTION_AMOUNT	Buffs: timers (BuffVars.h)|Game text (rtx-gametext.js)
varbit	60831	dom=0;var=12740;lo=8;hi=15;official=SLOW_SUM_COMMUNION_AMOUNT	Buffs: timers (BuffVars.h)
script	11073	h=60968d02;n=10709	Buffs: timers (BuffVars.h)
script	11077	h=bd0ec521;n=4757	Buffs: timers (BuffVars.h)
archive	2/46	files=527;max=526;crc=c3920762	Combat log: hitmark kinds (Hitmarks.h)
archive	2/4	files=607;max=606;crc=d0338af1	World map: overlay colours (OverlayTexColours.h)
script	42	h=eb58b0b9;n=75	Game text (rtx-gametext.js)
script	134	h=2415916c;n=59	Game text (rtx-gametext.js)
script	178	h=8733e916;n=677	Game text (rtx-gametext.js)
varbit	21603	dom=0;var=10162;lo=20;hi=20;official=BPETS_CROESUS_UNLOCKED	Game text (rtx-gametext.js)
varbit	26492	dom=0;var=3624;lo=29;hi=29;official=LRC2_BOSS_HM_PET_UNLOCK	Game text (rtx-gametext.js)
varbit	26638	dom=0;var=5058;lo=0;hi=0;official=BPETS_KREEARRA_UNLOCKED	Game text (rtx-gametext.js)
varbit	26640	dom=0;var=5058;lo=2;hi=2;official=BPETS_KRIL_UNLOCKED	Game text (rtx-gametext.js)
varbit	26642	dom=0;var=5058;lo=4;hi=4;official=BPETS_GRAARDOR_UNLOCKED	Game text (rtx-gametext.js)
varbit	26644	dom=0;var=5058;lo=6;hi=6;official=BPETS_ZILYANA_UNLOCKED	Game text (rtx-gametext.js)
varbit	26646	dom=0;var=5058;lo=8;hi=8;official=BPETS_NEX_UNLOCKED	Game text (rtx-gametext.js)
varbit	26648	dom=0;var=5058;lo=10;hi=10;official=BPETS_ARAXXOR_UNLOCKED	Game text (rtx-gametext.js)
varbit	26650	dom=0;var=5058;lo=12;hi=12;official=BPETS_ARAXXI_UNLOCKED	Game text (rtx-gametext.js)
varbit	26652	dom=0;var=5058;lo=14;hi=14;official=BPETS_CHAOSELEMENTAL_UNLOCKED	Game text (rtx-gametext.js)
varbit	26654	dom=0;var=5058;lo=16;hi=16;official=BPETS_CORP_UNLOCKED	Game text (rtx-gametext.js)
varbit	26656	dom=0;var=5058;lo=18;hi=18;official=BPETS_MOLE_UNLOCKED	Game text (rtx-gametext.js)
varbit	26658	dom=0;var=5058;lo=20;hi=20;official=BPETS_HARAKEN_UNLOCKED	Game text (rtx-gametext.js)
varbit	26660	dom=0;var=5058;lo=22;hi=22;official=BPETS_KK_UNLOCKED	Game text (rtx-gametext.js)
varbit	26662	dom=0;var=5058;lo=24;hi=24;official=BPETS_KQ_UNLOCKED	Game text (rtx-gametext.js)
varbit	26664	dom=0;var=5058;lo=26;hi=26;official=BPETS_KQ_FLYING_UNLOCKED	Game text (rtx-gametext.js)
varbit	26666	dom=0;var=5058;lo=28;hi=28;official=BPETS_KBD_UNLOCKED	Game text (rtx-gametext.js)
varbit	26668	dom=0;var=5058;lo=30;hi=30;official=BPETS_LEGIONES1_UNLOCKED	Game text (rtx-gametext.js)
varbit	26670	dom=0;var=5059;lo=0;hi=0;official=BPETS_LEGIONES2_UNLOCKED	Game text (rtx-gametext.js)
varbit	26672	dom=0;var=5059;lo=2;hi=2;official=BPETS_LEGIONES3_UNLOCKED	Game text (rtx-gametext.js)
varbit	26674	dom=0;var=5059;lo=4;hi=4;official=BPETS_LEGIONES4_UNLOCKED	Game text (rtx-gametext.js)
varbit	26676	dom=0;var=5059;lo=6;hi=6;official=BPETS_LEGIONES5_UNLOCKED	Game text (rtx-gametext.js)
varbit	26678	dom=0;var=5059;lo=8;hi=8;official=BPETS_LEGIONES6_UNLOCKED	Game text (rtx-gametext.js)
varbit	26680	dom=0;var=5059;lo=10;hi=10;official=BPETS_QBD_UNLOCKED	Game text (rtx-gametext.js)
varbit	26682	dom=0;var=5059;lo=12;hi=12;official=BPETS_PRIME_UNLOCKED	Game text (rtx-gametext.js)
varbit	26684	dom=0;var=5059;lo=14;hi=14;official=BPETS_REX_UNLOCKED	Game text (rtx-gametext.js)
varbit	26686	dom=0;var=5059;lo=16;hi=16;official=BPETS_SUPREME_UNLOCKED	Game text (rtx-gametext.js)
varbit	26688	dom=0;var=5059;lo=18;hi=18;official=BPETS_MEGADUCK_UNLOCKED	Game text (rtx-gametext.js)
varbit	30991	dom=0;var=6220;lo=2;hi=2;official=BPETS_VINDICTA_UNLOCKED	Game text (rtx-gametext.js)
varbit	30992	dom=0;var=6220;lo=3;hi=3;official=BPETS_GORVEK_UNLOCKED	Game text (rtx-gametext.js)
varbit	30993	dom=0;var=6220;lo=4;hi=4;official=BPETS_NYMORA_UNLOCKED	Game text (rtx-gametext.js)
varbit	30994	dom=0;var=6220;lo=5;hi=5;official=BPETS_AVARYSS_UNLOCKED	Game text (rtx-gametext.js)
varbit	30995	dom=0;var=6220;lo=6;hi=6;official=BPETS_SLISKE_UNLOCKED	Game text (rtx-gametext.js)
varbit	30996	dom=0;var=6220;lo=7;hi=7;official=BPETS_HELWYR_UNLOCKED	Game text (rtx-gametext.js)
varbit	32673	dom=0;var=6220;lo=12;hi=12;official=BPETS_TELOS_UNLOCKED	Game text (rtx-gametext.js)
varbit	33701	dom=0;var=6220;lo=14;hi=14;official=LRC2_VITALIS_UNLOCKED	Game text (rtx-gametext.js)
varbit	34122	dom=0;var=5806;lo=15;hi=15;official=BARROWS2_AHRIM_PET_UNLOCKED	Game text (rtx-gametext.js)
varbit	34123	dom=0;var=5806;lo=16;hi=16;official=BARROWS2_DHAROK_PET_UNLOCKED	Game text (rtx-gametext.js)
varbit	34124	dom=0;var=5806;lo=17;hi=17;official=BARROWS2_GUTHAN_PET_UNLOCKED	Game text (rtx-gametext.js)
varbit	34125	dom=0;var=5806;lo=18;hi=18;official=BARROWS2_KARIL_PET_UNLOCKED	Game text (rtx-gametext.js)
varbit	34126	dom=0;var=5806;lo=19;hi=19;official=BARROWS2_TORAG_PET_UNLOCKED	Game text (rtx-gametext.js)
varbit	34127	dom=0;var=5806;lo=20;hi=20;official=BARROWS2_VERAC_PET_UNLOCKED	Game text (rtx-gametext.js)
varbit	34900	dom=0;var=6220;lo=15;hi=15;official=BPETS_NEX2_UNLOCKED	Game text (rtx-gametext.js)
varbit	35117	dom=0;var=6762;lo=23;hi=23;official=LORE_JAD_PET_UNLOCKED	Game text (rtx-gametext.js)
varbit	36799	dom=0;var=6763;lo=22;hi=22;official=BPETS_MAGISTER_UNLOCKED	Game text (rtx-gametext.js)
varbit	40660	dom=0;var=7850;lo=16;hi=16;official=BPETS_SOLAK_UNLOCKED	Game text (rtx-gametext.js)
varbit	41066	dom=0;var=7851;lo=7;hi=7;official=BPETS_DUNGEON_AMINISHI3_UNLOCKED	Game text (rtx-gametext.js)
varbit	43433	dom=0;var=8353;lo=4;hi=4;official=BPETS_DUNGEON_DRAGONFORT3_UNLOCKED	Game text (rtx-gametext.js)
varbit	43434	dom=0;var=8353;lo=5;hi=5;official=BPETS_DUNGEON_ULTHVEN3_UNLOCKED	Game text (rtx-gametext.js)
varbit	48716	dom=0;var=9550;lo=18;hi=18;official=BPETS_DINO_UNLOCKED	Game text (rtx-gametext.js)
varbit	49306	dom=0;var=9780;lo=31;hi=31;official=BPETS_REXKINGS_MAGIC_UNLOCKED	Game text (rtx-gametext.js)
varbit	49307	dom=0;var=9846;lo=0;hi=0;official=BPETS_REXKINGS_MELEE_UNLOCKED	Game text (rtx-gametext.js)
varbit	49308	dom=0;var=9846;lo=1;hi=1;official=BPETS_REXKINGS_RANGED_UNLOCKED	Game text (rtx-gametext.js)
varbit	49798	dom=0;var=9873;lo=2;hi=2;official=BPETS_KERAPAC_UNLOCKED	Game text (rtx-gametext.js)
varbit	50209	dom=0;var=10162;lo=5;hi=5;official=BPETS_EGWD_WEN_BOSS_UNLOCKED	Game text (rtx-gametext.js)
varbit	50370	dom=0;var=10162;lo=25;hi=25;official=BPETS_EGWD_FUL_BOSS_UNLOCKED	Game text (rtx-gametext.js)
varbit	51548	dom=0;var=10399;lo=18;hi=18;official=BPETS_EGWD_ZAMORAK_BOSS_UNLOCKED	Game text (rtx-gametext.js)
varbit	53457	dom=0;var=10780;lo=6;hi=6;official=BPETS_HERMOD_BOSS_UNLOCKED	Game text (rtx-gametext.js)
varbit	53458	dom=0;var=10780;lo=7;hi=7;official=BPETS_RASIAL_BOSS_UNLOCKED	Game text (rtx-gametext.js)
varbit	54706	dom=0;var=11471;lo=4;hi=4;official=BPETS_VORKI_UNLOCKED	Game text (rtx-gametext.js)
varbit	55490	dom=0;var=11696;lo=13;hi=13;official=BPETS_REXKINGS_NECRO_UNLOCKED	Game text (rtx-gametext.js)
varbit	55816	dom=0;var=11697;lo=22;hi=22;official=BPETS_RAID_REBIRTH1_UNLOCKED	Game text (rtx-gametext.js)
varbit	55999	dom=0;var=11698;lo=14;hi=14;official=BPETS_ELIDINIS_BOSS_UNLOCKED	Game text (rtx-gametext.js)
varbit	58243	dom=0;var=12228;lo=0;hi=0;official=BPETS_AMASCUT_BOSS_UNLOCKED	Game text (rtx-gametext.js)
varbit	60360	dom=0;var=12528;lo=16;hi=16;official=BPETS_STALKER_BOSS_UNLOCKED	Game text (rtx-gametext.js)
varbit	60808	dom=0;var=12528;lo=22;hi=22;official=BPETS_WENDLE_GIANT_BOSS_UNLOCKED	Game text (rtx-gametext.js)
varbit	60809	dom=0;var=12528;lo=23;hi=23;official=BPETS_WENDLE_HEDGEHOG_BOSS_UNLOCKED	Game text (rtx-gametext.js)
script	247	h=0e92b2b9;n=808	Game text (rtx-gametext.js)
varbit	4407	dom=0;var=1481;lo=5;hi=5;official=WOF_REWARD_COOKING_HANDS	Game text (rtx-gametext.js)
varbit	4422	dom=0;var=1481;lo=20;hi=20;official=WOF_REWARD_SMITHING_HANDS	Game text (rtx-gametext.js)
varbit	18179	dom=0;var=3575;lo=1;hi=1;official=WOF_REWARD_PRAYER_CAPE	Game text (rtx-gametext.js)
varbit	30607	dom=0;var=6158;lo=0;hi=0;official=TRH85_AGILITY_FEET_UNLOCKED	Game text (rtx-gametext.js)
script	249	h=924232ff;n=103	Game text (rtx-gametext.js)
script	259	h=5d20226e;n=315	Game text (rtx-gametext.js)
script	273	h=11b0defc;n=188	Game text (rtx-gametext.js)
script	362	h=95832af5;n=227	Game text (rtx-gametext.js)
script	470	h=f350c73b;n=564	Game text (rtx-gametext.js)
varbit	34961	dom=0;var=6789;lo=0;hi=5;official=SKILLCAPE_PERKS_STORED1	Game text (rtx-gametext.js)
varbit	34962	dom=0;var=6789;lo=6;hi=11;official=SKILLCAPE_PERKS_STORED2	Game text (rtx-gametext.js)
varbit	34963	dom=0;var=6789;lo=12;hi=17;official=SKILLCAPE_PERKS_STORED3	Game text (rtx-gametext.js)
varbit	41367	dom=0;var=6789;lo=19;hi=19;official=SKILLCAPE_PERKS_STORED1_MASTER	Game text (rtx-gametext.js)
varbit	41368	dom=0;var=6789;lo=20;hi=20;official=SKILLCAPE_PERKS_STORED2_MASTER	Game text (rtx-gametext.js)
varbit	41369	dom=0;var=6789;lo=21;hi=21;official=SKILLCAPE_PERKS_STORED3_MASTER	Game text (rtx-gametext.js)
varbit	41371	dom=0;var=6789;lo=24;hi=29;official=SKILLCAPE_PERKS_GATHERER_STORED_1	Game text (rtx-gametext.js)
varbit	41372	dom=0;var=8002;lo=0;hi=5;official=SKILLCAPE_PERKS_GATHERER_STORED_2	Game text (rtx-gametext.js)
varbit	41373	dom=0;var=8002;lo=6;hi=11;official=SKILLCAPE_PERKS_COMBAT_STORED_1	Game text (rtx-gametext.js)
varbit	41374	dom=0;var=8002;lo=12;hi=17;official=SKILLCAPE_PERKS_COMBAT_STORED_2	Game text (rtx-gametext.js)
varbit	41375	dom=0;var=8002;lo=18;hi=23;official=SKILLCAPE_PERKS_ARTISAN_STORED_1	Game text (rtx-gametext.js)
varbit	41376	dom=0;var=8002;lo=24;hi=30;official=SKILLCAPE_PERKS_ARTISAN_STORED_2	Game text (rtx-gametext.js)
varbit	41377	dom=0;var=8003;lo=0;hi=5;official=SKILLCAPE_PERKS_SUPPORT_STORED_1	Game text (rtx-gametext.js)
varbit	41378	dom=0;var=8003;lo=6;hi=11;official=SKILLCAPE_PERKS_SUPPORT_STORED_2	Game text (rtx-gametext.js)
varbit	41379	dom=0;var=8003;lo=12;hi=12;official=SKILLCAPE_PERKS_GATHERER_STORED_1_MASTER	Game text (rtx-gametext.js)
varbit	41380	dom=0;var=8003;lo=13;hi=13;official=SKILLCAPE_PERKS_GATHERER_STORED_2_MASTER	Game text (rtx-gametext.js)
varbit	41381	dom=0;var=8003;lo=14;hi=14;official=SKILLCAPE_PERKS_COMBAT_STORED_1_MASTER	Game text (rtx-gametext.js)
varbit	41382	dom=0;var=8003;lo=15;hi=15;official=SKILLCAPE_PERKS_COMBAT_STORED_2_MASTER	Game text (rtx-gametext.js)
varbit	41383	dom=0;var=8003;lo=16;hi=16;official=SKILLCAPE_PERKS_ARTISAN_STORED_1_MASTER	Game text (rtx-gametext.js)
varbit	41384	dom=0;var=8003;lo=17;hi=17;official=SKILLCAPE_PERKS_ARTISAN_STORED_2_MASTER	Game text (rtx-gametext.js)
varbit	41385	dom=0;var=8003;lo=18;hi=18;official=SKILLCAPE_PERKS_SUPPORT_STORED_1_MASTER	Game text (rtx-gametext.js)
varbit	41386	dom=0;var=8003;lo=19;hi=19;official=SKILLCAPE_PERKS_SUPPORT_STORED_2_MASTER	Game text (rtx-gametext.js)
varp	8004	type=33;official=SKILLCAPE_PERKS_OBJ	Game text (rtx-gametext.js)
script	471	h=735aa665;n=138	Game text (rtx-gametext.js)
varp	8005	type=0;official=SKILLCAPE_PERKS_USED	Game text (rtx-gametext.js)
varp	8006	type=0;official=SKILLCAPE_PERKS_USED_MASTER	Game text (rtx-gametext.js)
script	519	h=bc9c68f9;n=684	Game text (rtx-gametext.js)
script	611	h=e5bb1ffb;n=159	Game text (rtx-gametext.js)
varbit	30336	dom=0;var=13488;lo=0;hi=0	Game text (rtx-gametext.js)
varbit	30347	dom=0;var=13488;lo=1;hi=1	Game text (rtx-gametext.js)
varbit	30356	dom=0;var=13488;lo=2;hi=2	Game text (rtx-gametext.js)
varbit	30364	dom=0;var=13488;lo=3;hi=3	Game text (rtx-gametext.js)
varbit	61480	dom=0;var=13488;lo=4;hi=4	Game text (rtx-gametext.js)
script	649	h=ecf231f6;n=193	Game text (rtx-gametext.js)
varbit	57763	dom=0;var=11790;lo=31;hi=31;official=JAN25_GOLDEN_BUNDLE_SMALL_PURCHASED	Game text (rtx-gametext.js)
varbit	57764	dom=0;var=11813;lo=30;hi=30;official=JAN25_GOLDEN_BUNDLE_MEDIUM_PURCHASED	Game text (rtx-gametext.js)
varbit	57765	dom=0;var=11813;lo=31;hi=31;official=JAN25_GOLDEN_BUNDLE_LARGE_PURCHASED	Game text (rtx-gametext.js)
script	670	h=90a641b7;n=121	Game text (rtx-gametext.js)
script	734	h=742e0a41;n=75	Game text (rtx-gametext.js)
script	756	h=28d2fa0b;n=93	Game text (rtx-gametext.js)
script	859	h=0e8c013b;n=55	Game text (rtx-gametext.js)
script	891	h=28c85103;n=81	Game text (rtx-gametext.js)
script	930	h=1bc19a75;n=628	Game text (rtx-gametext.js)
script	933	h=7045faf2;n=209	Game text (rtx-gametext.js)
script	950	h=ed81f808;n=1149	Game text (rtx-gametext.js)
script	951	h=b6e7cab4;n=978	Game text (rtx-gametext.js)
script	952	h=3fd24a0e;n=1937	Game text (rtx-gametext.js)
script	999	h=4de05401;n=292	Game text (rtx-gametext.js)
varc	5121	type=39;official=TLI_OPTEXT_INV	Game text (rtx-gametext.js)
varc	5122	type=0;official=TLI_OPTEXT_SLOT	Game text (rtx-gametext.js)
script	1000	h=e34c14e2;n=354	Game text (rtx-gametext.js)
script	1001	h=f8c4529b;n=343	Game text (rtx-gametext.js)
script	1002	h=aff6c45f;n=343	Game text (rtx-gametext.js)
script	1003	h=73363447;n=343	Game text (rtx-gametext.js)
script	1004	h=d872bd1b;n=292	Game text (rtx-gametext.js)
script	1005	h=0de77b70;n=354	Game text (rtx-gametext.js)
script	1006	h=d686a535;n=343	Game text (rtx-gametext.js)
script	1007	h=c0e00c51;n=343	Game text (rtx-gametext.js)
script	1008	h=28415109;n=343	Game text (rtx-gametext.js)
script	1017	h=d85d4cd3;n=181	Game text (rtx-gametext.js)
varbit	51775	dom=0;var=10630;lo=29;hi=29;official=GAMEMODE_SEASONAL_FSS_EARLY_ACCESS_ENABLED	Game text (rtx-gametext.js)
script	1347	h=8f9c19f9;n=1009	Game text (rtx-gametext.js)
varbit	685	dom=0;var=1103;lo=21;hi=21;official=TOOLBELT_SEXTANT	Game text (rtx-gametext.js)
varbit	2968	dom=0;var=1102;lo=0;hi=0;official=TOOLBELT_KNIFE	Game text (rtx-gametext.js)
varbit	2969	dom=0;var=1102;lo=1;hi=1;official=TOOLBELT_SHEARS	Game text (rtx-gametext.js)
varbit	2970	dom=0;var=1102;lo=2;hi=2;official=TOOLBELT_AMULET_MOULD	Game text (rtx-gametext.js)
varbit	2971	dom=0;var=1102;lo=3;hi=3;official=TOOLBELT_CHISEL	Game text (rtx-gametext.js)
varbit	2972	dom=0;var=1102;lo=4;hi=4;official=TOOLBELT_HOLY_MOULD	Game text (rtx-gametext.js)
varbit	2973	dom=0;var=1102;lo=5;hi=5;official=TOOLBELT_NECKLACE_MOULD	Game text (rtx-gametext.js)
varbit	2974	dom=0;var=1102;lo=6;hi=6;official=TOOLBELT_NEEDLE	Game text (rtx-gametext.js)
varbit	2975	dom=0;var=1102;lo=7;hi=7;official=TOOLBELT_RING_MOULD	Game text (rtx-gametext.js)
varbit	2976	dom=0;var=1102;lo=8;hi=8;official=TOOLBELT_TIARA_MOULD	Game text (rtx-gametext.js)
varbit	2977	dom=0;var=1102;lo=9;hi=9;official=TOOLBELT_CRAYFISH_CAGE	Game text (rtx-gametext.js)
varbit	2978	dom=0;var=1102;lo=10;hi=10;official=TOOLBELT_FISHING_ROD	Game text (rtx-gametext.js)
varbit	2979	dom=0;var=1102;lo=11;hi=11;official=TOOLBELT_FLY_FISHING_ROD	Game text (rtx-gametext.js)
varbit	2980	dom=0;var=1102;lo=12;hi=12;official=TOOLBELT_HARPOON	Game text (rtx-gametext.js)
varbit	2981	dom=0;var=1102;lo=13;hi=13;official=TOOLBELT_LOBSTER_POT	Game text (rtx-gametext.js)
varbit	2982	dom=0;var=1102;lo=14;hi=14;official=TOOLBELT_SMALL_NET	Game text (rtx-gametext.js)
varbit	2983	dom=0;var=1102;lo=15;hi=15;official=TOOLBELT_PICKAXE	Game text (rtx-gametext.js)
varbit	2984	dom=0;var=1102;lo=16;hi=16;official=TOOLBELT_HAMMER	Game text (rtx-gametext.js)
varbit	2985	dom=0;var=1102;lo=17;hi=17;official=TOOLBELT_HATCHET	Game text (rtx-gametext.js)
varbit	2986	dom=0;var=1102;lo=18;hi=18;official=TOOLBELT_TINDERBOX	Game text (rtx-gametext.js)
varbit	2988	dom=0;var=1103;lo=0;hi=0;official=TOOLBELT_SAW	Game text (rtx-gametext.js)
varbit	2989	dom=0;var=1103;lo=1;hi=1;official=TOOLBELT_AMMO_MOULD	Game text (rtx-gametext.js)
varbit	2990	dom=0;var=1103;lo=2;hi=2;official=TOOLBELT_BOLT_MOULD	Game text (rtx-gametext.js)
varbit	2991	dom=0;var=1103;lo=3;hi=3;official=TOOLBELT_BRACELET_MOULD	Game text (rtx-gametext.js)
varbit	2992	dom=0;var=1103;lo=4;hi=4;official=TOOLBELT_GLASSBLOWING_PIPE	Game text (rtx-gametext.js)
varbit	2993	dom=0;var=1103;lo=5;hi=5;official=TOOLBELT_SICKLE_MOULD	Game text (rtx-gametext.js)
varbit	2994	dom=0;var=1103;lo=6;hi=6;official=TOOLBELT_UNHOLY_MOULD	Game text (rtx-gametext.js)
varbit	2995	dom=0;var=1103;lo=7;hi=7;official=TOOLBELT_DIBBER	Game text (rtx-gametext.js)
varbit	2996	dom=0;var=1103;lo=8;hi=8;official=TOOLBELT_GARDENING_TROWEL	Game text (rtx-gametext.js)
varbit	2997	dom=0;var=1103;lo=9;hi=9;official=TOOLBELT_RAKE	Game text (rtx-gametext.js)
varbit	2998	dom=0;var=1103;lo=10;hi=10;official=TOOLBELT_SECATEURS	Game text (rtx-gametext.js)
varbit	2999	dom=0;var=1103;lo=11;hi=11;official=TOOLBELT_PESTLE_MORTAR	Game text (rtx-gametext.js)
varbit	3000	dom=0;var=1103;lo=12;hi=12;official=TOOLBELT_SPADE	Game text (rtx-gametext.js)
varbit	3001	dom=0;var=1103;lo=13;hi=13;official=TOOLBELT_BIG_NET	Game text (rtx-gametext.js)
varbit	3002	dom=0;var=1103;lo=14;hi=14;official=TOOLBELT_MACHETE	Game text (rtx-gametext.js)
varbit	3003	dom=0;var=1103;lo=15;hi=15;official=TOOLBELT_BARBARIAN_ROD	Game text (rtx-gametext.js)
varbit	3004	dom=0;var=1103;lo=16;hi=16;official=TOOLBELT_WATCH	Game text (rtx-gametext.js)
varbit	3005	dom=0;var=1103;lo=17;hi=17;official=TOOLBELT_CHART	Game text (rtx-gametext.js)
varbit	3006	dom=0;var=1103;lo=18;hi=18;official=TOOLBELT_CHAIN_MOULD	Game text (rtx-gametext.js)
varbit	3007	dom=0;var=1103;lo=19;hi=19;official=TOOLBELT_NOOSE_WAND	Game text (rtx-gametext.js)
varbit	16445	dom=0;var=7903;lo=30;hi=30;official=TOOLBELT_DOUBLE_AMMO_MOULD	Game text (rtx-gametext.js)
varbit	27430	dom=0;var=1103;lo=22;hi=22;official=TOOLBELT_FAIRY_SECATEURS	Game text (rtx-gametext.js)
varbit	27431	dom=0;var=1103;lo=23;hi=23;official=TOOLBELT_FAIRY_WATERING_CAN	Game text (rtx-gametext.js)
varbit	28219	dom=0;var=5699;lo=0;hi=0;official=TOOLBELT_ROCKHAMMER	Game text (rtx-gametext.js)
varbit	28220	dom=0;var=5699;lo=1;hi=1;official=TOOLBELT_SALT_BAG	Game text (rtx-gametext.js)
varbit	28221	dom=0;var=5699;lo=2;hi=2;official=TOOLBELT_ICE_COOLER	Game text (rtx-gametext.js)
varbit	28222	dom=0;var=5699;lo=3;hi=3;official=TOOLBELT_FUNGICIDE	Game text (rtx-gametext.js)
varbit	28223	dom=0;var=5699;lo=4;hi=4;official=TOOLBELT_SLAYER_BELL	Game text (rtx-gametext.js)
varbit	28224	dom=0;var=5699;lo=5;hi=5;official=TOOLBELT_CRYSTAL_CHIMES	Game text (rtx-gametext.js)
varbit	28225	dom=0;var=5699;lo=6;hi=7;official=TOOLBELT_FISHING_EXPLOSIVE	Game text (rtx-gametext.js)
varbit	28226	dom=0;var=5699;lo=8;hi=8;official=TOOLBELT_BONECRUSHER	Game text (rtx-gametext.js)
varbit	28227	dom=0;var=5699;lo=9;hi=9;official=TOOLBELT_SEEDICIDE	Game text (rtx-gametext.js)
varbit	28228	dom=0;var=5699;lo=10;hi=10;official=TOOLBELT_CHARMING_IMP	Game text (rtx-gametext.js)
varbit	28229	dom=0;var=5699;lo=11;hi=11;official=TOOLBELT_HERBICIDE	Game text (rtx-gametext.js)
varbit	28230	dom=0;var=5699;lo=12;hi=12;official=TOOLBELT_OUROBOROS_POUCH	Game text (rtx-gametext.js)
varbit	28410	dom=0;var=1103;lo=27;hi=27;official=TOOLBELT_TONGS	Game text (rtx-gametext.js)
varbit	30998	dom=0;var=1103;lo=28;hi=28;official=TOOLBELT_ROD_MOULD	Game text (rtx-gametext.js)
varbit	38660	dom=0;var=5699;lo=19;hi=19;official=TOOLBELT_GOLD_ACC	Game text (rtx-gametext.js)
varbit	40075	dom=0;var=1103;lo=30;hi=30;official=TOOLBELT_GRAPPLE_HOOK	Game text (rtx-gametext.js)
varbit	40234	dom=0;var=1103;lo=31;hi=31;official=TOOLBELT_LOCKPICK	Game text (rtx-gametext.js)
varbit	40235	dom=0;var=7903;lo=0;hi=0;official=TOOLBELT_STETHOSCOPE	Game text (rtx-gametext.js)
varbit	42126	dom=0;var=7903;lo=1;hi=1;official=TOOLBELT_INSECT_REPELLENT	Game text (rtx-gametext.js)
varbit	43690	dom=0;var=7903;lo=10;hi=11;official=TOOLBELT_INCENSE_BURNER	Game text (rtx-gametext.js)
varbit	45999	dom=0;var=1102;lo=28;hi=31;official=TOOLBELT_MATTOCK	Game text (rtx-gametext.js)
varbit	46000	dom=0;var=7903;lo=12;hi=12;official=TOOLBELT_CHAOS_STAR	Game text (rtx-gametext.js)
varbit	46001	dom=0;var=7903;lo=13;hi=13;official=TOOLBELT_PASS_IKOVIAN	Game text (rtx-gametext.js)
varbit	46002	dom=0;var=7903;lo=14;hi=14;official=TOOLBELT_PASS_STORMGUARD	Game text (rtx-gametext.js)
varbit	46003	dom=0;var=7903;lo=15;hi=15;official=TOOLBELT_BOOTS_OF_FLIGHT	Game text (rtx-gametext.js)
varbit	46004	dom=0;var=7903;lo=16;hi=17;official=TOOLBELT_WINGSUIT	Game text (rtx-gametext.js)
varbit	46463	dom=0;var=9235;lo=0;hi=6;official=ARCH_TUTORIAL	Game text (rtx-gametext.js)
varbit	47423	dom=0;var=7903;lo=18;hi=18;official=TOOLBELT_LEGATUS_PENDANT	Game text (rtx-gametext.js)
varbit	47424	dom=0;var=7903;lo=19;hi=19;official=TOOLBELT_PONTIFEX_RING	Game text (rtx-gametext.js)
varbit	52348	dom=0;var=7903;lo=20;hi=20;official=TOOLBELT_SEASON2022_INFERNUS_PUZZLE_BOX	Game text (rtx-gametext.js)
varbit	55525	dom=0;var=7903;lo=21;hi=21;official=TOOLBELT_FRIENDSHIP_BRACELET	Game text (rtx-gametext.js)
script	1379	h=4384385b;n=132	Game text (rtx-gametext.js)
varbit	28762	dom=0;var=5784;lo=0;hi=0;official=RAID1_ACHI_BEASTMASTER_EXTRA_PET	Game text (rtx-gametext.js)
varbit	28763	dom=0;var=5784;lo=1;hi=1;official=RAID1_ACHI_BEASTMASTER_GOEBIE	Game text (rtx-gametext.js)
varbit	28764	dom=0;var=5784;lo=2;hi=2;official=RAID1_ACHI_BEASTMASTER_CAGES	Game text (rtx-gametext.js)
varbit	28765	dom=0;var=5784;lo=3;hi=3;official=RAID1_ACHI_BEASTMASTER_FRIENDLY_FIRE	Game text (rtx-gametext.js)
varbit	28766	dom=0;var=5784;lo=4;hi=4;official=RAID1_ACHI_BEASTMASTER_GONG	Game text (rtx-gametext.js)
varbit	28767	dom=0;var=5784;lo=5;hi=5;official=RAID1_ACHI_WATERBOSS_POISON	Game text (rtx-gametext.js)
varbit	28768	dom=0;var=5784;lo=6;hi=6;official=RAID1_ACHI_WATERBOSS_JELLYFISH	Game text (rtx-gametext.js)
varbit	28769	dom=0;var=5784;lo=7;hi=7;official=RAID1_ACHI_WATERBOSS_ASPHYXIATE	Game text (rtx-gametext.js)
varbit	28770	dom=0;var=5784;lo=8;hi=8;official=RAID1_ACHI_WATERBOSS_MIRAGES	Game text (rtx-gametext.js)
varbit	28771	dom=0;var=5784;lo=9;hi=9;official=RAID1_ACHI_WATERBOSS_RESTART	Game text (rtx-gametext.js)
script	1432	h=c62f8568;n=429	Game text (rtx-gametext.js)
script	1524	h=5624e821;n=93	Game text (rtx-gametext.js)
script	1569	h=359012f9;n=110	Game text (rtx-gametext.js)
varp	3217	type=0;official=RCU_POUCH_DEGRADATION_MED	Game text (rtx-gametext.js)
script	1764	h=befcc1f3;n=180	Game text (rtx-gametext.js)
varp	3218	type=0;official=RCU_POUCH_DEGRADATION_LARGE	Game text (rtx-gametext.js)
script	2109	h=c167c582;n=210	Game text (rtx-gametext.js)
script	2156	h=a226f5fa;n=93	Game text (rtx-gametext.js)
script	2157	h=9a8233bd;n=58	Game text (rtx-gametext.js)
script	2158	h=e5c0118c;n=108	Game text (rtx-gametext.js)
script	2178	h=9e843c59;n=332	Game text (rtx-gametext.js)
script	2193	h=9d696f0c;n=972	Game text (rtx-gametext.js)
varbit	10848	dom=0;var=2337;lo=0;hi=6;official=DEATH_QUEST	Game text (rtx-gametext.js)
varbit	12334	dom=0;var=2506;lo=0;hi=5;official=WOLF_QUEST_2	Game text (rtx-gametext.js)
varbit	12349	dom=0;var=2507;lo=1;hi=10;official=WOLF_QUEST	Game text (rtx-gametext.js)
varbit	12894	dom=0;var=2616;lo=23;hi=23;official=FENK_READ_SIGNPOST	Game text (rtx-gametext.js)
varbit	13366	dom=0;var=2694;lo=0;hi=3;official=DRUID_QUEST_2	Game text (rtx-gametext.js)
varp	1295	type=0;official=TUTORIAL	Game text (rtx-gametext.js)
varp	2339	type=0;official=DEATH_EQUIPROOM	Game text (rtx-gametext.js)
varp	2426	type=0;official=UPASS	Game text (rtx-gametext.js)
varp	2427	type=0;official=IBANMULTI	Game text (rtx-gametext.js)
varp	2615	type=0;official=FENK_QUEST	Game text (rtx-gametext.js)
varp	2675	type=0;official=ELEMENTAL_WORKSHOP_BITS	Game text (rtx-gametext.js)
varp	2695	type=0;official=DRUIDQUEST	Game text (rtx-gametext.js)
varp	2793	type=0;official=ZOMBIEQUEEN	Game text (rtx-gametext.js)
script	2258	h=9f09db16;n=285	Game text (rtx-gametext.js)
varp	3219	type=0;official=RCU_POUCH_DEGRADATION_GIANT	Game text (rtx-gametext.js)
script	2475	h=f69de474;n=69	Game text (rtx-gametext.js)
script	2532	h=edd05eb4;n=224	Game text (rtx-gametext.js)
script	2535	h=9d4aef6a;n=203	Game text (rtx-gametext.js)
script	2544	h=eb4874cb;n=163	Game text (rtx-gametext.js)
varbit	43240	dom=0;var=8330;lo=0;hi=17;official=MASTERWORK_SET_EFFECT_DAMAGE_POOL	Game text (rtx-gametext.js)
varbit	43241	dom=0;var=8330;lo=18;hi=31;official=MASTERWORK_SET_EFFECT_DAMAGE_PREVIOUSLY_DEALT	Game text (rtx-gametext.js)
script	2546	h=dfe2cdf0;n=2338	Game text (rtx-gametext.js)
script	2547	h=6cc2c277;n=107	Game text (rtx-gametext.js)
script	2579	h=f68a497c;n=1972	Game text (rtx-gametext.js)
script	2615	h=95f33c04;n=1558	Game text (rtx-gametext.js)
script	2616	h=0e538553;n=209	Game text (rtx-gametext.js)
script	2617	h=352619c0;n=685	Game text (rtx-gametext.js)
script	2659	h=178e9d54;n=90	Game text (rtx-gametext.js)
varbit	50818	dom=0;var=10331;lo=23;hi=23;official=DUEL_ARENA_REMOVAL_REWARD_SHOP_STACK_INCREASE_UNLOCKED	Game text (rtx-gametext.js)
script	2759	h=ace86d52;n=117	Game text (rtx-gametext.js)
varbit	47015	dom=0;var=9367;lo=5;hi=5;official=ARCH_ELITE_SKILLING_HAT_UNLOCKED	Game text (rtx-gametext.js)
varbit	47016	dom=0;var=9367;lo=6;hi=6;official=ARCH_ELITE_SKILLING_BODY_UNLOCKED	Game text (rtx-gametext.js)
varbit	47017	dom=0;var=9367;lo=7;hi=7;official=ARCH_ELITE_SKILLING_LEGS_UNLOCKED	Game text (rtx-gametext.js)
varbit	47018	dom=0;var=9367;lo=8;hi=8;official=ARCH_ELITE_SKILLING_GLOVES_UNLOCKED	Game text (rtx-gametext.js)
varbit	47019	dom=0;var=9367;lo=9;hi=9;official=ARCH_ELITE_SKILLING_BOOTS_UNLOCKED	Game text (rtx-gametext.js)
script	2829	h=a2ab2a0e;n=81	Game text (rtx-gametext.js)
varbit	9902	dom=0;var=2612;lo=3;hi=6;official=RAG2_QUEST_VAR	Game text (rtx-gametext.js)|D&D Tracker
script	2915	h=928c792e;n=116	Game text (rtx-gametext.js)
script	2916	h=a5924a19;n=174	Game text (rtx-gametext.js)
varc	1533	type=0;official=FREMSAGA_INAREA	Game text (rtx-gametext.js)
script	3111	h=7a64ffde;n=14796	Game text (rtx-gametext.js)
varbit	21682	dom=0;var=682;lo=23;hi=23;official=COMBATV2_CONSERVATION_ACTIVE	Game text (rtx-gametext.js)
varbit	30332	dom=0;var=12215;lo=23;hi=23;official=INVENT_PERK_TAUNTING	Game text (rtx-gametext.js)
varbit	30338	dom=0;var=12215;lo=19;hi=19;official=INVENT_PERK_MOBILE	Game text (rtx-gametext.js)
varbit	30340	dom=0;var=6089;lo=4;hi=7;official=INVENT_PERK_TURTLING	Game text (rtx-gametext.js)
varbit	30341	dom=0;var=6089;lo=8;hi=11;official=INVENT_PERK_BRIEF_RESPITE	Game text (rtx-gametext.js)
varbit	30354	dom=0;var=6090;lo=4;hi=7;official=INVENT_PERK_SHIELD_BASHING	Game text (rtx-gametext.js)
varbit	30359	dom=0;var=6090;lo=20;hi=23;official=INVENT_PERK_CLEAR_HEADED	Game text (rtx-gametext.js)
varbit	30360	dom=0;var=12215;lo=13;hi=13;official=INVENT_PERK_REFLEXES	Game text (rtx-gametext.js)
varbit	30361	dom=0;var=6090;lo=24;hi=27;official=INVENT_PERK_BULWARK	Game text (rtx-gametext.js)
varbit	30362	dom=0;var=6090;lo=28;hi=31;official=INVENT_PERK_PREPARATION	Game text (rtx-gametext.js)
varbit	30980	dom=0;var=6219;lo=8;hi=11;official=INVENT_PERK_CAROMING	Game text (rtx-gametext.js)
varbit	30982	dom=0;var=6219;lo=16;hi=19;official=INVENT_PERK_LUNGING	Game text (rtx-gametext.js)
varbit	30983	dom=0;var=12215;lo=11;hi=11;official=INVENT_PERK_PLANTEDFEET	Game text (rtx-gametext.js)
varbit	33705	dom=0;var=6219;lo=20;hi=23;official=INVENT_PERK_FLANKING	Game text (rtx-gametext.js)
varbit	39926	dom=0;var=7048;lo=31;hi=31;official=HORRORUPDATE_ABILITIES_UNLOCKED	Game text (rtx-gametext.js)
varbit	44244	dom=0;var=8583;lo=0;hi=0;official=DINO_AGILITY_DOUBLE_SURGE_UNLOCKED	Game text (rtx-gametext.js)
varbit	44245	dom=0;var=8583;lo=1;hi=1;official=DINO_AGILITY_DOUBLE_ESCAPE_UNLOCKED	Game text (rtx-gametext.js)
varbit	55115	dom=0;var=8758;lo=18;hi=18;official=COMBATV2_AUTO_ATTACK_DISABLED	Game text (rtx-gametext.js)
varbit	58286	dom=0;var=11777;lo=10;hi=12;official=COMBAT_SET_MAGIC_DEVOURER_T95	Game text (rtx-gametext.js)
varbit	58288	dom=0;var=11544;lo=4;hi=5;official=NECRO_DEVOURER_NEXUS_T80_EFFECT_ANTI_SWITCH	Game text (rtx-gametext.js)
varp	12289	type=0;official=COMBATV2_BUFF_NECROMANCY_SPIRIT_VENGEFUL_GHOST_DEVOURERS_NEXUS_ACTIVE	Game text (rtx-gametext.js)
script	3354	h=60e7e789;n=467	Game text (rtx-gametext.js)
script	3381	h=af829961;n=186	Game text (rtx-gametext.js)
script	3382	h=65280a36;n=130	Game text (rtx-gametext.js)
script	3386	h=991dc80a;n=135	Game text (rtx-gametext.js)
script	3509	h=d99d8aee;n=71	Game text (rtx-gametext.js)
script	3721	h=39f3a178;n=533	Game text (rtx-gametext.js)
script	3726	h=699d331e;n=376	Game text (rtx-gametext.js)
script	3862	h=dfd00bb3;n=111	Game text (rtx-gametext.js)
varbit	39460	dom=0;var=7799;lo=0;hi=0;official=TRAIL_OUTFIT_TORSO_OWNED	Game text (rtx-gametext.js)|panel_globetrotter.js
varbit	39461	dom=0;var=7799;lo=1;hi=1;official=TRAIL_OUTFIT_LEGS_OWNED	Game text (rtx-gametext.js)|panel_globetrotter.js
varbit	39462	dom=0;var=7799;lo=2;hi=2;official=TRAIL_OUTFIT_GLOVES_OWNED	Game text (rtx-gametext.js)|panel_globetrotter.js
varbit	39463	dom=0;var=7799;lo=3;hi=3;official=TRAIL_OUTFIT_BOOTS_OWNED	Game text (rtx-gametext.js)|panel_globetrotter.js
varbit	39464	dom=0;var=7799;lo=4;hi=4;official=TRAIL_OUTFIT_CAPE_OWNED	Game text (rtx-gametext.js)|panel_globetrotter.js
script	3899	h=98de7bbf;n=166	Game text (rtx-gametext.js)
script	3939	h=74c71452;n=487	Game text (rtx-gametext.js)
script	3940	h=9af23416;n=404	Game text (rtx-gametext.js)
script	3956	h=538b66f9;n=798	Game text (rtx-gametext.js)
script	3985	h=8ab7a127;n=165	Game text (rtx-gametext.js)
script	4000	h=bb5ae463;n=312	Game text (rtx-gametext.js)
varbit	43336	dom=0;var=3130;lo=12;hi=12;official=ECOSYSTEM_INAREA	Game text (rtx-gametext.js)
script	4034	h=62268e86;n=352	Game text (rtx-gametext.js)
varbit	15176	dom=0;var=3022;lo=15;hi=15;official=SKILLCAPE_DISTINCTION_MAXCAPE_PLOG	Game text (rtx-gametext.js)
varbit	15177	dom=0;var=3022;lo=16;hi=16;official=SKILLCAPE_DISTINCTION_COMPLETIONIST_PLOG	Game text (rtx-gametext.js)
varbit	15178	dom=0;var=3022;lo=17;hi=17;official=SKILLCAPE_DISTINCTION_INSANE_PLOG	Game text (rtx-gametext.js)
script	4148	h=4d2305ad;n=81	Game text (rtx-gametext.js)
script	4229	h=1654740b;n=134	Game text (rtx-gametext.js)
script	4344	h=e21ed96f;n=4947	Game text (rtx-gametext.js)
varbit	707	dom=0;var=293;lo=26;hi=26;official=MTX_BATCH12_DEVILS_PEAK_UNLOCKED	Game text (rtx-gametext.js)
varbit	712	dom=0;var=284;lo=2;hi=2;official=MTX_BATCH14_ANIM_EXPLOSIVE_FIREMAKING_UNLOCKED	Game text (rtx-gametext.js)
varbit	718	dom=0;var=284;lo=8;hi=8;official=MTX_BATCH14_ANIM_EXPLOSIVE_MINING_UNLOCKED	Game text (rtx-gametext.js)
varbit	720	dom=0;var=284;lo=10;hi=10;official=MTX_BATCH14_ANIM_EXPLOSIVE_WOODCUTTING_UNLOCKED	Game text (rtx-gametext.js)
varbit	732	dom=0;var=285;lo=0;hi=0;official=MTX_BATCH5_TITLE_THE_UNLOCKED	Game text (rtx-gametext.js)
varbit	734	dom=0;var=285;lo=2;hi=2;official=MTX_BATCH5_TITLE_MR_UNLOCKED	Game text (rtx-gametext.js)
varbit	735	dom=0;var=285;lo=3;hi=3;official=MTX_BATCH5_TITLE_MASTER_UNLOCKED	Game text (rtx-gametext.js)
varbit	737	dom=0;var=285;lo=5;hi=5;official=MTX_BATCH5_TITLE_DOCTOR_UNLOCKED	Game text (rtx-gametext.js)
varbit	751	dom=0;var=292;lo=10;hi=10;official=MTX_BATCH8_PREMIUMHAIR_M_1_UNLOCKED	Game text (rtx-gametext.js)
varbit	758	dom=0;var=292;lo=17;hi=17;official=MTX_BATCH8_PREMIUMHAIR_M_8_UNLOCKED	Game text (rtx-gametext.js)
varbit	766	dom=0;var=286;lo=14;hi=14;official=MTX_BATCH3_SIZZLING_TORSO_UNLOCKED	Game text (rtx-gametext.js)
varbit	767	dom=0;var=286;lo=15;hi=15;official=MTX_BATCH3_SIZZLING_LEGS_UNLOCKED	Game text (rtx-gametext.js)
varbit	773	dom=0;var=286;lo=21;hi=21;official=MTX_BATCH3_SIZZLING_ANIM_CRAB_DANCE_UNLOCKED	Game text (rtx-gametext.js)
varbit	789	dom=0;var=286;lo=10;hi=10;official=MTX_BATCH3_ANIM_GNOME_GLIDER_TELE_UNLOCKED	Game text (rtx-gametext.js)
varbit	791	dom=0;var=286;lo=12;hi=12;official=MTX_BATCH3_ANIM_KICK_SAND_EMOTE_UNLOCKED	Game text (rtx-gametext.js)
varbit	792	dom=0;var=291;lo=9;hi=9;official=MTX_BATCH9_FOX_FULL_UNLOCKED	Game text (rtx-gametext.js)
varbit	814	dom=0;var=291;lo=31;hi=31;official=MTX_BATCH9_TITLE_THE_ADORABLE_UNLOCKED	Game text (rtx-gametext.js)
varbit	871	dom=0;var=287;lo=11;hi=11;official=MTX_BATCH1_CAT_FULL_UNLOCKED	Game text (rtx-gametext.js)
varbit	903	dom=0;var=288;lo=8;hi=8;official=MTX_BATCH1_TITLE_THEHANSOM_UNLOCKED	Game text (rtx-gametext.js)
varbit	907	dom=0;var=288;lo=12;hi=12;official=MTX_BATCH1_TITLE_THEMYSTERIOUS_UNLOCKED	Game text (rtx-gametext.js)
varbit	909	dom=0;var=288;lo=14;hi=14;official=MTX_BATCH1_TITLE_THEUNTOUCHABLE_UNLOCKED	Game text (rtx-gametext.js)
varbit	910	dom=0;var=288;lo=15;hi=15;official=MTX_BATCH1_TITLE_THEOUTRAGEOUS_UNLOCKED	Game text (rtx-gametext.js)
varbit	912	dom=0;var=288;lo=17;hi=17;official=MTX_BATCH1_TITLE_GRUMPY_UNLOCKED	Game text (rtx-gametext.js)
varbit	925	dom=0;var=288;lo=30;hi=30;official=MTX_BATCH1_ANIM_WOODCUTTING_SKILL_UNLOCKED	Game text (rtx-gametext.js)
varbit	929	dom=0;var=289;lo=2;hi=2;official=MTX_BATCH1_ANIM_ALCHEMY_SKILL_UNLOCKED	Game text (rtx-gametext.js)
varbit	933	dom=0;var=289;lo=6;hi=6;official=MTX_BATCH1_ANIM_BREAKDANCE_EMOTE_UNLOCKED	Game text (rtx-gametext.js)
varbit	934	dom=0;var=289;lo=7;hi=7;official=MTX_BATCH1_ANIM_MAHJARRAT_EMOTE_UNLOCKED	Game text (rtx-gametext.js)
varbit	935	dom=0;var=289;lo=8;hi=8;official=MTX_BATCH1_ANIM_GASSY_EMOTE_UNLOCKED	Game text (rtx-gametext.js)
varbit	937	dom=0;var=289;lo=10;hi=10;official=MTX_BATCH1_ANIM_GRAVE_EMOTE_UNLOCKED	Game text (rtx-gametext.js)
varbit	938	dom=0;var=289;lo=11;hi=11;official=MTX_BATCH1_ANIM_FROG_EMOTE_UNLOCKED	Game text (rtx-gametext.js)
varbit	950	dom=0;var=285;lo=8;hi=8;official=MTX_BATCH6_ANIM_MINING_UNLOCKED	Game text (rtx-gametext.js)
varbit	952	dom=0;var=285;lo=10;hi=10;official=MTX_BATCH6_ANIM_SMITHING_UNLOCKED	Game text (rtx-gametext.js)
varbit	960	dom=0;var=285;lo=18;hi=18;official=MTX_BATCH6_ANIM_FLETCHING_UNLOCKED	Game text (rtx-gametext.js)
varbit	17532	dom=0;var=3459;lo=26;hi=26;official=MTX_BATCH16_PREMIUMHAIR_F_2_UNLOCKED	Game text (rtx-gametext.js)
varbit	17533	dom=0;var=3459;lo=27;hi=27;official=MTX_BATCH16_PREMIUMHAIR_F_3_UNLOCKED	Game text (rtx-gametext.js)
varbit	18036	dom=0;var=3519;lo=15;hi=15;official=MTX_BATCH25_DEITY_WARGARB_GUTHIX_FULL_UNLOCKED	Game text (rtx-gametext.js)
varbit	18037	dom=0;var=3519;lo=16;hi=16;official=MTX_BATCH25_DEITY_WARGARB_SARADOMIN_FULL_UNLOCKED	Game text (rtx-gametext.js)
varbit	18038	dom=0;var=3519;lo=17;hi=17;official=MTX_BATCH25_DEITY_WARGARB_ZAMORAK_FULL_UNLOCKED	Game text (rtx-gametext.js)
varbit	18039	dom=0;var=3519;lo=18;hi=18;official=MTX_BATCH25_DEITY_WARGARB_ZAROS_FULL_UNLOCKED	Game text (rtx-gametext.js)
varbit	18227	dom=0;var=295;lo=7;hi=7;official=MTX_BATCH28_SCARECROW_MASK_UNLOCKED	Game text (rtx-gametext.js)
varbit	18322	dom=0;var=289;lo=25;hi=25;official=MTX_BATCH29_FIRE_PACK_FULL_UNLOCKED	Game text (rtx-gametext.js)
varbit	18323	dom=0;var=289;lo=26;hi=26;official=MTX_BATCH29_EARTH_PACK_FULL_UNLOCKED	Game text (rtx-gametext.js)
varbit	18324	dom=0;var=289;lo=27;hi=27;official=MTX_BATCH29_AIR_PACK_FULL_UNLOCKED	Game text (rtx-gametext.js)
varbit	18325	dom=0;var=289;lo=28;hi=28;official=MTX_BATCH29_WATER_PACK_FULL_UNLOCKED	Game text (rtx-gametext.js)
varbit	20206	dom=0;var=1244;lo=0;hi=0;official=LOY_COSMETIC_AURA_RED	Game text (rtx-gametext.js)
varbit	20207	dom=0;var=1244;lo=1;hi=1;official=LOY_COSMETIC_AURA_BLUE	Game text (rtx-gametext.js)
varbit	20208	dom=0;var=1244;lo=2;hi=2;official=LOY_COSMETIC_AURA_GREEN	Game text (rtx-gametext.js)
varbit	20209	dom=0;var=1244;lo=3;hi=3;official=LOY_COSMETIC_AURA_YELLOW	Game text (rtx-gametext.js)
varbit	20210	dom=0;var=1244;lo=4;hi=4;official=LOY_COSMETIC_AURA_PURPLE	Game text (rtx-gametext.js)
varbit	20211	dom=0;var=1244;lo=5;hi=5;official=LOY_COSMETIC_AURA_ORANGE	Game text (rtx-gametext.js)
varbit	20212	dom=0;var=1244;lo=6;hi=6;official=LOY_COSMETIC_AURA_BLACK	Game text (rtx-gametext.js)
varbit	20213	dom=0;var=1244;lo=7;hi=7;official=LOY_COSMETIC_AURA_WHITE	Game text (rtx-gametext.js)
varbit	20214	dom=0;var=1245;lo=0;hi=0;official=LOY_EMOTE_CATFIGHT	Game text (rtx-gametext.js)
varbit	20215	dom=0;var=1245;lo=1;hi=1;official=LOY_EMOTE_TALKTOHAND	Game text (rtx-gametext.js)
varbit	20216	dom=0;var=1245;lo=2;hi=2;official=LOY_EMOTE_HANDSHAKE	Game text (rtx-gametext.js)
varbit	20217	dom=0;var=1245;lo=3;hi=3;official=LOY_EMOTE_HIGHFIVE	Game text (rtx-gametext.js)
varbit	20218	dom=0;var=1245;lo=4;hi=4;official=LOY_EMOTE_FACEPALM	Game text (rtx-gametext.js)
varbit	20219	dom=0;var=1245;lo=5;hi=5;official=LOY_EMOTE_SURRENDER	Game text (rtx-gametext.js)
varbit	20220	dom=0;var=1245;lo=6;hi=6;official=LOY_EMOTE_LEVITATE	Game text (rtx-gametext.js)
varbit	20221	dom=0;var=1245;lo=7;hi=7;official=LOY_EMOTE_MUSCLE	Game text (rtx-gametext.js)
varbit	20222	dom=0;var=1245;lo=8;hi=8;official=LOY_EMOTE_ROFL	Game text (rtx-gametext.js)
varbit	20223	dom=0;var=1245;lo=9;hi=9;official=LOY_EMOTE_FIREBREATHING	Game text (rtx-gametext.js)
varbit	20224	dom=0;var=1245;lo=10;hi=10;official=LOY_EMOTE_WEATHER_STORM	Game text (rtx-gametext.js)
varbit	20225	dom=0;var=1245;lo=11;hi=11;official=LOY_EMOTE_WEATHER_SNOW	Game text (rtx-gametext.js)
varbit	20226	dom=0;var=1245;lo=12;hi=12;official=LOY_EMOTE_HEAD_IN_THE_SAND	Game text (rtx-gametext.js)
varbit	20227	dom=0;var=1245;lo=13;hi=13;official=LOY_EMOTE_HULA_HOOP	Game text (rtx-gametext.js)
varbit	20228	dom=0;var=1245;lo=14;hi=14;official=LOY_EMOTE_DISAPPEAR	Game text (rtx-gametext.js)
varbit	20229	dom=0;var=1245;lo=15;hi=15;official=LOY_EMOTE_GHOST	Game text (rtx-gametext.js)
varbit	20230	dom=0;var=1245;lo=16;hi=16;official=LOY_EMOTE_BRING_IT	Game text (rtx-gametext.js)
varbit	20231	dom=0;var=1245;lo=17;hi=17;official=LOY_EMOTE_FIST_INTO_PALM	Game text (rtx-gametext.js)
varbit	20232	dom=0;var=1245;lo=18;hi=18;official=LOY_EMOTE_EVIL_LAUGH	Game text (rtx-gametext.js)
varbit	20233	dom=0;var=1245;lo=19;hi=19;official=LOY_EMOTE_GOLF_CLAP	Game text (rtx-gametext.js)
varbit	20234	dom=0;var=1245;lo=20;hi=20;official=LOY_EMOTE_LOLCANO	Game text (rtx-gametext.js)
varbit	20235	dom=0;var=1245;lo=21;hi=21;official=LOY_EMOTE_INFERNAL_POWER	Game text (rtx-gametext.js)
varbit	20236	dom=0;var=1245;lo=22;hi=22;official=LOY_EMOTE_DIVINE_POWER	Game text (rtx-gametext.js)
varbit	20237	dom=0;var=1245;lo=23;hi=23;official=LOY_EMOTE_YOURE_DEAD	Game text (rtx-gametext.js)
varbit	20238	dom=0;var=1245;lo=24;hi=24;official=LOY_EMOTE_SCREAM	Game text (rtx-gametext.js)
varbit	20239	dom=0;var=1245;lo=25;hi=25;official=LOY_EMOTE_TORNADO	Game text (rtx-gametext.js)
varbit	20240	dom=0;var=1245;lo=26;hi=26;official=LOY_EMOTE_ROFLCOPTER	Game text (rtx-gametext.js)
varbit	20241	dom=0;var=1245;lo=27;hi=27;official=LOY_EMOTE_NATURES_MIGHT	Game text (rtx-gametext.js)
varbit	20242	dom=0;var=1245;lo=28;hi=28;official=LOY_EMOTE_INNER_POWER	Game text (rtx-gametext.js)
varbit	20243	dom=0;var=1245;lo=29;hi=29;official=LOY_EMOTE_WEREWOLF	Game text (rtx-gametext.js)
varbit	20244	dom=0;var=1247;lo=0;hi=0;official=LOY_TITLES_SIR	Game text (rtx-gametext.js)
varbit	20245	dom=0;var=1247;lo=1;hi=1;official=LOY_TITLES_LORD	Game text (rtx-gametext.js)
varbit	20247	dom=0;var=1247;lo=3;hi=3;official=LOY_TITLES_LIONHEART	Game text (rtx-gametext.js)
varbit	20249	dom=0;var=1247;lo=5;hi=5;official=LOY_TITLES_CRUSADER	Game text (rtx-gametext.js)
varbit	20251	dom=0;var=1247;lo=7;hi=7;official=LOY_TITLES_BARON	Game text (rtx-gametext.js)
varbit	20252	dom=0;var=1247;lo=8;hi=8;official=LOY_TITLES_COUNT	Game text (rtx-gametext.js)
varbit	20253	dom=0;var=1247;lo=9;hi=9;official=LOY_TITLES_OVERLORD	Game text (rtx-gametext.js)
varbit	20256	dom=0;var=1247;lo=12;hi=12;official=LOY_TITLES_KING	Game text (rtx-gametext.js)
varbit	20258	dom=0;var=1247;lo=14;hi=14;official=LOY_TITLES_BIGWIG	Game text (rtx-gametext.js)
varbit	20259	dom=0;var=1247;lo=15;hi=15;official=LOY_TITLES_WUNDERKIND	Game text (rtx-gametext.js)
varbit	20260	dom=0;var=1230;lo=0;hi=0;official=LOY_TITLES_EMPEROR	Game text (rtx-gametext.js)
varbit	20261	dom=0;var=1230;lo=1;hi=1;official=LOY_TITLES_PRINCE	Game text (rtx-gametext.js)
varbit	20262	dom=0;var=1230;lo=2;hi=2;official=LOY_TITLES_WITCHKING	Game text (rtx-gametext.js)
varbit	20263	dom=0;var=1230;lo=3;hi=3;official=LOY_TITLES_ARCHON	Game text (rtx-gametext.js)
varbit	20264	dom=0;var=1230;lo=4;hi=4;official=LOY_TITLES_JUSTICAR	Game text (rtx-gametext.js)
varbit	20265	dom=0;var=1230;lo=5;hi=5;official=LOY_TITLES_AWESOME	Game text (rtx-gametext.js)
varbit	20266	dom=0;var=1230;lo=6;hi=6;official=LOY_TITLES_MAGNIFICENT	Game text (rtx-gametext.js)
varbit	20267	dom=0;var=1230;lo=7;hi=7;official=LOY_TITLES_UNDEFEATED	Game text (rtx-gametext.js)
varbit	20268	dom=0;var=1230;lo=8;hi=8;official=LOY_TITLES_STRANGE	Game text (rtx-gametext.js)
varbit	20269	dom=0;var=1230;lo=9;hi=9;official=LOY_TITLES_DIVINE	Game text (rtx-gametext.js)
varbit	20270	dom=0;var=1230;lo=10;hi=10;official=LOY_TITLES_FALLEN	Game text (rtx-gametext.js)
varbit	20271	dom=0;var=1230;lo=11;hi=11;official=LOY_TITLES_WARRIOR	Game text (rtx-gametext.js)
varbit	20273	dom=0;var=1247;lo=16;hi=16;official=LOY_RECOLOUR_USELESS_ROCK	Game text (rtx-gametext.js)
varbit	20274	dom=0;var=1247;lo=17;hi=17;official=LOY_RECOLOUR_ROBINHOODHAT	Game text (rtx-gametext.js)
varbit	20275	dom=0;var=1247;lo=18;hi=18;official=LOY_RECOLOUR_STAFF_OF_LIGHT	Game text (rtx-gametext.js)
varbit	20277	dom=0;var=1247;lo=20;hi=20;official=LOY_RECOLOUR_LUNAR_HELMET	Game text (rtx-gametext.js)
varbit	20278	dom=0;var=1247;lo=21;hi=21;official=LOY_RECOLOUR_RANGER_BOOTS	Game text (rtx-gametext.js)
varbit	20279	dom=0;var=1247;lo=22;hi=22;official=LOY_RECOLOUR_SLAYER_HELMET_ALLCOMBATS	Game text (rtx-gametext.js)
varbit	20280	dom=0;var=1247;lo=23;hi=23;official=LOY_RECOLOUR_ENCHANTED_ONYX_RING	Game text (rtx-gametext.js)
varbit	20281	dom=0;var=1247;lo=24;hi=24;official=LOY_RECOLOUR_STAFF_OF_ZAROS	Game text (rtx-gametext.js)
varbit	20282	dom=0;var=1247;lo=25;hi=25;official=LOY_RECOLOUR_MAGICTRAINING_BOOKOFMAGIC	Game text (rtx-gametext.js)
varbit	20283	dom=0;var=1247;lo=26;hi=26;official=LOY_RECOLOUR_TRAIL_TOP_HAT	Game text (rtx-gametext.js)
varbit	21001	dom=0;var=3889;lo=27;hi=27;official=MTX_BATCH48_INFINITY_FULL_UNLOCKED	Game text (rtx-gametext.js)
varbit	21002	dom=0;var=3889;lo=28;hi=28;official=MTX_BATCH48_DRAGONSCALE_FULL_UNLOCKED	Game text (rtx-gametext.js)
varbit	21362	dom=0;var=3889;lo=31;hi=31;official=MTX_BATCH51_PERNIX_FULL_UNLOCKED	Game text (rtx-gametext.js)
varbit	21363	dom=0;var=4054;lo=0;hi=0;official=MTX_BATCH51_DRAGONFIRE_SHIELD_UNLOCKED	Game text (rtx-gametext.js)
varbit	21365	dom=0;var=4054;lo=4;hi=4;official=MTX_BATCH51_VIRTUS_FULL_UNLOCKED	Game text (rtx-gametext.js)
varbit	21366	dom=0;var=4054;lo=5;hi=5;official=MTX_BATCH51_TORVA_FULL_UNLOCKED	Game text (rtx-gametext.js)
varbit	22138	dom=0;var=4054;lo=23;hi=23;official=MTX_BATCH62_THROUGH_AGES_EMOTE_UNLOCKED	Game text (rtx-gametext.js)
varbit	22264	dom=0;var=4054;lo=26;hi=26;official=MTX_BATCH60_PLATE_ARMOUR_UNLOCKED	Game text (rtx-gametext.js)
varbit	22265	dom=0;var=4054;lo=27;hi=27;official=MTX_BATCH60_BANDOS_ARMOUR_UNLOCKED	Game text (rtx-gametext.js)
varbit	22266	dom=0;var=4054;lo=28;hi=28;official=MTX_BATCH60_GODSWORD_UNLOCKED	Game text (rtx-gametext.js)
varbit	22267	dom=0;var=4054;lo=29;hi=29;official=MTX_BATCH60_ARMADYL_ARMOUR_UNLOCKED	Game text (rtx-gametext.js)
varbit	22828	dom=0;var=4442;lo=1;hi=1;official=MTX_PET_PANDA_UNLOCKED	Game text (rtx-gametext.js)
varbit	22870	dom=0;var=4477;lo=9;hi=9;official=MTX_MTX70_VOID_UNLOCKED	Game text (rtx-gametext.js)
varbit	22897	dom=0;var=4477;lo=7;hi=7;official=MTX_MTX70_VOID_ELITE_UNLOCKED	Game text (rtx-gametext.js)
varbit	22898	dom=0;var=4477;lo=8;hi=8;official=MTX_MTX70_VOID_EQUIPMENT_UNLOCKED	Game text (rtx-gametext.js)
varbit	26210	dom=0;var=3889;lo=3;hi=3;official=MTX_HW14_TEDDY_UNLOCKED	Game text (rtx-gametext.js)
varbit	26478	dom=0;var=4766;lo=23;hi=23;official=MTX80_AHRIM_UNLOCKED	Game text (rtx-gametext.js)
varbit	26479	dom=0;var=4766;lo=24;hi=24;official=MTX80_DHAROK_UNLOCKED	Game text (rtx-gametext.js)
varbit	26480	dom=0;var=4766;lo=25;hi=25;official=MTX80_GUTHAN_UNLOCKED	Game text (rtx-gametext.js)
varbit	26481	dom=0;var=4766;lo=26;hi=26;official=MTX80_KARIL_UNLOCKED	Game text (rtx-gametext.js)
varbit	26482	dom=0;var=4766;lo=27;hi=27;official=MTX80_TORAG_UNLOCKED	Game text (rtx-gametext.js)
varbit	26483	dom=0;var=4766;lo=28;hi=28;official=MTX80_VERAC_UNLOCKED	Game text (rtx-gametext.js)
varp	1246	type=0;official=LOY_SHOP_PERM_COSTUME	Game text (rtx-gametext.js)
script	4356	h=d279776a;n=36	Game text (rtx-gametext.js)
script	4583	h=18861777;n=70	Game text (rtx-gametext.js)
script	4705	h=2ad421a0;n=249	Game text (rtx-gametext.js)
script	4743	h=b5fc97d1;n=274	Game text (rtx-gametext.js)
script	4744	h=0476dc6b;n=2810	Game text (rtx-gametext.js)
script	4924	h=e1c63f63;n=1612	Game text (rtx-gametext.js)
script	5003	h=90c52b1c;n=126	Game text (rtx-gametext.js)
script	5208	h=1ace5f3d;n=743	Game text (rtx-gametext.js)
script	5236	h=1d0cf251;n=583	Game text (rtx-gametext.js)
script	5240	h=213dedcb;n=960	Game text (rtx-gametext.js)
script	5241	h=2b29823a;n=221	Game text (rtx-gametext.js)
script	5242	h=7e6fcd26;n=221	Game text (rtx-gametext.js)
script	5254	h=d02a7c39;n=846	Game text (rtx-gametext.js)
script	5275	h=9671ada9;n=214	Game text (rtx-gametext.js)
varbit	27168	dom=0;var=3680;lo=20;hi=20;official=TOPLEVEL_V2_LEGACY_COMBAT	Game text (rtx-gametext.js)
script	5335	h=0d58811a;n=167	Game text (rtx-gametext.js)
script	5359	h=6bb58ac8;n=230	Game text (rtx-gametext.js)
script	5381	h=e1cf234b;n=978	Game text (rtx-gametext.js)
script	5382	h=70daf793;n=128	Game text (rtx-gametext.js)
script	5383	h=f44029f2;n=118	Game text (rtx-gametext.js)
script	5396	h=92852b10;n=266	Game text (rtx-gametext.js)
script	5412	h=95df27fe;n=354	Game text (rtx-gametext.js)
script	5413	h=d40d0bb7;n=143	Game text (rtx-gametext.js)
script	5414	h=e7b5e6bc;n=194	Game text (rtx-gametext.js)
script	5509	h=c825a895;n=196	Game text (rtx-gametext.js)
script	5515	h=69dcf7d6;n=134	Game text (rtx-gametext.js)
script	5516	h=0d7a2368;n=367	Game text (rtx-gametext.js)
script	5517	h=732f534c;n=227	Game text (rtx-gametext.js)
script	5518	h=726d4858;n=668	Game text (rtx-gametext.js)
script	5520	h=41f913b0;n=624	Game text (rtx-gametext.js)
varbit	20418	dom=0;var=3855;lo=0;hi=0;official=RAND_HARD_MODE_FLOOR_1	Game text (rtx-gametext.js)
varbit	20419	dom=0;var=3855;lo=1;hi=1;official=RAND_HARD_MODE_FLOOR_2	Game text (rtx-gametext.js)
varbit	20420	dom=0;var=3855;lo=2;hi=2;official=RAND_HARD_MODE_FLOOR_3	Game text (rtx-gametext.js)
varbit	20421	dom=0;var=3855;lo=3;hi=3;official=RAND_HARD_MODE_FLOOR_4	Game text (rtx-gametext.js)
varbit	20422	dom=0;var=3855;lo=4;hi=4;official=RAND_HARD_MODE_FLOOR_5	Game text (rtx-gametext.js)
varbit	20423	dom=0;var=3855;lo=5;hi=5;official=RAND_HARD_MODE_FLOOR_6	Game text (rtx-gametext.js)
varbit	20424	dom=0;var=3855;lo=6;hi=6;official=RAND_HARD_MODE_FLOOR_7	Game text (rtx-gametext.js)
varbit	20425	dom=0;var=3855;lo=7;hi=7;official=RAND_HARD_MODE_FLOOR_8	Game text (rtx-gametext.js)
varbit	20426	dom=0;var=3855;lo=8;hi=8;official=RAND_HARD_MODE_FLOOR_9	Game text (rtx-gametext.js)
varbit	20427	dom=0;var=3855;lo=9;hi=9;official=RAND_HARD_MODE_FLOOR_10	Game text (rtx-gametext.js)
varbit	20428	dom=0;var=3855;lo=10;hi=10;official=RAND_HARD_MODE_FLOOR_11	Game text (rtx-gametext.js)
varbit	20429	dom=0;var=3855;lo=11;hi=11;official=RAND_HARD_MODE_FLOOR_12	Game text (rtx-gametext.js)
varbit	20430	dom=0;var=3855;lo=12;hi=12;official=RAND_HARD_MODE_FLOOR_13	Game text (rtx-gametext.js)
varbit	20431	dom=0;var=3855;lo=13;hi=13;official=RAND_HARD_MODE_FLOOR_14	Game text (rtx-gametext.js)
varbit	20432	dom=0;var=3855;lo=14;hi=14;official=RAND_HARD_MODE_FLOOR_15	Game text (rtx-gametext.js)
varbit	20433	dom=0;var=3855;lo=15;hi=15;official=RAND_HARD_MODE_FLOOR_16	Game text (rtx-gametext.js)
varbit	20434	dom=0;var=3855;lo=16;hi=16;official=RAND_HARD_MODE_FLOOR_17	Game text (rtx-gametext.js)
varbit	20435	dom=0;var=3855;lo=17;hi=17;official=RAND_HARD_MODE_FLOOR_18	Game text (rtx-gametext.js)
varbit	20436	dom=0;var=3855;lo=18;hi=18;official=RAND_HARD_MODE_FLOOR_19	Game text (rtx-gametext.js)
varbit	20437	dom=0;var=3855;lo=19;hi=19;official=RAND_HARD_MODE_FLOOR_20	Game text (rtx-gametext.js)
varbit	20438	dom=0;var=3855;lo=20;hi=20;official=RAND_HARD_MODE_FLOOR_21	Game text (rtx-gametext.js)
varbit	20439	dom=0;var=3855;lo=21;hi=21;official=RAND_HARD_MODE_FLOOR_22	Game text (rtx-gametext.js)
varbit	20440	dom=0;var=3855;lo=22;hi=22;official=RAND_HARD_MODE_FLOOR_23	Game text (rtx-gametext.js)
varbit	20441	dom=0;var=3855;lo=23;hi=23;official=RAND_HARD_MODE_FLOOR_24	Game text (rtx-gametext.js)
varbit	20442	dom=0;var=3855;lo=24;hi=24;official=RAND_HARD_MODE_FLOOR_25	Game text (rtx-gametext.js)
varbit	20443	dom=0;var=3855;lo=25;hi=25;official=RAND_HARD_MODE_FLOOR_26	Game text (rtx-gametext.js)
varbit	20444	dom=0;var=3855;lo=26;hi=26;official=RAND_HARD_MODE_FLOOR_27	Game text (rtx-gametext.js)
varbit	20445	dom=0;var=3855;lo=27;hi=27;official=RAND_HARD_MODE_FLOOR_28	Game text (rtx-gametext.js)
varbit	20446	dom=0;var=3855;lo=28;hi=28;official=RAND_HARD_MODE_FLOOR_29	Game text (rtx-gametext.js)
varbit	20447	dom=0;var=3855;lo=29;hi=29;official=RAND_HARD_MODE_FLOOR_30	Game text (rtx-gametext.js)
varbit	20448	dom=0;var=3856;lo=0;hi=0;official=RAND_HARD_MODE_FLOOR_31	Game text (rtx-gametext.js)
varbit	20449	dom=0;var=3856;lo=1;hi=1;official=RAND_HARD_MODE_FLOOR_32	Game text (rtx-gametext.js)
varbit	20450	dom=0;var=3856;lo=2;hi=2;official=RAND_HARD_MODE_FLOOR_33	Game text (rtx-gametext.js)
varbit	20451	dom=0;var=3856;lo=3;hi=3;official=RAND_HARD_MODE_FLOOR_34	Game text (rtx-gametext.js)
varbit	20452	dom=0;var=3856;lo=4;hi=4;official=RAND_HARD_MODE_FLOOR_35	Game text (rtx-gametext.js)
varbit	20453	dom=0;var=3856;lo=5;hi=5;official=RAND_HARD_MODE_FLOOR_36	Game text (rtx-gametext.js)
varbit	20454	dom=0;var=3856;lo=6;hi=6;official=RAND_HARD_MODE_FLOOR_37	Game text (rtx-gametext.js)
varbit	20455	dom=0;var=3856;lo=7;hi=7;official=RAND_HARD_MODE_FLOOR_38	Game text (rtx-gametext.js)
varbit	20456	dom=0;var=3856;lo=8;hi=8;official=RAND_HARD_MODE_FLOOR_39	Game text (rtx-gametext.js)
varbit	20457	dom=0;var=3856;lo=9;hi=9;official=RAND_HARD_MODE_FLOOR_40	Game text (rtx-gametext.js)
varbit	20458	dom=0;var=3856;lo=10;hi=10;official=RAND_HARD_MODE_FLOOR_41	Game text (rtx-gametext.js)
varbit	20459	dom=0;var=3856;lo=11;hi=11;official=RAND_HARD_MODE_FLOOR_42	Game text (rtx-gametext.js)
varbit	20460	dom=0;var=3856;lo=12;hi=12;official=RAND_HARD_MODE_FLOOR_43	Game text (rtx-gametext.js)
varbit	20461	dom=0;var=3856;lo=13;hi=13;official=RAND_HARD_MODE_FLOOR_44	Game text (rtx-gametext.js)
varbit	20462	dom=0;var=3856;lo=14;hi=14;official=RAND_HARD_MODE_FLOOR_45	Game text (rtx-gametext.js)
varbit	20463	dom=0;var=3856;lo=15;hi=15;official=RAND_HARD_MODE_FLOOR_46	Game text (rtx-gametext.js)
varbit	20464	dom=0;var=3856;lo=16;hi=16;official=RAND_HARD_MODE_FLOOR_47	Game text (rtx-gametext.js)
varbit	20465	dom=0;var=3856;lo=17;hi=17;official=RAND_HARD_MODE_FLOOR_48	Game text (rtx-gametext.js)
varbit	20466	dom=0;var=3856;lo=18;hi=18;official=RAND_HARD_MODE_FLOOR_49	Game text (rtx-gametext.js)
varbit	20467	dom=0;var=3856;lo=19;hi=19;official=RAND_HARD_MODE_FLOOR_50	Game text (rtx-gametext.js)
varbit	20468	dom=0;var=3856;lo=20;hi=20;official=RAND_HARD_MODE_FLOOR_51	Game text (rtx-gametext.js)
varbit	20469	dom=0;var=3856;lo=21;hi=21;official=RAND_HARD_MODE_FLOOR_52	Game text (rtx-gametext.js)
varbit	20470	dom=0;var=3856;lo=22;hi=22;official=RAND_HARD_MODE_FLOOR_53	Game text (rtx-gametext.js)
varbit	20471	dom=0;var=3856;lo=23;hi=23;official=RAND_HARD_MODE_FLOOR_54	Game text (rtx-gametext.js)
varbit	20472	dom=0;var=3856;lo=24;hi=24;official=RAND_HARD_MODE_FLOOR_55	Game text (rtx-gametext.js)
varbit	20473	dom=0;var=3856;lo=25;hi=25;official=RAND_HARD_MODE_FLOOR_56	Game text (rtx-gametext.js)
varbit	20474	dom=0;var=3856;lo=26;hi=26;official=RAND_HARD_MODE_FLOOR_57	Game text (rtx-gametext.js)
varbit	20475	dom=0;var=3856;lo=27;hi=27;official=RAND_HARD_MODE_FLOOR_58	Game text (rtx-gametext.js)
varbit	20476	dom=0;var=3856;lo=28;hi=28;official=RAND_HARD_MODE_FLOOR_59	Game text (rtx-gametext.js)
varbit	20477	dom=0;var=3856;lo=29;hi=29;official=RAND_HARD_MODE_FLOOR_60	Game text (rtx-gametext.js)
script	5521	h=37e24e51;n=507	Game text (rtx-gametext.js)
script	5566	h=aca22ecb;n=161	Game text (rtx-gametext.js)
script	5641	h=5bbc11e3;n=790	Game text (rtx-gametext.js)
script	5729	h=dc121c8c;n=468	Game text (rtx-gametext.js)
script	5803	h=3be9d4f2;n=156	Game text (rtx-gametext.js)
script	5828	h=ec94d076;n=62205	Game text (rtx-gametext.js)
varbit	1899	dom=0;var=689;lo=4;hi=4;official=COMBATV2_PLAYER_IS_IN_COMBAT	Game text (rtx-gametext.js)
varbit	13266	dom=0;var=2676;lo=0;hi=6;official=GIANTDWARF_QUEST	Game text (rtx-gametext.js)
varbit	15705	dom=0;var=3089;lo=25;hi=30;official=ATMO_TELEPORTS_USED	Game text (rtx-gametext.js)
varbit	15960	dom=0;var=3101;lo=21;hi=21;official=ATSEER_ELITE_REWARD	Game text (rtx-gametext.js)
varbit	17234	dom=0;var=3433;lo=0;hi=29;official=POP_SCRIMSHAW_TIMELEFT	Game text (rtx-gametext.js)
varbit	18238	dom=0;var=3582;lo=4;hi=23;official=WOF35_KILL_COUNT_HANDS	Game text (rtx-gametext.js)
varbit	18242	dom=0;var=3583;lo=4;hi=23;official=WOF35_KILL_COUNT_COCKATRICE	Game text (rtx-gametext.js)
varbit	18246	dom=0;var=3584;lo=4;hi=23;official=WOF35_KILL_COUNT_BASILISK	Game text (rtx-gametext.js)
varbit	18250	dom=0;var=3585;lo=4;hi=23;official=WOF35_KILL_COUNT_KURASK	Game text (rtx-gametext.js)
varbit	18254	dom=0;var=3586;lo=4;hi=23;official=WOF35_KILL_COUNT_ABYSSAL	Game text (rtx-gametext.js)
varbit	18611	dom=0;var=3638;lo=4;hi=23;official=WOF50_KILL_COUNT_BANSHEE	Game text (rtx-gametext.js)
varbit	18615	dom=0;var=3639;lo=4;hi=23;official=WOF50_KILL_COUNT_JELLY	Game text (rtx-gametext.js)
varbit	18619	dom=0;var=3640;lo=4;hi=23;official=WOF50_KILL_COUNT_DUSTDEVIL	Game text (rtx-gametext.js)
varbit	18623	dom=0;var=3641;lo=4;hi=23;official=WOF50_KILL_COUNT_GARGOYLE	Game text (rtx-gametext.js)
varbit	18627	dom=0;var=3642;lo=4;hi=23;official=WOF50_KILL_COUNT_JADINKO	Game text (rtx-gametext.js)
varbit	21930	dom=0;var=4269;lo=4;hi=23;official=TRH9_KILL_COUNT_BLOODVELD	Game text (rtx-gametext.js)
varbit	21934	dom=0;var=4270;lo=4;hi=23;official=TRH9_KILL_COUNT_ABERRANT_SPECTRE	Game text (rtx-gametext.js)
varbit	21938	dom=0;var=4271;lo=4;hi=23;official=TRH9_KILL_COUNT_JUNGLE_STRYKEWYRM	Game text (rtx-gametext.js)
varbit	21942	dom=0;var=4272;lo=4;hi=23;official=TRH9_KILL_COUNT_DESERT_STRYKEWYRM	Game text (rtx-gametext.js)
varbit	21946	dom=0;var=4273;lo=4;hi=23;official=TRH9_KILL_COUNT_ICE_STRYKEWYRM	Game text (rtx-gametext.js)
varbit	21950	dom=0;var=4274;lo=4;hi=23;official=TRH9_KILL_COUNT_DARK_BEAST	Game text (rtx-gametext.js)
varbit	21951	dom=0;var=4275;lo=0;hi=14;official=TRH9_STRYKEWYRM_COOLDOWN	Game text (rtx-gametext.js)
varbit	22901	dom=0;var=4519;lo=0;hi=5;official=BSLAY_TARGET	Game text (rtx-gametext.js)
varbit	22902	dom=0;var=4519;lo=6;hi=10;official=BSLAY_KILLS_LEFT	Game text (rtx-gametext.js)
varbit	26736	dom=0;var=5815;lo=4;hi=23;official=TRH64_KILL_COUNT_DAGANNOTH	Game text (rtx-gametext.js)
varbit	26740	dom=0;var=5816;lo=4;hi=23;official=TRH64_KILL_COUNT_TROLL	Game text (rtx-gametext.js)
varbit	26744	dom=0;var=5817;lo=4;hi=23;official=TRH64_KILL_COUNT_GANODERMIC	Game text (rtx-gametext.js)
varbit	27394	dom=0;var=5186;lo=0;hi=18;official=TRH50_PULSE_ESSENCE_XP	Game text (rtx-gametext.js)
varbit	28861	dom=0;var=5818;lo=4;hi=23;official=TRH64_KILL_COUNT_AUTOMATON	Game text (rtx-gametext.js)
varbit	28865	dom=0;var=5819;lo=4;hi=23;official=TRH64_KILL_COUNT_AIRUT	Game text (rtx-gametext.js)
varbit	28869	dom=0;var=5820;lo=4;hi=23;official=TRH64_KILL_COUNT_DEMON	Game text (rtx-gametext.js)
varbit	28873	dom=0;var=5821;lo=4;hi=23;official=TRH64_KILL_COUNT_AQUANITE	Game text (rtx-gametext.js)
varbit	28874	dom=0;var=5822;lo=0;hi=15;official=TRH64_DAGANNOTH_COOLDOWN	Game text (rtx-gametext.js)
varbit	28875	dom=0;var=5822;lo=16;hi=31;official=TRH64_GANODERMIC_COOLDOWN	Game text (rtx-gametext.js)
varbit	28876	dom=0;var=5823;lo=0;hi=15;official=TRH64_AUTOMATON_COOLDOWN	Game text (rtx-gametext.js)
varbit	28877	dom=0;var=5823;lo=16;hi=31;official=TRH64_AIRUT_COOLDOWN	Game text (rtx-gametext.js)
varbit	28878	dom=0;var=5824;lo=0;hi=15;official=TRH64_DEMON_COOLDOWN	Game text (rtx-gametext.js)
varbit	28879	dom=0;var=5824;lo=16;hi=31;official=TRH64_AQUANITE_COOLDOWN	Game text (rtx-gametext.js)
varbit	30604	dom=0;var=6145;lo=0;hi=17;official=GOD_BOOK_TIMELEFT	Game text (rtx-gametext.js)
varbit	35985	dom=0;var=8176;lo=20;hi=20;official=GRACE_OF_ELVES_PORTER_DISABLED	Game text (rtx-gametext.js)
varbit	37578	dom=0;var=7251;lo=9;hi=14;official=INVENT_AUTO_SIPHON_NORMAL_AMOUNT	Game text (rtx-gametext.js)
varbit	37579	dom=0;var=7251;lo=15;hi=20;official=INVENT_AUTO_SIPHON_CRYSTAL_AMOUNT	Game text (rtx-gametext.js)
varbit	37583	dom=0;var=7252;lo=3;hi=3;official=POTION_RESERVOIR_TOGGLE	Game text (rtx-gametext.js)
varbit	37584	dom=0;var=7252;lo=4;hi=7;official=POTION_RESERVOIR_DOSES_STORED	Game text (rtx-gametext.js)
varbit	39465	dom=0;var=7799;lo=5;hi=7;official=TRAIL_OUTFIT_TORSO_CHARGE_PROGRESS	Game text (rtx-gametext.js)|panel_globetrotter.js
varbit	39466	dom=0;var=7799;lo=8;hi=10;official=TRAIL_OUTFIT_CAPE_CHARGE_PROGRESS	Game text (rtx-gametext.js)|panel_globetrotter.js
varbit	39467	dom=0;var=7799;lo=11;hi=12;official=TRAIL_OUTFIT_BOOTS_CHARGE_PROGRESS	Game text (rtx-gametext.js)|panel_globetrotter.js
varbit	39468	dom=0;var=7799;lo=13;hi=15;official=TRAIL_OUTFIT_TORSO_CHARGES	Game text (rtx-gametext.js)|panel_globetrotter.js
varbit	39469	dom=0;var=7799;lo=16;hi=18;official=TRAIL_OUTFIT_CAPE_CHARGES	Game text (rtx-gametext.js)|panel_globetrotter.js
varbit	39470	dom=0;var=7799;lo=19;hi=21;official=TRAIL_OUTFIT_BOOTS_CHARGES	Game text (rtx-gametext.js)|panel_globetrotter.js
varbit	42023	dom=0;var=8154;lo=2;hi=13;official=OCT18_BLACKSTONE_CHARGES	Game text (rtx-gametext.js)
varbit	42160	dom=0;var=8185;lo=0;hi=15;official=OCT18_ADRENALINE_URN_CHARGES	Game text (rtx-gametext.js)
varbit	42534	dom=0;var=5863;lo=12;hi=12;official=OPTION_HIDETOOLTIP_POTION	Game text (rtx-gametext.js)
varbit	45288	dom=0;var=9009;lo=8;hi=27;official=TRH165_CINDER_CORE_XP	Game text (rtx-gametext.js)
varbit	45291	dom=0;var=9011;lo=4;hi=23;official=TRH165_CINDER_CORE_MAX_XP	Game text (rtx-gametext.js)
varbit	49361	dom=0;var=9865;lo=2;hi=10;official=WISH_CHARGES_REMAINING	Game text (rtx-gametext.js)
varbit	49710	dom=0;var=9934;lo=0;hi=1;official=INVENT_PERK_DISPLAY_SETTING	Game text (rtx-gametext.js)
varbit	49720	dom=0;var=2733;lo=23;hi=23;official=CANNON_SIEGE_ENGINE_UNLOCKED	Game text (rtx-gametext.js)
varbit	49721	dom=0;var=2733;lo=24;hi=24;official=CANNON_MELEE_DAMAGE_UPGRADE_UNLOCKED	Game text (rtx-gametext.js)
varbit	49722	dom=0;var=2733;lo=25;hi=25;official=CANNON_MAGIC_DAMAGE_UPGRADE_UNLOCKED	Game text (rtx-gametext.js)
varbit	51808	dom=0;var=10633;lo=21;hi=21;official=GAMEMODE_SEASONAL_FSS_DEPOSIT_BOX_USED_TODAY	Game text (rtx-gametext.js)
varbit	51871	dom=0;var=10636;lo=0;hi=7;official=GAMEMODE_SEASONAL_FSS_DEPOSIT_BOX_TIME_LEFT	Game text (rtx-gametext.js)
varbit	54795	dom=0;var=11557;lo=0;hi=6;official=CHRISTMAS_HUB_DECORATION_MAKING_PROGRESS	Game text (rtx-gametext.js)
varbit	54893	dom=0;var=11580;lo=2;hi=2;official=XMAS23_SCARF_1_UNLOCKED	Game text (rtx-gametext.js)
varbit	54894	dom=0;var=11580;lo=3;hi=3;official=XMAS23_SCARF_2_UNLOCKED	Game text (rtx-gametext.js)
varbit	54895	dom=0;var=11580;lo=4;hi=4;official=XMAS23_SCARF_3_UNLOCKED	Game text (rtx-gametext.js)
varbit	54896	dom=0;var=11580;lo=5;hi=5;official=XMAS23_SCARF_4_UNLOCKED	Game text (rtx-gametext.js)
varbit	54897	dom=0;var=11580;lo=6;hi=6;official=XMAS23_SCARF_5_UNLOCKED	Game text (rtx-gametext.js)
varbit	54898	dom=0;var=11580;lo=7;hi=7;official=XMAS23_SCARF_6_UNLOCKED	Game text (rtx-gametext.js)
varbit	54899	dom=0;var=11580;lo=8;hi=8;official=XMAS23_HAT_1_UNLOCKED	Game text (rtx-gametext.js)
varbit	54900	dom=0;var=11580;lo=9;hi=9;official=XMAS23_HAT_2_UNLOCKED	Game text (rtx-gametext.js)
varbit	54901	dom=0;var=11580;lo=10;hi=10;official=XMAS23_HAT_3_UNLOCKED	Game text (rtx-gametext.js)
varbit	54902	dom=0;var=11580;lo=11;hi=11;official=XMAS23_HAT_4_UNLOCKED	Game text (rtx-gametext.js)
varbit	54903	dom=0;var=11580;lo=12;hi=12;official=XMAS23_HAT_5_UNLOCKED	Game text (rtx-gametext.js)
varbit	54904	dom=0;var=11580;lo=13;hi=13;official=XMAS23_HAT_6_UNLOCKED	Game text (rtx-gametext.js)
varbit	55172	dom=0;var=11646;lo=23;hi=29;official=EASTER_HUB_FOIL_PROGRESS	Game text (rtx-gametext.js)
varbit	55320	dom=0;var=11601;lo=5;hi=14;official=TRH180_EASTER24_BASKET_CHARGES	Game text (rtx-gametext.js)
varbit	56949	dom=0;var=12002;lo=0;hi=2;official=WOODCUTTING_CONSUMABLE_NEST_ATTUNER	Game text (rtx-gametext.js)
varbit	57039	dom=0;var=12021;lo=9;hi=16;official=QUEST_DESERT_SCABARAS_KERIS_UPGRADE_PROGRESS	Game text (rtx-gametext.js)
varbit	58116	dom=0;var=12236;lo=0;hi=13;official=PLATINUM_RING_OF_RETRIBUTION_CHARGES	Game text (rtx-gametext.js)
varbit	58117	dom=0;var=12237;lo=0;hi=19;official=PLATINUM_RING_OF_RETRIBUTION_OVERCHARGED_CHARGES	Game text (rtx-gametext.js)
varbit	60144	dom=0;var=12482;lo=3;hi=12;official=HEIST_LOOT_QUANTITY	Game text (rtx-gametext.js)
varbit	61611	dom=0;var=13496;lo=30;hi=31	Game text (rtx-gametext.js)
varbit	62039	dom=0;var=13670;lo=20;hi=30	Game text (rtx-gametext.js)
varbit	62056	dom=0;var=13672;lo=19;hi=21	Game text (rtx-gametext.js)
varp	183	type=0;official=SLAYER_COUNT	Game text (rtx-gametext.js)
varp	185	type=0;official=SLAYER_TARGET	Game text (rtx-gametext.js)
varp	2236	type=0;official=MISC_QUEST	Game text (rtx-gametext.js)
varp	3079	type=0;official=ATLUM_DAY_TRACKER	Game text (rtx-gametext.js)|D&D Tracker
varp	3216	type=0;official=NECKLACE_OF_BINDING	Game text (rtx-gametext.js)
varp	7253	type=33;official=INVENT_POTION_RESERVOIR_OBJ	Game text (rtx-gametext.js)
varp	11842	type=0;official=ELIDINIS_BOSS_QUEST_ENCOUNTER	Game text (rtx-gametext.js)
varp	13505	type=33	Game text (rtx-gametext.js)
varc	2239	type=33;official=TLI_OPTEXT_COMPARE_ITEM	Game text (rtx-gametext.js)
varc	4645	type=36;official=TLI_OPTEXT_CUSTOM_STRING	Game text (rtx-gametext.js)
varc	6492	type=0;official=TLI_OPTEXT_OTHERPLAYER_INV	Game text (rtx-gametext.js)
script	5839	h=6cec0a90;n=75	Game text (rtx-gametext.js)
varbit	44135	dom=0;var=8572;lo=2;hi=2;official=PASSIVE_REAPER_BOOST_CLIENT	Game text (rtx-gametext.js)
script	6240	h=eb706821;n=213	Game text (rtx-gametext.js)
script	6244	h=86617db0;n=210	Game text (rtx-gametext.js)
script	6245	h=fdd16e1a;n=207	Game text (rtx-gametext.js)
script	6345	h=e3c9e4db;n=2629	Game text (rtx-gametext.js)
script	6430	h=85c5d542;n=81	Game text (rtx-gametext.js)
script	6438	h=a650aa15;n=40	Game text (rtx-gametext.js)
script	6506	h=57d17cdd;n=4605	Game text (rtx-gametext.js)
varc	2091	type=0;official=COMBATV2_GLOBAL_COOLDOWN_START_CLIENT	Game text (rtx-gametext.js)
varc	2092	type=0;official=COMBATV2_GLOBAL_COOLDOWN_END_CLIENT	Game text (rtx-gametext.js)
varc	2093	type=0;official=COMBATV2_COOLDOWN_ATTACK_STRIKE_START_CLIENT	Game text (rtx-gametext.js)
varc	2094	type=0;official=COMBATV2_COOLDOWN_ATTACK_STRIKE_END_CLIENT	Game text (rtx-gametext.js)
varc	2095	type=0;official=COMBATV2_COOLDOWN_ATTACK_CHARGE_START_CLIENT	Game text (rtx-gametext.js)
varc	2096	type=0;official=COMBATV2_COOLDOWN_ATTACK_CHARGE_END_CLIENT	Game text (rtx-gametext.js)
varc	2097	type=0;official=COMBATV2_COOLDOWN_ATTACK_SEVER_START_CLIENT	Game text (rtx-gametext.js)
varc	2098	type=0;official=COMBATV2_COOLDOWN_ATTACK_SEVER_END_CLIENT	Game text (rtx-gametext.js)
varc	2099	type=0;official=COMBATV2_COOLDOWN_ATTACK_RIPOSTE_START_CLIENT	Game text (rtx-gametext.js)
varc	2100	type=0;official=COMBATV2_COOLDOWN_ATTACK_RIPOSTE_END_CLIENT	Game text (rtx-gametext.js)
varc	2101	type=0;official=COMBATV2_COOLDOWN_ATTACK_SMASH_START_CLIENT	Game text (rtx-gametext.js)
varc	2102	type=0;official=COMBATV2_COOLDOWN_ATTACK_SMASH_END_CLIENT	Game text (rtx-gametext.js)
varc	2103	type=0;official=COMBATV2_COOLDOWN_ATTACK_BACKHAND_START_CLIENT	Game text (rtx-gametext.js)
varc	2104	type=0;official=COMBATV2_COOLDOWN_ATTACK_BACKHAND_END_CLIENT	Game text (rtx-gametext.js)
varc	2105	type=0;official=COMBATV2_COOLDOWN_ATTACK_HAEMORRHAGE_START_CLIENT	Game text (rtx-gametext.js)
varc	2106	type=0;official=COMBATV2_COOLDOWN_ATTACK_HAEMORRHAGE_END_CLIENT	Game text (rtx-gametext.js)
varc	2107	type=0;official=COMBATV2_COOLDOWN_ATTACK_FLURRY_START_CLIENT	Game text (rtx-gametext.js)
varc	2108	type=0;official=COMBATV2_COOLDOWN_ATTACK_FLURRY_END_CLIENT	Game text (rtx-gametext.js)
varc	2109	type=0;official=COMBATV2_COOLDOWN_ATTACK_WHIRLWIND_START_CLIENT	Game text (rtx-gametext.js)
varc	2110	type=0;official=COMBATV2_COOLDOWN_ATTACK_WHIRLWIND_END_CLIENT	Game text (rtx-gametext.js)
varc	2111	type=0;official=COMBATV2_COOLDOWN_ATTACK_OVERPOWER_START_CLIENT	Game text (rtx-gametext.js)
varc	2112	type=0;official=COMBATV2_COOLDOWN_ATTACK_OVERPOWER_END_CLIENT	Game text (rtx-gametext.js)
varc	2113	type=0;official=COMBATV2_COOLDOWN_ATTACK_EVISCERATE_START_CLIENT	Game text (rtx-gametext.js)
varc	2114	type=0;official=COMBATV2_COOLDOWN_ATTACK_EVISCERATE_END_CLIENT	Game text (rtx-gametext.js)
varc	2115	type=0;official=COMBATV2_COOLDOWN_ATTACK_METEOR_STRIKE_START_CLIENT	Game text (rtx-gametext.js)
varc	2116	type=0;official=COMBATV2_COOLDOWN_ATTACK_METEOR_STRIKE_END_CLIENT	Game text (rtx-gametext.js)
varc	2121	type=0;official=COMBATV2_COOLDOWN_STRENGTH_PUNISH_START_CLIENT	Game text (rtx-gametext.js)
varc	2122	type=0;official=COMBATV2_COOLDOWN_STRENGTH_PUNISH_END_CLIENT	Game text (rtx-gametext.js)
varc	2123	type=0;official=COMBATV2_COOLDOWN_STRENGTH_FURY_START_CLIENT	Game text (rtx-gametext.js)
varc	2124	type=0;official=COMBATV2_COOLDOWN_STRENGTH_FURY_END_CLIENT	Game text (rtx-gametext.js)
varc	2125	type=0;official=COMBATV2_COOLDOWN_STRENGTH_SMITE_START_CLIENT	Game text (rtx-gametext.js)
varc	2126	type=0;official=COMBATV2_COOLDOWN_STRENGTH_SMITE_END_CLIENT	Game text (rtx-gametext.js)
varc	2127	type=0;official=COMBATV2_COOLDOWN_STRENGTH_CLEAVE_START_CLIENT	Game text (rtx-gametext.js)
varc	2128	type=0;official=COMBATV2_COOLDOWN_STRENGTH_CLEAVE_END_CLIENT	Game text (rtx-gametext.js)
varc	2129	type=0;official=COMBATV2_COOLDOWN_STRENGTH_ASSAULT_START_CLIENT	Game text (rtx-gametext.js)
varc	2130	type=0;official=COMBATV2_COOLDOWN_STRENGTH_ASSAULT_END_CLIENT	Game text (rtx-gametext.js)
varc	2131	type=0;official=COMBATV2_COOLDOWN_STRENGTH_QUAKE_START_CLIENT	Game text (rtx-gametext.js)
varc	2132	type=0;official=COMBATV2_COOLDOWN_STRENGTH_QUAKE_END_CLIENT	Game text (rtx-gametext.js)
varc	2133	type=0;official=COMBATV2_COOLDOWN_STRENGTH_DESTROY_START_CLIENT	Game text (rtx-gametext.js)
varc	2134	type=0;official=COMBATV2_COOLDOWN_STRENGTH_DESTROY_END_CLIENT	Game text (rtx-gametext.js)
varc	2135	type=0;official=COMBATV2_COOLDOWN_STRENGTH_BERSERK_START_CLIENT	Game text (rtx-gametext.js)
varc	2136	type=0;official=COMBATV2_COOLDOWN_STRENGTH_BERSERK_END_CLIENT	Game text (rtx-gametext.js)
varc	2137	type=0;official=COMBATV2_COOLDOWN_STRENGTH_FRENZY_START_CLIENT	Game text (rtx-gametext.js)
varc	2138	type=0;official=COMBATV2_COOLDOWN_STRENGTH_FRENZY_END_CLIENT	Game text (rtx-gametext.js)
varc	2139	type=0;official=COMBATV2_COOLDOWN_STRENGTH_PULVERISE_START_CLIENT	Game text (rtx-gametext.js)
varc	2140	type=0;official=COMBATV2_COOLDOWN_STRENGTH_PULVERISE_END_CLIENT	Game text (rtx-gametext.js)
varc	2141	type=0;official=COMBATV2_COOLDOWN_DEFENCE_ANTICIPATION_START_CLIENT	Game text (rtx-gametext.js)
varc	2142	type=0;official=COMBATV2_COOLDOWN_DEFENCE_ANTICIPATION_END_CLIENT	Game text (rtx-gametext.js)
varc	2143	type=0;official=COMBATV2_COOLDOWN_DEFENCE_FREEDOM_START_CLIENT	Game text (rtx-gametext.js)
varc	2144	type=0;official=COMBATV2_COOLDOWN_DEFENCE_FREEDOM_END_CLIENT	Game text (rtx-gametext.js)
varc	2145	type=0;official=COMBATV2_COOLDOWN_DEFENCE_TAUNT_START_CLIENT	Game text (rtx-gametext.js)
varc	2146	type=0;official=COMBATV2_COOLDOWN_DEFENCE_TAUNT_END_CLIENT	Game text (rtx-gametext.js)
varc	2147	type=0;official=COMBATV2_COOLDOWN_DEFENCE_RESONANCE_START_CLIENT	Game text (rtx-gametext.js)
varc	2148	type=0;official=COMBATV2_COOLDOWN_DEFENCE_RESONANCE_END_CLIENT	Game text (rtx-gametext.js)
varc	2149	type=0;official=COMBATV2_COOLDOWN_DEFENCE_PREPARATION_START_CLIENT	Game text (rtx-gametext.js)
varc	2150	type=0;official=COMBATV2_COOLDOWN_DEFENCE_PREPARATION_END_CLIENT	Game text (rtx-gametext.js)
varc	2151	type=0;official=COMBATV2_COOLDOWN_DEFENCE_BASH_START_CLIENT	Game text (rtx-gametext.js)
varc	2152	type=0;official=COMBATV2_COOLDOWN_DEFENCE_BASH_END_CLIENT	Game text (rtx-gametext.js)
varc	2153	type=0;official=COMBATV2_COOLDOWN_DEFENCE_REFLECT_START_CLIENT	Game text (rtx-gametext.js)
varc	2154	type=0;official=COMBATV2_COOLDOWN_DEFENCE_REFLECT_END_CLIENT	Game text (rtx-gametext.js)
varc	2155	type=0;official=COMBATV2_COOLDOWN_DEFENCE_DEBILITATE_START_CLIENT	Game text (rtx-gametext.js)
varc	2156	type=0;official=COMBATV2_COOLDOWN_DEFENCE_DEBILITATE_END_CLIENT	Game text (rtx-gametext.js)
varc	2157	type=0;official=COMBATV2_COOLDOWN_DEFENCE_REVENGE_START_CLIENT	Game text (rtx-gametext.js)
varc	2158	type=0;official=COMBATV2_COOLDOWN_DEFENCE_REVENGE_END_CLIENT	Game text (rtx-gametext.js)
varc	2159	type=0;official=COMBATV2_COOLDOWN_DEFENCE_BARRICADE_START_CLIENT	Game text (rtx-gametext.js)
varc	2160	type=0;official=COMBATV2_COOLDOWN_DEFENCE_BARRICADE_END_CLIENT	Game text (rtx-gametext.js)
varc	2161	type=0;official=COMBATV2_COOLDOWN_DEFENCE_RESURGENCE_START_CLIENT	Game text (rtx-gametext.js)
varc	2162	type=0;official=COMBATV2_COOLDOWN_DEFENCE_RESURGENCE_END_CLIENT	Game text (rtx-gametext.js)
varc	2163	type=0;official=COMBATV2_COOLDOWN_DEFENCE_HEROISM_START_CLIENT	Game text (rtx-gametext.js)
varc	2164	type=0;official=COMBATV2_COOLDOWN_DEFENCE_HEROISM_END_CLIENT	Game text (rtx-gametext.js)
varc	2165	type=0;official=COMBATV2_COOLDOWN_CONSTITUTION_REGENERATE_START_CLIENT	Game text (rtx-gametext.js)
varc	2166	type=0;official=COMBATV2_COOLDOWN_CONSTITUTION_REGENERATE_END_CLIENT	Game text (rtx-gametext.js)
varc	2167	type=0;official=COMBATV2_COOLDOWN_RANGED_PIERCING_SHOT_START_CLIENT	Game text (rtx-gametext.js)
varc	2168	type=0;official=COMBATV2_COOLDOWN_RANGED_PIERCING_SHOT_END_CLIENT	Game text (rtx-gametext.js)
varc	2169	type=0;official=COMBATV2_COOLDOWN_RANGED_BINDING_SHOT_START_CLIENT	Game text (rtx-gametext.js)
varc	2170	type=0;official=COMBATV2_COOLDOWN_RANGED_BINDING_SHOT_END_CLIENT	Game text (rtx-gametext.js)
varc	2171	type=0;official=COMBATV2_COOLDOWN_RANGED_ESCAPE_START_CLIENT	Game text (rtx-gametext.js)
varc	2172	type=0;official=COMBATV2_COOLDOWN_RANGED_ESCAPE_END_CLIENT	Game text (rtx-gametext.js)
varc	2173	type=0;official=COMBATV2_COOLDOWN_RANGED_SNIPE_START_CLIENT	Game text (rtx-gametext.js)
varc	2174	type=0;official=COMBATV2_COOLDOWN_RANGED_SNIPE_END_CLIENT	Game text (rtx-gametext.js)
varc	2175	type=0;official=COMBATV2_COOLDOWN_RANGED_FRAGMENTATION_SHOT_START_CLIENT	Game text (rtx-gametext.js)
varc	2176	type=0;official=COMBATV2_COOLDOWN_RANGED_FRAGMENTATION_SHOT_END_CLIENT	Game text (rtx-gametext.js)
varc	2177	type=0;official=COMBATV2_COOLDOWN_RANGED_RICOCHET_START_CLIENT	Game text (rtx-gametext.js)
varc	2178	type=0;official=COMBATV2_COOLDOWN_RANGED_RICOCHET_END_CLIENT	Game text (rtx-gametext.js)
varc	2179	type=0;official=COMBATV2_COOLDOWN_RANGED_SNAP_SHOT_START_CLIENT	Game text (rtx-gametext.js)
varc	2180	type=0;official=COMBATV2_COOLDOWN_RANGED_SNAP_SHOT_END_CLIENT	Game text (rtx-gametext.js)
varc	2181	type=0;official=COMBATV2_COOLDOWN_RANGED_RAPID_FIRE_START_CLIENT	Game text (rtx-gametext.js)
varc	2182	type=0;official=COMBATV2_COOLDOWN_RANGED_RAPID_FIRE_END_CLIENT	Game text (rtx-gametext.js)
varc	2183	type=0;official=COMBATV2_COOLDOWN_RANGED_BOMBARDMENT_START_CLIENT	Game text (rtx-gametext.js)
varc	2184	type=0;official=COMBATV2_COOLDOWN_RANGED_BOMBARDMENT_END_CLIENT	Game text (rtx-gametext.js)
varc	2185	type=0;official=COMBATV2_COOLDOWN_RANGED_EXPLOSIVE_SHOT_START_CLIENT	Game text (rtx-gametext.js)
varc	2186	type=0;official=COMBATV2_COOLDOWN_RANGED_EXPLOSIVE_SHOT_END_CLIENT	Game text (rtx-gametext.js)
varc	2187	type=0;official=COMBATV2_COOLDOWN_RANGED_UNLOAD_START_CLIENT	Game text (rtx-gametext.js)
varc	2188	type=0;official=COMBATV2_COOLDOWN_RANGED_UNLOAD_END_CLIENT	Game text (rtx-gametext.js)
varc	2189	type=0;official=COMBATV2_COOLDOWN_RANGED_HEADSHOT_START_CLIENT	Game text (rtx-gametext.js)
varc	2190	type=0;official=COMBATV2_COOLDOWN_RANGED_HEADSHOT_END_CLIENT	Game text (rtx-gametext.js)
varc	2191	type=0;official=COMBATV2_COOLDOWN_MAGIC_CHASTISE_START_CLIENT	Game text (rtx-gametext.js)
varc	2192	type=0;official=COMBATV2_COOLDOWN_MAGIC_CHASTISE_END_CLIENT	Game text (rtx-gametext.js)
varc	2193	type=0;official=COMBATV2_COOLDOWN_MAGIC_SURGE_START_CLIENT	Game text (rtx-gametext.js)
varc	2194	type=0;official=COMBATV2_COOLDOWN_MAGIC_SURGE_END_CLIENT	Game text (rtx-gametext.js)
varc	2195	type=0;official=COMBATV2_COOLDOWN_MAGIC_IMPACT_START_CLIENT	Game text (rtx-gametext.js)
varc	2196	type=0;official=COMBATV2_COOLDOWN_MAGIC_IMPACT_END_CLIENT	Game text (rtx-gametext.js)
varc	2197	type=0;official=COMBATV2_COOLDOWN_MAGIC_CHAIN_START_CLIENT	Game text (rtx-gametext.js)
varc	2198	type=0;official=COMBATV2_COOLDOWN_MAGIC_CHAIN_END_CLIENT	Game text (rtx-gametext.js)
varc	2199	type=0;official=COMBATV2_COOLDOWN_MAGIC_COMBUST_START_CLIENT	Game text (rtx-gametext.js)
varc	2200	type=0;official=COMBATV2_COOLDOWN_MAGIC_COMBUST_END_CLIENT	Game text (rtx-gametext.js)
varc	2201	type=0;official=COMBATV2_COOLDOWN_MAGIC_DRAGON_BREATH_START_CLIENT	Game text (rtx-gametext.js)
varc	2202	type=0;official=COMBATV2_COOLDOWN_MAGIC_DRAGON_BREATH_END_CLIENT	Game text (rtx-gametext.js)
varc	2203	type=0;official=COMBATV2_COOLDOWN_MAGIC_CHOKE_START_CLIENT	Game text (rtx-gametext.js)
varc	2204	type=0;official=COMBATV2_COOLDOWN_MAGIC_CHOKE_END_CLIENT	Game text (rtx-gametext.js)
varc	2205	type=0;official=COMBATV2_COOLDOWN_MAGIC_DETONATE_START_CLIENT	Game text (rtx-gametext.js)
varc	2206	type=0;official=COMBATV2_COOLDOWN_MAGIC_DETONATE_END_CLIENT	Game text (rtx-gametext.js)
varc	2207	type=0;official=COMBATV2_COOLDOWN_MAGIC_WILD_MAGIC_START_CLIENT	Game text (rtx-gametext.js)
varc	2208	type=0;official=COMBATV2_COOLDOWN_MAGIC_WILD_MAGIC_END_CLIENT	Game text (rtx-gametext.js)
varc	2209	type=0;official=COMBATV2_COOLDOWN_MAGIC_METAMORPHOSIS_START_CLIENT	Game text (rtx-gametext.js)
varc	2210	type=0;official=COMBATV2_COOLDOWN_MAGIC_METAMORPHOSIS_END_CLIENT	Game text (rtx-gametext.js)
varc	2211	type=0;official=COMBATV2_COOLDOWN_MAGIC_TSUNAMI_START_CLIENT	Game text (rtx-gametext.js)
varc	2212	type=0;official=COMBATV2_COOLDOWN_MAGIC_TSUNAMI_END_CLIENT	Game text (rtx-gametext.js)
varc	2213	type=0;official=COMBATV2_COOLDOWN_MAGIC_OVERLOAD_START_CLIENT	Game text (rtx-gametext.js)
varc	2214	type=0;official=COMBATV2_COOLDOWN_MAGIC_OVERLOAD_END_CLIENT	Game text (rtx-gametext.js)
varc	2215	type=0;official=COMBATV2_COOLDOWN_ITEM_ABILITY_1_START_CLIENT	Game text (rtx-gametext.js)
varc	2216	type=0;official=COMBATV2_COOLDOWN_ITEM_ABILITY_1_END_CLIENT	Game text (rtx-gametext.js)
varc	2713	type=0;official=COMBATV2_COOLDOWN_ATTACK_BALANCED_STRIKE_START_CLIENT	Game text (rtx-gametext.js)
varc	2714	type=0;official=COMBATV2_COOLDOWN_ATTACK_BALANCED_STRIKE_END_CLIENT	Game text (rtx-gametext.js)
varc	2715	type=0;official=COMBATV2_COOLDOWN_DEFENCE_NATURAL_INSTINCT_START_CLIENT	Game text (rtx-gametext.js)
varc	2716	type=0;official=COMBATV2_COOLDOWN_DEFENCE_NATURAL_INSTINCT_END_CLIENT	Game text (rtx-gametext.js)
varc	2717	type=0;official=COMBATV2_COOLDOWN_CONSTITUTION_GUTHIX_BLESSING_START_CLIENT	Game text (rtx-gametext.js)
varc	2718	type=0;official=COMBATV2_COOLDOWN_CONSTITUTION_GUTHIX_BLESSING_END_CLIENT	Game text (rtx-gametext.js)
varc	2719	type=0;official=COMBATV2_COOLDOWN_RANGED_DEATHS_SWIFTNESS_START_CLIENT	Game text (rtx-gametext.js)
varc	2720	type=0;official=COMBATV2_COOLDOWN_RANGED_DEATHS_SWIFTNESS_END_CLIENT	Game text (rtx-gametext.js)
varc	2721	type=0;official=COMBATV2_COOLDOWN_MAGIC_SUNSHINE_START_CLIENT	Game text (rtx-gametext.js)
varc	2722	type=0;official=COMBATV2_COOLDOWN_MAGIC_SUNSHINE_END_CLIENT	Game text (rtx-gametext.js)
varc	2727	type=0;official=COMBATV2_COOLDOWN_MAGIC_SONIC_BOOM_START_CLIENT	Game text (rtx-gametext.js)
varc	2728	type=0;official=COMBATV2_COOLDOWN_MAGIC_SONIC_BOOM_END_CLIENT	Game text (rtx-gametext.js)
varc	2729	type=0;official=COMBATV2_COOLDOWN_MAGIC_CONCENTRATED_BLAST_START_CLIENT	Game text (rtx-gametext.js)
varc	2730	type=0;official=COMBATV2_COOLDOWN_MAGIC_CONCENTRATED_BLAST_END_CLIENT	Game text (rtx-gametext.js)
varc	3893	type=0;official=COMBATV2_COOLDOWN_DEFENCE_DEVOTION_START_CLIENT	Game text (rtx-gametext.js)
varc	3894	type=0;official=COMBATV2_COOLDOWN_DEFENCE_DEVOTION_END_CLIENT	Game text (rtx-gametext.js)
varc	3895	type=0;official=COMBATV2_COOLDOWN_CONSTITUTION_SACRIFICE_START_CLIENT	Game text (rtx-gametext.js)
varc	3896	type=0;official=COMBATV2_COOLDOWN_CONSTITUTION_SACRIFICE_END_CLIENT	Game text (rtx-gametext.js)
varc	3897	type=0;official=COMBATV2_COOLDOWN_CONSTITUTION_TRANSFIGURE_START_CLIENT	Game text (rtx-gametext.js)
varc	3898	type=0;official=COMBATV2_COOLDOWN_CONSTITUTION_TRANSFIGURE_END_CLIENT	Game text (rtx-gametext.js)
varc	3899	type=0;official=COMBATV2_COOLDOWN_CONSTITUTION_6AWE2_BLESSING_START_CLIENT	Game text (rtx-gametext.js)
varc	3900	type=0;official=COMBATV2_COOLDOWN_CONSTITUTION_6AWE2_BLESSING_END_CLIENT	Game text (rtx-gametext.js)
varc	4175	type=0;official=COMBATV2_COOLDOWN_ATTACK_BLOOD_TENDRILS_START_CLIENT	Game text (rtx-gametext.js)
varc	4176	type=0;official=COMBATV2_COOLDOWN_ATTACK_BLOOD_TENDRILS_END_CLIENT	Game text (rtx-gametext.js)
varc	4177	type=0;official=COMBATV2_COOLDOWN_CONSTITUTION_ICE_ASYLUM_START_CLIENT	Game text (rtx-gametext.js)
varc	4178	type=0;official=COMBATV2_COOLDOWN_CONSTITUTION_ICE_ASYLUM_END_CLIENT	Game text (rtx-gametext.js)
varc	4179	type=0;official=COMBATV2_COOLDOWN_RANGED_SHADOW_TENDRILS_START_CLIENT	Game text (rtx-gametext.js)
varc	4180	type=0;official=COMBATV2_COOLDOWN_RANGED_SHADOW_TENDRILS_END_CLIENT	Game text (rtx-gametext.js)
varc	4181	type=0;official=COMBATV2_COOLDOWN_MAGIC_SMOKE_TENDRILS_START_CLIENT	Game text (rtx-gametext.js)
varc	4182	type=0;official=COMBATV2_COOLDOWN_MAGIC_SMOKE_TENDRILS_END_CLIENT	Game text (rtx-gametext.js)
varc	4235	type=0;official=COMBATV2_COOLDOWN_CONSTITUTION_SIPHON_START_CLIENT	Game text (rtx-gametext.js)
varc	4236	type=0;official=COMBATV2_COOLDOWN_CONSTITUTION_SIPHON_END_CLIENT	Game text (rtx-gametext.js)
varc	4239	type=0;official=COMBATV2_COOLDOWN_MAGIC_IMPACT2_START_CLIENT	Game text (rtx-gametext.js)
varc	4240	type=0;official=COMBATV2_COOLDOWN_MAGIC_IMPACT2_END_CLIENT	Game text (rtx-gametext.js)
varc	4617	type=0;official=COMBATV2_INTERRUPT_COOLDOWN_END_CLIENT	Game text (rtx-gametext.js)
varc	4978	type=0;official=COMBATV2_COOLDOWN_RANGED_CORRUPTION_START_CLIENT	Game text (rtx-gametext.js)
varc	4979	type=0;official=COMBATV2_COOLDOWN_RANGED_CORRUPTION_END_CLIENT	Game text (rtx-gametext.js)
varc	4980	type=0;official=COMBATV2_COOLDOWN_MAGIC_CORRUPTION_START_CLIENT	Game text (rtx-gametext.js)
varc	4981	type=0;official=COMBATV2_COOLDOWN_MAGIC_CORRUPTION_END_CLIENT	Game text (rtx-gametext.js)
varc	4992	type=0;official=COMBATV2_COOLDOWN_MAGIC_VENGEANCE_START_CLIENT	Game text (rtx-gametext.js)
varc	4993	type=0;official=COMBATV2_COOLDOWN_MAGIC_VENGEANCE_END_CLIENT	Game text (rtx-gametext.js)
varc	4994	type=0;official=COMBATV2_COOLDOWN_MAGIC_DISRUPTION_SHIELD_START_CLIENT	Game text (rtx-gametext.js)
varc	4995	type=0;official=COMBATV2_COOLDOWN_MAGIC_DISRUPTION_SHIELD_END_CLIENT	Game text (rtx-gametext.js)
varc	6035	type=0;official=COMBATV2_COOLDOWN_RANGED_PUNCTURE_ARROW_START_CLIENT	Game text (rtx-gametext.js)
varc	6036	type=0;official=COMBATV2_COOLDOWN_RANGED_PUNCTURE_ARROW_END_CLIENT	Game text (rtx-gametext.js)
varc	6037	type=0;official=COMBATV2_COOLDOWN_ATTACK_BLADED_DIVE_START_CLIENT	Game text (rtx-gametext.js)
varc	6038	type=0;official=COMBATV2_COOLDOWN_ATTACK_BLADED_DIVE_END_CLIENT	Game text (rtx-gametext.js)
varc	6384	type=0;official=COMBATV2_COOLDOWN_RANGED_DEMORALISE_START_CLIENT	Game text (rtx-gametext.js)
varc	6385	type=0;official=COMBATV2_COOLDOWN_RANGED_DEMORALISE_END_CLIENT	Game text (rtx-gametext.js)
varc	6386	type=0;official=COMBATV2_COOLDOWN_RANGED_ROUT_START_CLIENT	Game text (rtx-gametext.js)
varc	6387	type=0;official=COMBATV2_COOLDOWN_RANGED_ROUT_END_CLIENT	Game text (rtx-gametext.js)
varc	6388	type=0;official=COMBATV2_COOLDOWN_MAGIC_SHOCK_START_CLIENT	Game text (rtx-gametext.js)
varc	6389	type=0;official=COMBATV2_COOLDOWN_MAGIC_SHOCK_END_CLIENT	Game text (rtx-gametext.js)
varc	6390	type=0;official=COMBATV2_COOLDOWN_MAGIC_HORROR_START_CLIENT	Game text (rtx-gametext.js)
varc	6391	type=0;official=COMBATV2_COOLDOWN_MAGIC_HORROR_END_CLIENT	Game text (rtx-gametext.js)
varc	6593	type=0;official=COMBATV2_COOLDOWN_DEFENCE_UNSULLIED_START_CLIENT	Game text (rtx-gametext.js)
varc	6595	type=0;official=COMBATV2_COOLDOWN_DEFENCE_AGGRESSION_START_CLIENT	Game text (rtx-gametext.js)
varc	6597	type=0;official=COMBATV2_COOLDOWN_CONSTITUTION_INGENUITY_OF_THE_HUMANS_START_CLIENT	Game text (rtx-gametext.js)
varc	6598	type=0;official=COMBATV2_COOLDOWN_CONSTITUTION_INGENUITY_OF_THE_HUMANS_END_CLIENT	Game text (rtx-gametext.js)
varc	6599	type=0;official=COMBATV2_COOLDOWN_CONSTITUTION_DEMON_SLAYER_START_CLIENT	Game text (rtx-gametext.js)
varc	6600	type=0;official=COMBATV2_COOLDOWN_CONSTITUTION_DEMON_SLAYER_END_CLIENT	Game text (rtx-gametext.js)
varc	6601	type=0;official=COMBATV2_COOLDOWN_CONSTITUTION_DRAGON_SLAYER_START_CLIENT	Game text (rtx-gametext.js)
varc	6602	type=0;official=COMBATV2_COOLDOWN_CONSTITUTION_DRAGON_SLAYER_END_CLIENT	Game text (rtx-gametext.js)
varc	6603	type=0;official=COMBATV2_COOLDOWN_CONSTITUTION_UNDEAD_SLAYER_START_CLIENT	Game text (rtx-gametext.js)
varc	6604	type=0;official=COMBATV2_COOLDOWN_CONSTITUTION_UNDEAD_SLAYER_END_CLIENT	Game text (rtx-gametext.js)
varc	6605	type=0;official=COMBATV2_COOLDOWN_CONSTITUTION_LIMITLESS_START_CLIENT	Game text (rtx-gametext.js)
varc	6606	type=0;official=COMBATV2_COOLDOWN_CONSTITUTION_LIMITLESS_END_CLIENT	Game text (rtx-gametext.js)
varc	6607	type=0;official=COMBATV2_COOLDOWN_CONSTITUTION_SLAYING_START_CLIENT	Game text (rtx-gametext.js)
varc	6608	type=0;official=COMBATV2_COOLDOWN_CONSTITUTION_SLAYING_END_CLIENT	Game text (rtx-gametext.js)
varc	6609	type=0;official=COMBATV2_COOLDOWN_CONSTITUTION_FEROCIOUS_START_CLIENT	Game text (rtx-gametext.js)
varc	6610	type=0;official=COMBATV2_COOLDOWN_CONSTITUTION_FEROCIOUS_END_CLIENT	Game text (rtx-gametext.js)
varc	6611	type=0;official=COMBATV2_COOLDOWN_MAGIC_GOLDEN_TOUCH_START_CLIENT	Game text (rtx-gametext.js)
varc	6612	type=0;official=COMBATV2_COOLDOWN_MAGIC_GOLDEN_TOUCH_END_CLIENT	Game text (rtx-gametext.js)
varc	6866	type=0;official=COMBATV2_COOLDOWN_DEFENCE_DIVERT_START_CLIENT	Game text (rtx-gametext.js)
varc	6867	type=0;official=COMBATV2_COOLDOWN_DEFENCE_DIVERT_END_CLIENT	Game text (rtx-gametext.js)
varc	6951	type=0;official=COMBATV2_COOLDOWN_DEFENCE_STOP_ATTACKING_START_CLIENT	Game text (rtx-gametext.js)
varc	6952	type=0;official=COMBATV2_COOLDOWN_DEFENCE_STOP_ATTACKING_END_CLIENT	Game text (rtx-gametext.js)
varc	6991	type=0;official=COMBATV2_COOLDOWN_MAGIC_MAGMA_TEMPEST_START_CLIENT	Game text (rtx-gametext.js)
varc	7059	type=0;official=COMBATV2_COOLDOWN_STRENGTH_CHAOS_ROAR_START_CLIENT	Game text (rtx-gametext.js)
varc	7060	type=0;official=COMBATV2_COOLDOWN_STRENGTH_CHAOS_ROAR_END_CLIENT	Game text (rtx-gametext.js)
varc	7225	type=0;official=COMBATV2_COOLDOWN_NECROMANCY_DEATH_TOUCH_START_CLIENT	Game text (rtx-gametext.js)
varc	7226	type=0;official=COMBATV2_COOLDOWN_NECROMANCY_DEATH_TOUCH_END_CLIENT	Game text (rtx-gametext.js)
varc	7227	type=0;official=COMBATV2_COOLDOWN_NECROMANCY_CONJURE_SKELETON_WARRIOR_START_CLIENT	Game text (rtx-gametext.js)
varc	7228	type=0;official=COMBATV2_COOLDOWN_NECROMANCY_CONJURE_SKELETON_WARRIOR_END_CLIENT	Game text (rtx-gametext.js)
varc	7229	type=0;official=COMBATV2_COOLDOWN_NECROMANCY_COMMAND_SKELETON_WARRIOR_START_CLIENT	Game text (rtx-gametext.js)
varc	7230	type=0;official=COMBATV2_COOLDOWN_NECROMANCY_COMMAND_SKELETON_WARRIOR_END_CLIENT	Game text (rtx-gametext.js)
varc	7232	type=0;official=COMBATV2_COOLDOWN_NECROMANCY_CONJURE_PUTRID_ZOMBIE_START_CLIENT	Game text (rtx-gametext.js)
varc	7233	type=0;official=COMBATV2_COOLDOWN_NECROMANCY_CONJURE_PUTRID_ZOMBIE_END_CLIENT	Game text (rtx-gametext.js)
varc	7234	type=0;official=COMBATV2_COOLDOWN_NECROMANCY_COMMAND_PUTRID_ZOMBIE_START_CLIENT	Game text (rtx-gametext.js)
varc	7235	type=0;official=COMBATV2_COOLDOWN_NECROMANCY_COMMAND_PUTRID_ZOMBIE_END_CLIENT	Game text (rtx-gametext.js)
varc	7237	type=0;official=COMBATV2_COOLDOWN_NECROMANCY_CONJURE_VENGEFUL_GHOST_START_CLIENT	Game text (rtx-gametext.js)
varc	7238	type=0;official=COMBATV2_COOLDOWN_NECROMANCY_CONJURE_VENGEFUL_GHOST_END_CLIENT	Game text (rtx-gametext.js)
varc	7239	type=0;official=COMBATV2_COOLDOWN_NECROMANCY_COMMAND_VENGEFUL_GHOST_START_CLIENT	Game text (rtx-gametext.js)
varc	7240	type=0;official=COMBATV2_COOLDOWN_NECROMANCY_COMMAND_VENGEFUL_GHOST_END_CLIENT	Game text (rtx-gametext.js)
varc	7242	type=0;official=COMBATV2_COOLDOWN_NECROMANCY_FINGER_OF_DEATH_START_CLIENT	Game text (rtx-gametext.js)
varc	7243	type=0;official=COMBATV2_COOLDOWN_NECROMANCY_FINGER_OF_DEATH_END_CLIENT	Game text (rtx-gametext.js)
varc	7244	type=0;official=COMBATV2_COOLDOWN_NECROMANCY_SOUL_SAP_START_CLIENT	Game text (rtx-gametext.js)
varc	7245	type=0;official=COMBATV2_COOLDOWN_NECROMANCY_SOUL_SAP_END_CLIENT	Game text (rtx-gametext.js)
varc	7247	type=0;official=COMBATV2_COOLDOWN_NECROMANCY_SOUL_STRIKE_START_CLIENT	Game text (rtx-gametext.js)
varc	7248	type=0;official=COMBATV2_COOLDOWN_NECROMANCY_SOUL_STRIKE_END_CLIENT	Game text (rtx-gametext.js)
varc	7249	type=0;official=COMBATV2_COOLDOWN_NECROMANCY_VOLLEY_OF_SOULS_START_CLIENT	Game text (rtx-gametext.js)
varc	7250	type=0;official=COMBATV2_COOLDOWN_NECROMANCY_VOLLEY_OF_SOULS_END_CLIENT	Game text (rtx-gametext.js)
varc	7251	type=0;official=COMBATV2_COOLDOWN_NECROMANCY_BLOAT_START_CLIENT	Game text (rtx-gametext.js)
varc	7252	type=0;official=COMBATV2_COOLDOWN_NECROMANCY_BLOAT_END_CLIENT	Game text (rtx-gametext.js)
varc	7253	type=0;official=COMBATV2_COOLDOWN_NECROMANCY_BLOOD_SIPHON_START_CLIENT	Game text (rtx-gametext.js)
varc	7254	type=0;official=COMBATV2_COOLDOWN_NECROMANCY_BLOOD_SIPHON_END_CLIENT	Game text (rtx-gametext.js)
varc	7255	type=0;official=COMBATV2_COOLDOWN_NECROMANCY_SPECTRAL_SCYTHE_START_CLIENT	Game text (rtx-gametext.js)
varc	7256	type=0;official=COMBATV2_COOLDOWN_NECROMANCY_SPECTRAL_SCYTHE_END_CLIENT	Game text (rtx-gametext.js)
varc	7257	type=0;official=COMBATV2_COOLDOWN_NECROMANCY_SPECTRAL_SCYTHE_RECAST_1_START_CLIENT	Game text (rtx-gametext.js)
varc	7258	type=0;official=COMBATV2_COOLDOWN_NECROMANCY_SPECTRAL_SCYTHE_RECAST_1_END_CLIENT	Game text (rtx-gametext.js)
varc	7259	type=0;official=COMBATV2_COOLDOWN_NECROMANCY_SPECTRAL_SCYTHE_RECAST_2_START_CLIENT	Game text (rtx-gametext.js)
varc	7260	type=0;official=COMBATV2_COOLDOWN_NECROMANCY_SPECTRAL_SCYTHE_RECAST_2_END_CLIENT	Game text (rtx-gametext.js)
varc	7261	type=0;official=COMBATV2_COOLDOWN_NECROMANCY_DEATH_SKULLS_START_CLIENT	Game text (rtx-gametext.js)
varc	7262	type=0;official=COMBATV2_COOLDOWN_NECROMANCY_DEATH_SKULLS_END_CLIENT	Game text (rtx-gametext.js)
varc	7263	type=0;official=COMBATV2_COOLDOWN_NECROMANCY_LIVING_DEATH_START_CLIENT	Game text (rtx-gametext.js)
varc	7264	type=0;official=COMBATV2_COOLDOWN_NECROMANCY_LIVING_DEATH_END_CLIENT	Game text (rtx-gametext.js)
varc	7266	type=0;official=COMBATV2_COOLDOWN_NECROMANCY_LIFE_TRANSFER_START_CLIENT	Game text (rtx-gametext.js)
varc	7267	type=0;official=COMBATV2_COOLDOWN_NECROMANCY_LIFE_TRANSFER_END_CLIENT	Game text (rtx-gametext.js)
varc	7268	type=0;official=COMBATV2_COOLDOWN_NECROMANCY_LESSER_BONE_SHIELD_START_CLIENT	Game text (rtx-gametext.js)
varc	7269	type=0;official=COMBATV2_COOLDOWN_NECROMANCY_LESSER_BONE_SHIELD_END_CLIENT	Game text (rtx-gametext.js)
varc	7270	type=0;official=COMBATV2_COOLDOWN_NECROMANCY_GREATER_BONE_SHIELD_START_CLIENT	Game text (rtx-gametext.js)
varc	7271	type=0;official=COMBATV2_COOLDOWN_NECROMANCY_GREATER_BONE_SHIELD_END_CLIENT	Game text (rtx-gametext.js)
varc	7272	type=0;official=COMBATV2_COOLDOWN_NECROMANCY_THREADS_OF_FATE_START_CLIENT	Game text (rtx-gametext.js)
varc	7273	type=0;official=COMBATV2_COOLDOWN_NECROMANCY_THREADS_OF_FATE_END_CLIENT	Game text (rtx-gametext.js)
varc	7275	type=0;official=COMBATV2_COOLDOWN_NECROMANCY_INVOKE_DEATH_START_CLIENT	Game text (rtx-gametext.js)
varc	7276	type=0;official=COMBATV2_COOLDOWN_NECROMANCY_INVOKE_DEATH_END_CLIENT	Game text (rtx-gametext.js)
varc	7278	type=0;official=COMBATV2_COOLDOWN_NECROMANCY_DARKNESS_START_CLIENT	Game text (rtx-gametext.js)
varc	7279	type=0;official=COMBATV2_COOLDOWN_NECROMANCY_DARKNESS_END_CLIENT	Game text (rtx-gametext.js)
varc	7281	type=0;official=COMBATV2_COOLDOWN_NECROMANCY_SPLIT_SOUL_START_CLIENT	Game text (rtx-gametext.js)
varc	7282	type=0;official=COMBATV2_COOLDOWN_NECROMANCY_SPLIT_SOUL_END_CLIENT	Game text (rtx-gametext.js)
varc	7347	type=0;official=COMBATV2_COOLDOWN_NECROMANCY_INVOKE_LORD_OF_BONES_START_CLIENT	Game text (rtx-gametext.js)
varc	7348	type=0;official=COMBATV2_COOLDOWN_NECROMANCY_INVOKE_LORD_OF_BONES_END_CLIENT	Game text (rtx-gametext.js)
varc	7772	type=0;official=COMBATV2_COOLDOWN_CONSTITUTION_TUSKA_WRATH_START_CLIENT	Game text (rtx-gametext.js)
varc	7773	type=0;official=COMBATV2_COOLDOWN_CONSTITUTION_TUSKA_WRATH_END_CLIENT	Game text (rtx-gametext.js)
varc	7774	type=0;official=COMBATV2_COOLDOWN_CONSTITUTION_STORM_SHARDS_START_CLIENT	Game text (rtx-gametext.js)
varc	7775	type=0;official=COMBATV2_COOLDOWN_CONSTITUTION_STORM_SHARDS_END_CLIENT	Game text (rtx-gametext.js)
varc	7776	type=0;official=COMBATV2_COOLDOWN_CONSTITUTION_SHATTER_START_CLIENT	Game text (rtx-gametext.js)
varc	7777	type=0;official=COMBATV2_COOLDOWN_CONSTITUTION_SHATTER_END_CLIENT	Game text (rtx-gametext.js)
varc	7778	type=0;official=COMBATV2_COOLDOWN_CONSTITUTION_SURGING_ONSLAUGHT_START_CLIENT	Game text (rtx-gametext.js)
varc	7779	type=0;official=COMBATV2_COOLDOWN_CONSTITUTION_SURGING_ONSLAUGHT_END_CLIENT	Game text (rtx-gametext.js)
varc	7780	type=0;official=COMBATV2_COOLDOWN_CONSTITUTION_REPRISAL_START_CLIENT	Game text (rtx-gametext.js)
varc	7781	type=0;official=COMBATV2_COOLDOWN_CONSTITUTION_REPRISAL_END_CLIENT	Game text (rtx-gametext.js)
varc	7791	type=0;official=COMBATV2_COOLDOWN_NECROMANCY_CONJURE_PHANTOM_GUARDIAN_START_CLIENT	Game text (rtx-gametext.js)
varc	7792	type=0;official=COMBATV2_COOLDOWN_NECROMANCY_CONJURE_PHANTOM_GUARDIAN_END_CLIENT	Game text (rtx-gametext.js)
varc	7793	type=0;official=COMBATV2_COOLDOWN_NECROMANCY_COMMAND_PHANTOM_GUARDIAN_START_CLIENT	Game text (rtx-gametext.js)
varc	7794	type=0;official=COMBATV2_COOLDOWN_NECROMANCY_COMMAND_PHANTOM_GUARDIAN_END_CLIENT	Game text (rtx-gametext.js)
varc	8292	type=0;official=COMBATV2_COOLDOWN_MAGIC_TEMPORAL_ANOMALY_START_CLIENT	Game text (rtx-gametext.js)
varc	8293	type=0;official=COMBATV2_COOLDOWN_MAGIC_TEMPORAL_ANOMALY_END_CLIENT	Game text (rtx-gametext.js)
varc	8378	type=0;official=COMBATV2_COOLDOWN_ATTACK_ADAPTIVE_SWEEP_START_CLIENT	Game text (rtx-gametext.js)
varc	8379	type=0;official=COMBATV2_COOLDOWN_ATTACK_ADAPTIVE_SWEEP_END_CLIENT	Game text (rtx-gametext.js)
varc	8380	type=0;official=COMBATV2_COOLDOWN_MELEE_DISMEMBER_START_CLIENT	Game text (rtx-gametext.js)
varc	8381	type=0;official=COMBATV2_COOLDOWN_MELEE_DISMEMBER_END_CLIENT	Game text (rtx-gametext.js)
varc	8382	type=0;official=COMBATV2_COOLDOWN_MELEE_DISMEMBER_RECAST_1_START_CLIENT	Game text (rtx-gametext.js)
varc	8383	type=0;official=COMBATV2_COOLDOWN_MELEE_DISMEMBER_RECAST_1_END_CLIENT	Game text (rtx-gametext.js)
varc	8384	type=0;official=COMBATV2_COOLDOWN_MELEE_DISMEMBER_RECAST_2_START_CLIENT	Game text (rtx-gametext.js)
varc	8385	type=0;official=COMBATV2_COOLDOWN_MELEE_DISMEMBER_RECAST_2_END_CLIENT	Game text (rtx-gametext.js)
varc	8390	type=0;official=COMBATV2_COOLDOWN_RANGED_GALESHOT_START_CLIENT	Game text (rtx-gametext.js)
varc	8391	type=0;official=COMBATV2_COOLDOWN_RANGED_GALESHOT_END_CLIENT	Game text (rtx-gametext.js)
varc	8392	type=0;official=COMBATV2_COOLDOWN_RANGED_IMBUE_SHADOWS_START_CLIENT	Game text (rtx-gametext.js)
varc	8393	type=0;official=COMBATV2_COOLDOWN_RANGED_IMBUE_SHADOWS_END_CLIENT	Game text (rtx-gametext.js)
varc	8397	type=0;official=COMBATV2_COOLDOWN_MAGIC_COMBAT_SPELL_SHARED_START_CLIENT	Game text (rtx-gametext.js)
varc	8398	type=0;official=COMBATV2_COOLDOWN_MAGIC_COMBAT_SPELL_SHARED_END_CLIENT	Game text (rtx-gametext.js)
varc	8483	type=0	Game text (rtx-gametext.js)
varc	8484	type=0	Game text (rtx-gametext.js)
varc	8485	type=0	Game text (rtx-gametext.js)
varc	8486	type=0	Game text (rtx-gametext.js)
varc	8487	type=0	Game text (rtx-gametext.js)
varc	8488	type=0	Game text (rtx-gametext.js)
script	6553	h=8ac30070;n=1534	Game text (rtx-gametext.js)
script	6554	h=bf13d727;n=10139	Game text (rtx-gametext.js)
script	6592	h=47d843f5;n=124	Game text (rtx-gametext.js)
script	6643	h=423a7f53;n=39	Game text (rtx-gametext.js)
varp	8601	type=33;official=DINO_BASE_CAMP_PERK_SKILLCAPE	Game text (rtx-gametext.js)
script	6646	h=3caa905f;n=481	Game text (rtx-gametext.js)
varbit	44368	dom=0;var=8639;lo=0;hi=7;official=DINO_HERB_BAG_GUAM	Game text (rtx-gametext.js)
varbit	44369	dom=0;var=8639;lo=8;hi=15;official=DINO_HERB_BAG_TARROMIN	Game text (rtx-gametext.js)
varbit	44370	dom=0;var=8639;lo=16;hi=23;official=DINO_HERB_BAG_MARRENTILL	Game text (rtx-gametext.js)
varbit	44371	dom=0;var=8639;lo=24;hi=31;official=DINO_HERB_BAG_HARRALANDER	Game text (rtx-gametext.js)
varbit	44372	dom=0;var=8640;lo=0;hi=7;official=DINO_HERB_BAG_RANARR	Game text (rtx-gametext.js)
varbit	44373	dom=0;var=8640;lo=8;hi=15;official=DINO_HERB_BAG_TOADFLAX	Game text (rtx-gametext.js)
varbit	44374	dom=0;var=8640;lo=16;hi=23;official=DINO_HERB_BAG_SPIRIT_WEED	Game text (rtx-gametext.js)
varbit	44375	dom=0;var=8640;lo=24;hi=31;official=DINO_HERB_BAG_IRIT	Game text (rtx-gametext.js)
varbit	44376	dom=0;var=8641;lo=0;hi=7;official=DINO_HERB_BAG_WERGALI	Game text (rtx-gametext.js)
varbit	44377	dom=0;var=8641;lo=8;hi=15;official=DINO_HERB_BAG_AVANTOE	Game text (rtx-gametext.js)
varbit	44378	dom=0;var=8641;lo=16;hi=23;official=DINO_HERB_BAG_KWUARM	Game text (rtx-gametext.js)
varbit	44379	dom=0;var=8641;lo=24;hi=31;official=DINO_HERB_BAG_BLOODWEED	Game text (rtx-gametext.js)
varbit	44380	dom=0;var=8642;lo=0;hi=7;official=DINO_HERB_BAG_SNAPDRAGON	Game text (rtx-gametext.js)
varbit	44381	dom=0;var=8642;lo=8;hi=15;official=DINO_HERB_BAG_CADANTINE	Game text (rtx-gametext.js)
varbit	44382	dom=0;var=8642;lo=16;hi=23;official=DINO_HERB_BAG_LANTADYME	Game text (rtx-gametext.js)
varbit	44383	dom=0;var=8642;lo=24;hi=31;official=DINO_HERB_BAG_DWARF_WEED	Game text (rtx-gametext.js)
varbit	44384	dom=0;var=8643;lo=0;hi=7;official=DINO_HERB_BAG_TORSTOL	Game text (rtx-gametext.js)
varbit	44385	dom=0;var=8643;lo=8;hi=15;official=DINO_HERB_BAG_FELLSTALK	Game text (rtx-gametext.js)
varbit	44386	dom=0;var=8643;lo=16;hi=23;official=DINO_HERB_BAG_ARBUCK	Game text (rtx-gametext.js)
script	6666	h=f97b0e82;n=211	Game text (rtx-gametext.js)
script	6667	h=b54a6ae2;n=110	Game text (rtx-gametext.js)
varbit	44484	dom=0;var=8654;lo=0;hi=4;official=DINO_TOTEM_HOTSPOT_MULTI_1	Game text (rtx-gametext.js)
varbit	44485	dom=0;var=8654;lo=5;hi=9;official=DINO_TOTEM_HOTSPOT_MULTI_2	Game text (rtx-gametext.js)
varbit	44486	dom=0;var=8654;lo=10;hi=14;official=DINO_TOTEM_HOTSPOT_MULTI_3	Game text (rtx-gametext.js)
script	6687	h=9bdb087d;n=428	Game text (rtx-gametext.js)
script	6802	h=792d7fc4;n=201	Game text (rtx-gametext.js)
varbit	33619	dom=0;var=5054;lo=7;hi=7;official=SKILLPETS_AGILITY_UNLOCKED	Game text (rtx-gametext.js)
varbit	33620	dom=0;var=5054;lo=8;hi=8;official=SKILLPETS_CONSTRUCTION_UNLOCKED	Game text (rtx-gametext.js)
varbit	33621	dom=0;var=5054;lo=9;hi=9;official=SKILLPETS_COOKING_UNLOCKED	Game text (rtx-gametext.js)
varbit	33622	dom=0;var=5054;lo=10;hi=10;official=SKILLPETS_CRAFTING_UNLOCKED	Game text (rtx-gametext.js)
varbit	33623	dom=0;var=5054;lo=11;hi=11;official=SKILLPETS_DIVINATION_UNLOCKED	Game text (rtx-gametext.js)
varbit	33624	dom=0;var=5054;lo=12;hi=12;official=SKILLPETS_DUNGEONEERING_UNLOCKED	Game text (rtx-gametext.js)
varbit	33625	dom=0;var=5054;lo=13;hi=13;official=SKILLPETS_FARMING_UNLOCKED	Game text (rtx-gametext.js)
varbit	33626	dom=0;var=5054;lo=14;hi=14;official=SKILLPETS_FIREMAKING_UNLOCKED	Game text (rtx-gametext.js)
varbit	33627	dom=0;var=5054;lo=15;hi=15;official=SKILLPETS_FISHING_UNLOCKED	Game text (rtx-gametext.js)
varbit	33628	dom=0;var=5054;lo=16;hi=16;official=SKILLPETS_FLETCHING_UNLOCKED	Game text (rtx-gametext.js)
varbit	33629	dom=0;var=5054;lo=17;hi=17;official=SKILLPETS_HERBLORE_UNLOCKED	Game text (rtx-gametext.js)
varbit	33630	dom=0;var=5054;lo=18;hi=18;official=SKILLPETS_HUNTER_UNLOCKED	Game text (rtx-gametext.js)
varbit	33631	dom=0;var=5054;lo=19;hi=19;official=SKILLPETS_INVENTION_UNLOCKED	Game text (rtx-gametext.js)
varbit	33632	dom=0;var=5054;lo=20;hi=20;official=SKILLPETS_MINING_UNLOCKED	Game text (rtx-gametext.js)
varbit	33633	dom=0;var=5054;lo=21;hi=21;official=SKILLPETS_RUNECRAFT_UNLOCKED	Game text (rtx-gametext.js)
varbit	33635	dom=0;var=5054;lo=23;hi=23;official=SKILLPETS_SMITHING_UNLOCKED	Game text (rtx-gametext.js)
varbit	33636	dom=0;var=5054;lo=24;hi=24;official=SKILLPETS_THIEVING_UNLOCKED	Game text (rtx-gametext.js)
varbit	33637	dom=0;var=5054;lo=25;hi=25;official=SKILLPETS_WOODCUTTING_UNLOCKED	Game text (rtx-gametext.js)
varbit	46460	dom=0;var=9202;lo=15;hi=15;official=SKILLPETS_ARCHAEOLOGY_UNLOCKED	Game text (rtx-gametext.js)
script	6804	h=bf167fcb;n=120	Game text (rtx-gametext.js)
varbit	33634	dom=0;var=5054;lo=22;hi=22;official=SKILLPETS_SLAYER_UNLOCKED	Game text (rtx-gametext.js)
varbit	38766	dom=0;var=7105;lo=28;hi=28;official=SKILLPETS_ATTACK_UNLOCKED	Game text (rtx-gametext.js)
varbit	38767	dom=0;var=7105;lo=29;hi=29;official=SKILLPETS_STRENGTH_UNLOCKED	Game text (rtx-gametext.js)
varbit	38768	dom=0;var=7105;lo=30;hi=30;official=SKILLPETS_DEFENCE_UNLOCKED	Game text (rtx-gametext.js)
varbit	38769	dom=0;var=7105;lo=31;hi=31;official=SKILLPETS_CONSTITUTION_UNLOCKED	Game text (rtx-gametext.js)
varbit	38770	dom=0;var=7106;lo=0;hi=0;official=SKILLPETS_RANGED_UNLOCKED	Game text (rtx-gametext.js)
varbit	38771	dom=0;var=7106;lo=1;hi=1;official=SKILLPETS_PRAYER_UNLOCKED	Game text (rtx-gametext.js)
varbit	38772	dom=0;var=7106;lo=2;hi=2;official=SKILLPETS_MAGIC_UNLOCKED	Game text (rtx-gametext.js)
varbit	38773	dom=0;var=7106;lo=3;hi=3;official=SKILLPETS_SUMMONING_UNLOCKED	Game text (rtx-gametext.js)
varbit	53456	dom=0;var=10780;lo=5;hi=5;official=SKILLPETS_NECROMANCY_UNLOCKED	Game text (rtx-gametext.js)
script	7051	h=04061037;n=240	Game text (rtx-gametext.js)
script	7073	h=42640612;n=174	Game text (rtx-gametext.js)
script	7081	h=ce80a29b;n=55	Game text (rtx-gametext.js)
script	7167	h=48b33a06;n=275	Game text (rtx-gametext.js)
script	7229	h=dbed3bdc;n=2039	Game text (rtx-gametext.js)
script	7235	h=680a1c1b;n=98	Game text (rtx-gametext.js)
script	7236	h=6bbccaa8;n=119	Game text (rtx-gametext.js)
script	7237	h=08e1b656;n=122	Game text (rtx-gametext.js)
script	7239	h=c4a796ee;n=118	Game text (rtx-gametext.js)
script	7241	h=2a64b8ec;n=799	Game text (rtx-gametext.js)
script	7244	h=eafe2bad;n=667	Game text (rtx-gametext.js)
script	7245	h=80ee95d1;n=762	Game text (rtx-gametext.js)
script	7246	h=14bba587;n=395	Game text (rtx-gametext.js)
script	7247	h=6fe5be8f;n=174	Game text (rtx-gametext.js)
script	7361	h=57021b9d;n=274	Game text (rtx-gametext.js)
varp	8681	type=0;official=QUEST_CHAROS_TRAIL_REWARD_EASY_CLUE	Game text (rtx-gametext.js)
varp	8682	type=0;official=QUEST_CHAROS_TRAIL_REWARD_MEDIUM_CLUE	Game text (rtx-gametext.js)
varp	8683	type=0;official=QUEST_CHAROS_TRAIL_REWARD_HARD_CLUE	Game text (rtx-gametext.js)
varp	8684	type=0;official=QUEST_CHAROS_TRAIL_REWARD_ELITE_CLUE	Game text (rtx-gametext.js)
varp	8685	type=0;official=QUEST_CHAROS_TRAIL_REWARD_MASTER_CLUE	Game text (rtx-gametext.js)
varp	8686	type=0;official=QUEST_CHAROS_TRAIL_REWARD_EASY_CASKET	Game text (rtx-gametext.js)
varp	8687	type=0;official=QUEST_CHAROS_TRAIL_REWARD_MEDIUM_CASKET	Game text (rtx-gametext.js)
varp	8688	type=0;official=QUEST_CHAROS_TRAIL_REWARD_HARD_CASKET	Game text (rtx-gametext.js)
varp	8689	type=0;official=QUEST_CHAROS_TRAIL_REWARD_ELITE_CASKET	Game text (rtx-gametext.js)
varp	8690	type=0;official=QUEST_CHAROS_TRAIL_REWARD_MASTER_CASKET	Game text (rtx-gametext.js)
script	7436	h=f79c0637;n=40	Game text (rtx-gametext.js)
script	7460	h=84543a9b;n=465	Game text (rtx-gametext.js)
script	7495	h=ce13978f;n=114	Game text (rtx-gametext.js)
script	7602	h=d81ed9a9;n=155	Game text (rtx-gametext.js)
script	7603	h=8c01c4ec;n=155	Game text (rtx-gametext.js)
script	7653	h=4284fefd;n=1411	Game text (rtx-gametext.js)
script	7960	h=951bc76c;n=358	Game text (rtx-gametext.js)
script	8002	h=3fa498c9;n=162	Game text (rtx-gametext.js)
script	8137	h=b27ccaf1;n=166	Game text (rtx-gametext.js)
script	8240	h=c7c15a3d;n=868	Game text (rtx-gametext.js)
script	8243	h=38d52e52;n=846	Game text (rtx-gametext.js)
script	8247	h=d5bb7802;n=2326	Game text (rtx-gametext.js)
varbit	0	dom=0;var=4;lo=0;hi=1;official=ZAROS_SPELLBOOK	Game text (rtx-gametext.js)
varbit	53572	dom=0;var=9679;lo=10;hi=10;official=COMBATV2_ABILITY_NECROMANCY_COMMAND_SKELETON_WARRIOR_UNLOCKED	Game text (rtx-gametext.js)
varbit	53574	dom=0;var=9679;lo=12;hi=12;official=COMBATV2_ABILITY_NECROMANCY_COMMAND_PUTRID_ZOMBIE_UNLOCKED	Game text (rtx-gametext.js)
varbit	53576	dom=0;var=9679;lo=14;hi=14;official=COMBATV2_ABILITY_NECROMANCY_COMMAND_VENGEFUL_GHOST_UNLOCKED	Game text (rtx-gametext.js)
varbit	55974	dom=0;var=9679;lo=28;hi=28;official=COMBATV2_ABILITY_NECROMANCY_COMMAND_PHANTOM_GUARDIAN_UNLOCKED	Game text (rtx-gametext.js)
varp	10994	type=0;official=COMBATV2_ABILITY_NECROMANCY_CONJURE_SKELETON_WARRIOR_ACTIVE	Game text (rtx-gametext.js)
varp	11006	type=0;official=COMBATV2_ABILITY_NECROMANCY_CONJURE_PUTRID_ZOMBIE_ACTIVE	Game text (rtx-gametext.js)
varp	11018	type=0;official=COMBATV2_ABILITY_NECROMANCY_CONJURE_VENGEFUL_GHOST_ACTIVE	Game text (rtx-gametext.js)
varp	11051	type=0;official=COMBATV2_ABILITY_NECROMANCY_SPECTRAL_SCYTHE_RECAST_1_ACTIVE	Game text (rtx-gametext.js)
varp	11054	type=0;official=COMBATV2_ABILITY_NECROMANCY_SPECTRAL_SCYTHE_RECAST_2_ACTIVE	Game text (rtx-gametext.js)
varp	11820	type=0;official=COMBATV2_ABILITY_NECROMANCY_CONJURE_PHANTOM_GUARDIAN_ACTIVE	Game text (rtx-gametext.js)
varp	12643	type=0;official=COMBATV2_ABILITY_MELEE_DISMEMBER_RECAST_1_ACTIVE	Game text (rtx-gametext.js)
varp	12646	type=0;official=COMBATV2_ABILITY_MELEE_DISMEMBER_RECAST_2_ACTIVE	Game text (rtx-gametext.js)
script	8248	h=3dd468de;n=1277	Game text (rtx-gametext.js)
varbit	36969	dom=0;var=4480;lo=9;hi=9;official=RAND_REWARD_QUICK_TELE_UNLOCKED	Game text (rtx-gametext.js)
varbit	41436	dom=0;var=7958;lo=7;hi=7;official=DUNGEON_REWARD_SHOP_FLURRY_OVERRIDE_UNLOCK	Game text (rtx-gametext.js)
varbit	41437	dom=0;var=7958;lo=8;hi=8;official=DUNGEON_REWARD_SHOP_FURY_OVERRIDE_UNLOCK	Game text (rtx-gametext.js)
varbit	41438	dom=0;var=7958;lo=9;hi=9;official=DUNGEON_REWARD_SHOP_BARGE_OVERRIDE_UNLOCK	Game text (rtx-gametext.js)
varbit	49799	dom=0;var=9679;lo=3;hi=3;official=COMBATV2_ABILITY_MAGIC_GREATER_CONCENTRATED_BLAST_UNLOCKED	Game text (rtx-gametext.js)
varbit	52857	dom=0;var=9679;lo=8;hi=8;official=COMBATV2_ABILITY_MAGIC_GREATER_SONIC_WAVE_UNLOCKED	Game text (rtx-gametext.js)
script	8251	h=f414537f;n=178	Game text (rtx-gametext.js)
varbit	44137	dom=0;var=8564;lo=0;hi=0;official=SPIRIT_CAPE_UNLOCKED	Game text (rtx-gametext.js)
varbit	45522	dom=0;var=9056;lo=1;hi=1;official=POW_SPECIAL_MOVES_ACTIVE	Game text (rtx-gametext.js)
script	8261	h=4160559f;n=2429	Game text (rtx-gametext.js)
varbit	61667	dom=0;var=13510;lo=2;hi=3	Game text (rtx-gametext.js)
varp	12314	type=0;official=LEAGUE_ACTIVE_PLAYER	Game text (rtx-gametext.js)
script	8698	h=135ef5aa;n=63	Game text (rtx-gametext.js)
script	8744	h=bd045e9a;n=178	Game text (rtx-gametext.js)
script	8755	h=633ae22e;n=185	Game text (rtx-gametext.js)
script	8942	h=5c679092;n=352	Game text (rtx-gametext.js)
script	8944	h=bc26a54b;n=60	Game text (rtx-gametext.js)
script	8945	h=a64404ef;n=60	Game text (rtx-gametext.js)
script	9279	h=8b413f12;n=887	Game text (rtx-gametext.js)
script	9670	h=c2a9ac57;n=80	Game text (rtx-gametext.js)
script	9681	h=e31d67e4;n=357	Game text (rtx-gametext.js)
script	9688	h=9a4dfbc7;n=216	Game text (rtx-gametext.js)
script	9689	h=8842d865;n=88	Game text (rtx-gametext.js)
script	9692	h=ad762a54;n=81	Game text (rtx-gametext.js)
script	9693	h=ea001355;n=171	Game text (rtx-gametext.js)
script	9695	h=647069ed;n=171	Game text (rtx-gametext.js)
script	9715	h=0d52d10f;n=369	Game text (rtx-gametext.js)
script	9716	h=449e9229;n=1113	Game text (rtx-gametext.js)
script	9964	h=2d72f192;n=163	Game text (rtx-gametext.js)
script	10005	h=9b9ddebe;n=210	Game text (rtx-gametext.js)
script	10021	h=be5e954f;n=81	Game text (rtx-gametext.js)
script	10081	h=a1dab05d;n=1681	Game text (rtx-gametext.js)
script	10159	h=53f53523;n=264	Game text (rtx-gametext.js)
script	10165	h=a770725a;n=53	Game text (rtx-gametext.js)
script	10184	h=b3d4d171;n=312	Game text (rtx-gametext.js)
script	10238	h=fafccae5;n=1104	Game text (rtx-gametext.js)
varbit	45345	dom=0;var=9060;lo=13;hi=14;official=POF_REWARDS_PERK_ANIMAL_BRUTISH	Game text (rtx-gametext.js)
varbit	45351	dom=0;var=9060;lo=25;hi=26;official=POF_REWARDS_PERK_ANIMAL_BGH_MALLETOPS	Game text (rtx-gametext.js)
varbit	45353	dom=0;var=9060;lo=29;hi=30;official=POF_REWARDS_PERK_ANIMAL_BGH_CORBICULA	Game text (rtx-gametext.js)
script	10240	h=816e65a6;n=179	Game text (rtx-gametext.js)
script	10247	h=4d453760;n=53	Game text (rtx-gametext.js)
script	10248	h=6f509b58;n=53	Game text (rtx-gametext.js)
script	10249	h=5a9f72a4;n=53	Game text (rtx-gametext.js)
script	10250	h=cbe72278;n=53	Game text (rtx-gametext.js)
script	10251	h=2f4d5a48;n=53	Game text (rtx-gametext.js)
script	10252	h=fdcd4d24;n=53	Game text (rtx-gametext.js)
script	10290	h=08fff6b0;n=355	Game text (rtx-gametext.js)
script	10495	h=e5c424d9;n=270	Game text (rtx-gametext.js)
script	10536	h=66be126b;n=231	Game text (rtx-gametext.js)
script	10537	h=9f85019d;n=575	Game text (rtx-gametext.js)
script	10622	h=9ca7e0f5;n=1531	Game text (rtx-gametext.js)
script	10628	h=4d411160;n=81	Game text (rtx-gametext.js)
script	10780	h=c0b99ddf;n=826	Game text (rtx-gametext.js)
varbit	26131	dom=0;var=4986;lo=0;hi=11;official=PLAYER_INSPECT_RC_PRICE_SLOT0	Game text (rtx-gametext.js)
varbit	26132	dom=0;var=4986;lo=12;hi=31;official=PLAYER_INSPECT_LP_PRICE_SLOT0	Game text (rtx-gametext.js)
varbit	26133	dom=0;var=4987;lo=0;hi=11;official=PLAYER_INSPECT_RC_PRICE_SLOT1	Game text (rtx-gametext.js)
varbit	26134	dom=0;var=4987;lo=12;hi=31;official=PLAYER_INSPECT_LP_PRICE_SLOT1	Game text (rtx-gametext.js)
varbit	26135	dom=0;var=4988;lo=0;hi=11;official=PLAYER_INSPECT_RC_PRICE_SLOT2	Game text (rtx-gametext.js)
varbit	26136	dom=0;var=4988;lo=12;hi=31;official=PLAYER_INSPECT_LP_PRICE_SLOT2	Game text (rtx-gametext.js)
varbit	26137	dom=0;var=4989;lo=0;hi=11;official=PLAYER_INSPECT_RC_PRICE_SLOT3	Game text (rtx-gametext.js)
varbit	26138	dom=0;var=4989;lo=12;hi=31;official=PLAYER_INSPECT_LP_PRICE_SLOT3	Game text (rtx-gametext.js)
varbit	26139	dom=0;var=4990;lo=0;hi=11;official=PLAYER_INSPECT_RC_PRICE_SLOT4	Game text (rtx-gametext.js)
varbit	26140	dom=0;var=4990;lo=12;hi=31;official=PLAYER_INSPECT_LP_PRICE_SLOT4	Game text (rtx-gametext.js)
varbit	26141	dom=0;var=4991;lo=0;hi=11;official=PLAYER_INSPECT_RC_PRICE_SLOT5	Game text (rtx-gametext.js)
varbit	26142	dom=0;var=4991;lo=12;hi=31;official=PLAYER_INSPECT_LP_PRICE_SLOT5	Game text (rtx-gametext.js)
varbit	26143	dom=0;var=4992;lo=0;hi=11;official=PLAYER_INSPECT_RC_PRICE_SLOT6	Game text (rtx-gametext.js)
varbit	26144	dom=0;var=4992;lo=12;hi=31;official=PLAYER_INSPECT_LP_PRICE_SLOT6	Game text (rtx-gametext.js)
varbit	26145	dom=0;var=4993;lo=0;hi=11;official=PLAYER_INSPECT_RC_PRICE_SLOT7	Game text (rtx-gametext.js)
varbit	26146	dom=0;var=4993;lo=12;hi=31;official=PLAYER_INSPECT_LP_PRICE_SLOT7	Game text (rtx-gametext.js)
varbit	26147	dom=0;var=4994;lo=0;hi=11;official=PLAYER_INSPECT_RC_PRICE_SLOT8	Game text (rtx-gametext.js)
varbit	26148	dom=0;var=4994;lo=12;hi=31;official=PLAYER_INSPECT_LP_PRICE_SLOT8	Game text (rtx-gametext.js)
varbit	26149	dom=0;var=4995;lo=0;hi=11;official=PLAYER_INSPECT_RC_PRICE_SLOT9	Game text (rtx-gametext.js)
varbit	26150	dom=0;var=4995;lo=12;hi=31;official=PLAYER_INSPECT_LP_PRICE_SLOT9	Game text (rtx-gametext.js)
varbit	26151	dom=0;var=4996;lo=0;hi=11;official=PLAYER_INSPECT_RC_PRICE_SLOT10	Game text (rtx-gametext.js)
varbit	26152	dom=0;var=4996;lo=12;hi=31;official=PLAYER_INSPECT_LP_PRICE_SLOT10	Game text (rtx-gametext.js)
varbit	26153	dom=0;var=4997;lo=0;hi=11;official=PLAYER_INSPECT_RC_PRICE_SLOT11	Game text (rtx-gametext.js)
varbit	26154	dom=0;var=4997;lo=12;hi=31;official=PLAYER_INSPECT_LP_PRICE_SLOT11	Game text (rtx-gametext.js)
varbit	26155	dom=0;var=4998;lo=0;hi=11;official=PLAYER_INSPECT_RC_PRICE_SLOT12	Game text (rtx-gametext.js)
varbit	26156	dom=0;var=4998;lo=12;hi=31;official=PLAYER_INSPECT_LP_PRICE_SLOT12	Game text (rtx-gametext.js)
varbit	26157	dom=0;var=4999;lo=0;hi=11;official=PLAYER_INSPECT_RC_PRICE_SLOT13	Game text (rtx-gametext.js)
varbit	26158	dom=0;var=4999;lo=12;hi=31;official=PLAYER_INSPECT_LP_PRICE_SLOT13	Game text (rtx-gametext.js)
varbit	26159	dom=0;var=5000;lo=0;hi=11;official=PLAYER_INSPECT_RC_PRICE_SLOT14	Game text (rtx-gametext.js)
varbit	26160	dom=0;var=5000;lo=12;hi=31;official=PLAYER_INSPECT_LP_PRICE_SLOT14	Game text (rtx-gametext.js)
varbit	26161	dom=0;var=5001;lo=0;hi=11;official=PLAYER_INSPECT_RC_PRICE_SLOT15	Game text (rtx-gametext.js)
varbit	26162	dom=0;var=5001;lo=12;hi=31;official=PLAYER_INSPECT_LP_PRICE_SLOT15	Game text (rtx-gametext.js)
varbit	26163	dom=0;var=5002;lo=0;hi=11;official=PLAYER_INSPECT_RC_PRICE_SLOT16	Game text (rtx-gametext.js)
varbit	26164	dom=0;var=5002;lo=12;hi=31;official=PLAYER_INSPECT_LP_PRICE_SLOT16	Game text (rtx-gametext.js)
varbit	26165	dom=0;var=5003;lo=0;hi=11;official=PLAYER_INSPECT_RC_PRICE_SLOT17	Game text (rtx-gametext.js)
varbit	26166	dom=0;var=5003;lo=12;hi=31;official=PLAYER_INSPECT_LP_PRICE_SLOT17	Game text (rtx-gametext.js)
varbit	26167	dom=0;var=5004;lo=0;hi=11;official=PLAYER_INSPECT_RC_PRICE_SLOT18	Game text (rtx-gametext.js)
varbit	26168	dom=0;var=5004;lo=12;hi=31;official=PLAYER_INSPECT_LP_PRICE_SLOT18	Game text (rtx-gametext.js)
script	10813	h=f46db0a3;n=80	Game text (rtx-gametext.js)
script	10814	h=bfb4d766;n=80	Game text (rtx-gametext.js)
script	10881	h=bf4da7b6;n=2949	Game text (rtx-gametext.js)
varp	5050	type=0;official=MTXMGT_UNLOCK_BITSET_0	Game text (rtx-gametext.js)
varp	5051	type=0;official=MTXMGT_UNLOCK_BITSET_1	Game text (rtx-gametext.js)
varp	5052	type=0;official=MTXMGT_UNLOCK_BITSET_2	Game text (rtx-gametext.js)
varp	5053	type=0;official=MTXMGT_UNLOCK_BITSET_3	Game text (rtx-gametext.js)
varp	5054	type=0;official=MTXMGT_UNLOCK_BITSET_4	Game text (rtx-gametext.js)
varp	6537	type=0;official=MTXMGT_UNLOCK_BITSET_5	Game text (rtx-gametext.js)
varp	6538	type=0;official=MTXMGT_UNLOCK_BITSET_6	Game text (rtx-gametext.js)
varp	6762	type=0;official=MTXMGT_UNLOCK_BITSET_7	Game text (rtx-gametext.js)
varp	6763	type=0;official=MTXMGT_UNLOCK_BITSET_8	Game text (rtx-gametext.js)
varp	7105	type=0;official=MTXMGT_UNLOCK_BITSET_9	Game text (rtx-gametext.js)
varp	7106	type=0;official=MTXMGT_UNLOCK_BITSET_10	Game text (rtx-gametext.js)
varp	7645	type=0;official=MTXMGT_UNLOCK_BITSET_11	Game text (rtx-gametext.js)
varp	7646	type=0;official=MTXMGT_UNLOCK_BITSET_12	Game text (rtx-gametext.js)
varp	7849	type=0;official=MTXMGT_UNLOCK_BITSET_13	Game text (rtx-gametext.js)
varp	7850	type=0;official=MTXMGT_UNLOCK_BITSET_14	Game text (rtx-gametext.js)
varp	7851	type=0;official=MTXMGT_UNLOCK_BITSET_15	Game text (rtx-gametext.js)
varp	7852	type=0;official=MTXMGT_UNLOCK_BITSET_16	Game text (rtx-gametext.js)
varp	8170	type=0;official=MTXMGT_UNLOCK_BITSET_17	Game text (rtx-gametext.js)
varp	8228	type=0;official=MTXMGT_UNLOCK_BITSET_18	Game text (rtx-gametext.js)
varp	8353	type=0;official=MTXMGT_UNLOCK_BITSET_19	Game text (rtx-gametext.js)
varp	8550	type=0;official=MTXMGT_UNLOCK_BITSET_20	Game text (rtx-gametext.js)
varp	8692	type=0;official=MTXMGT_UNLOCK_BITSET_21	Game text (rtx-gametext.js)
varp	9014	type=0;official=MTXMGT_UNLOCK_BITSET_22	Game text (rtx-gametext.js)
varp	9111	type=0;official=MTXMGT_UNLOCK_BITSET_23	Game text (rtx-gametext.js)
varp	9112	type=0;official=MTXMGT_UNLOCK_BITSET_24	Game text (rtx-gametext.js)
varp	9202	type=0;official=MTXMGT_UNLOCK_BITSET_25	Game text (rtx-gametext.js)
varp	9203	type=0;official=MTXMGT_UNLOCK_BITSET_26	Game text (rtx-gametext.js)
varp	9461	type=0;official=MTXMGT_UNLOCK_BITSET_27	Game text (rtx-gametext.js)
varp	9549	type=0;official=MTXMGT_UNLOCK_BITSET_28	Game text (rtx-gametext.js)
varp	9550	type=0;official=MTXMGT_UNLOCK_BITSET_29	Game text (rtx-gametext.js)
varp	9718	type=0;official=MTXMGT_UNLOCK_BITSET_30	Game text (rtx-gametext.js)
varp	9743	type=0;official=MTXMGT_UNLOCK_BITSET_31	Game text (rtx-gametext.js)
varp	9780	type=0;official=MTXMGT_UNLOCK_BITSET_32	Game text (rtx-gametext.js)
varp	9846	type=0;official=MTXMGT_UNLOCK_BITSET_33	Game text (rtx-gametext.js)
varp	9872	type=0;official=MTXMGT_UNLOCK_BITSET_34	Game text (rtx-gametext.js)
varp	9873	type=0;official=MTXMGT_UNLOCK_BITSET_35	Game text (rtx-gametext.js)
varp	10162	type=0;official=MTXMGT_UNLOCK_BITSET_36	Game text (rtx-gametext.js)
varp	10301	type=0;official=MTXMGT_UNLOCK_BITSET_37	Game text (rtx-gametext.js)
varp	10312	type=0;official=MTXMGT_UNLOCK_BITSET_38	Game text (rtx-gametext.js)
varp	10379	type=0;official=MTXMGT_UNLOCK_BITSET_39	Game text (rtx-gametext.js)
varp	10398	type=0;official=MTXMGT_UNLOCK_BITSET_40	Game text (rtx-gametext.js)
varp	10399	type=0;official=MTXMGT_UNLOCK_BITSET_41	Game text (rtx-gametext.js)
varp	10622	type=0;official=MTXMGT_UNLOCK_BITSET_42	Game text (rtx-gametext.js)
varp	10639	type=0;official=MTXMGT_UNLOCK_BITSET_43	Game text (rtx-gametext.js)
varp	10640	type=0;official=MTXMGT_UNLOCK_BITSET_44	Game text (rtx-gametext.js)
varp	10641	type=0;official=MTXMGT_UNLOCK_BITSET_45	Game text (rtx-gametext.js)
varp	10779	type=0;official=MTXMGT_UNLOCK_BITSET_46	Game text (rtx-gametext.js)
varp	10780	type=0;official=MTXMGT_UNLOCK_BITSET_47	Game text (rtx-gametext.js)
varp	11327	type=0;official=MTXMGT_UNLOCK_BITSET_48	Game text (rtx-gametext.js)
varp	11453	type=0;official=MTXMGT_UNLOCK_BITSET_49	Game text (rtx-gametext.js)
varp	11454	type=0;official=MTXMGT_UNLOCK_BITSET_50	Game text (rtx-gametext.js)
varp	11455	type=0;official=MTXMGT_UNLOCK_BITSET_51	Game text (rtx-gametext.js)
varp	11456	type=0;official=MTXMGT_UNLOCK_BITSET_52	Game text (rtx-gametext.js)
varp	11471	type=0;official=MTXMGT_UNLOCK_BITSET_53	Game text (rtx-gametext.js)
varp	11580	type=0;official=MTXMGT_UNLOCK_BITSET_54	Game text (rtx-gametext.js)
varp	11586	type=0;official=MTXMGT_UNLOCK_BITSET_55	Game text (rtx-gametext.js)
varp	11587	type=0;official=MTXMGT_UNLOCK_BITSET_56	Game text (rtx-gametext.js)
varp	11696	type=0;official=MTXMGT_UNLOCK_BITSET_57	Game text (rtx-gametext.js)
varp	11697	type=0;official=MTXMGT_UNLOCK_BITSET_58	Game text (rtx-gametext.js)
varp	11698	type=0;official=MTXMGT_UNLOCK_BITSET_59	Game text (rtx-gametext.js)
varp	11699	type=0;official=MTXMGT_UNLOCK_BITSET_60	Game text (rtx-gametext.js)
varp	11905	type=0;official=MTXMGT_UNLOCK_BITSET_61	Game text (rtx-gametext.js)
varp	11976	type=0;official=MTXMGT_UNLOCK_BITSET_62	Game text (rtx-gametext.js)
varp	11988	type=0;official=MTXMGT_UNLOCK_BITSET_63	Game text (rtx-gametext.js)
varp	12029	type=0;official=MTXMGT_UNLOCK_BITSET_64	Game text (rtx-gametext.js)
varp	12085	type=0;official=MTXMGT_UNLOCK_BITSET_65	Game text (rtx-gametext.js)
varp	12177	type=0;official=MTXMGT_UNLOCK_BITSET_66	Game text (rtx-gametext.js)
varp	12178	type=0;official=MTXMGT_UNLOCK_BITSET_67	Game text (rtx-gametext.js)
varp	12209	type=0;official=MTXMGT_UNLOCK_BITSET_68	Game text (rtx-gametext.js)
varp	12228	type=0;official=MTXMGT_UNLOCK_BITSET_69	Game text (rtx-gametext.js)
varp	12429	type=0;official=MTXMGT_UNLOCK_BITSET_70	Game text (rtx-gametext.js)
varp	12436	type=0;official=MTXMGT_UNLOCK_BITSET_71	Game text (rtx-gametext.js)
varp	12527	type=0;official=MTXMGT_UNLOCK_BITSET_72	Game text (rtx-gametext.js)
varp	12528	type=0;official=MTXMGT_UNLOCK_BITSET_73	Game text (rtx-gametext.js)
varp	12796	type=0;official=MTXMGT_UNLOCK_BITSET_74	Game text (rtx-gametext.js)
varp	12872	type=0;official=MTXMGT_UNLOCK_BITSET_75	Game text (rtx-gametext.js)
varp	13487	type=0	Game text (rtx-gametext.js)
varp	13652	type=0	Game text (rtx-gametext.js)
script	10903	h=95669a49;n=157	Game text (rtx-gametext.js)
script	11034	h=3baaa929;n=4821	Game text (rtx-gametext.js)
varbit	21558	dom=0;var=10191;lo=16;hi=31;official=BSLAY_KILLS_EGWD_BIK_BOSS	Game text (rtx-gametext.js)
varbit	21559	dom=0;var=9850;lo=8;hi=15;official=BSLAY_PRESTIGE_EGWD_BIK_BOSS	Game text (rtx-gametext.js)
varbit	22947	dom=0;var=4534;lo=16;hi=31;official=BSLAY_KILLS_GIANTMOLE_HARDMODE	Game text (rtx-gametext.js)
varbit	22948	dom=0;var=4535;lo=0;hi=15;official=BSLAY_KILLS_KINGBLACKDRAGON	Game text (rtx-gametext.js)
varbit	22949	dom=0;var=4535;lo=16;hi=31;official=BSLAY_KILLS_BARROWS	Game text (rtx-gametext.js)
varbit	22950	dom=0;var=4536;lo=0;hi=15;official=BSLAY_KILLS_CHAOSELEMENTAL	Game text (rtx-gametext.js)
varbit	22951	dom=0;var=4536;lo=16;hi=31;official=BSLAY_KILLS_KALPHITEQUEEN	Game text (rtx-gametext.js)
varbit	22952	dom=0;var=4537;lo=0;hi=15;official=BSLAY_KILLS_JAD	Game text (rtx-gametext.js)
varbit	22953	dom=0;var=4537;lo=16;hi=31;official=BSLAY_KILLS_CORPBEAST	Game text (rtx-gametext.js)
varbit	22954	dom=0;var=4538;lo=0;hi=15;official=BSLAY_KILLS_DAGANNOTHKINGS	Game text (rtx-gametext.js)
varbit	22955	dom=0;var=4538;lo=16;hi=31;official=BSLAY_KILLS_QUEENBLACKDRAGON	Game text (rtx-gametext.js)
varbit	22957	dom=0;var=4539;lo=16;hi=31;official=BSLAY_KILLS_GWD_ZILYANA_HARDMODE	Game text (rtx-gametext.js)
varbit	22959	dom=0;var=4540;lo=16;hi=31;official=BSLAY_KILLS_GWD_GRAARDOR_HARDMODE	Game text (rtx-gametext.js)
varbit	22961	dom=0;var=4541;lo=16;hi=31;official=BSLAY_KILLS_GWD_KREEARRA_HARDMODE	Game text (rtx-gametext.js)
varbit	22963	dom=0;var=4542;lo=16;hi=31;official=BSLAY_KILLS_GWD_KRIL_HARDMODE	Game text (rtx-gametext.js)
varbit	22964	dom=0;var=4543;lo=0;hi=15;official=BSLAY_KILLS_HARAKEN	Game text (rtx-gametext.js)
varbit	22965	dom=0;var=4543;lo=16;hi=31;official=BSLAY_KILLS_KALPHITEKING	Game text (rtx-gametext.js)
varbit	22966	dom=0;var=4544;lo=0;hi=15;official=BSLAY_KILLS_LEGIONES	Game text (rtx-gametext.js)
varbit	22967	dom=0;var=4544;lo=16;hi=31;official=BSLAY_KILLS_GWD_NEX	Game text (rtx-gametext.js)
varbit	22968	dom=0;var=4545;lo=0;hi=15;official=BSLAY_KILLS_BARROWSROTS	Game text (rtx-gametext.js)
varbit	22969	dom=0;var=4545;lo=16;hi=31;official=BSLAY_KILLS_ARAXXI	Game text (rtx-gametext.js)
varbit	22971	dom=0;var=4546;lo=16;hi=31;official=BSLAY_KILLS_VORAGO_HARDMODE	Game text (rtx-gametext.js)
varbit	28643	dom=0;var=5802;lo=0;hi=15;official=BSLAY_KILLS_BEASTMASTER	Game text (rtx-gametext.js)
varbit	28644	dom=0;var=5802;lo=16;hi=31;official=BSLAY_KILLS_YAKAMARU	Game text (rtx-gametext.js)
varbit	29858	dom=0;var=5927;lo=8;hi=15;official=BSLAY_PRESTIGE_GIANTMOLE_HARDMODE	Game text (rtx-gametext.js)
varbit	29859	dom=0;var=5927;lo=16;hi=23;official=BSLAY_PRESTIGE_KINGBLACKDRAGON	Game text (rtx-gametext.js)
varbit	29860	dom=0;var=5927;lo=24;hi=31;official=BSLAY_PRESTIGE_BARROWS	Game text (rtx-gametext.js)
varbit	29861	dom=0;var=5928;lo=0;hi=7;official=BSLAY_PRESTIGE_CHAOSELEMENTAL	Game text (rtx-gametext.js)
varbit	29862	dom=0;var=5928;lo=8;hi=15;official=BSLAY_PRESTIGE_KALPHITEQUEEN	Game text (rtx-gametext.js)
varbit	29863	dom=0;var=5928;lo=16;hi=23;official=BSLAY_PRESTIGE_JAD	Game text (rtx-gametext.js)
varbit	29864	dom=0;var=5928;lo=24;hi=31;official=BSLAY_PRESTIGE_CORPBEAST	Game text (rtx-gametext.js)
varbit	29865	dom=0;var=5929;lo=0;hi=7;official=BSLAY_PRESTIGE_DAGANNOTHKINGS	Game text (rtx-gametext.js)
varbit	29866	dom=0;var=5929;lo=8;hi=15;official=BSLAY_PRESTIGE_QUEENBLACKDRAGON	Game text (rtx-gametext.js)
varbit	29868	dom=0;var=5929;lo=24;hi=31;official=BSLAY_PRESTIGE_GWD_ZILYANA_HARDMODE	Game text (rtx-gametext.js)
varbit	29870	dom=0;var=5930;lo=8;hi=15;official=BSLAY_PRESTIGE_GWD_GRAARDOR_HARDMODE	Game text (rtx-gametext.js)
varbit	29872	dom=0;var=5930;lo=24;hi=31;official=BSLAY_PRESTIGE_GWD_KREEARRA_HARDMODE	Game text (rtx-gametext.js)
varbit	29874	dom=0;var=5931;lo=8;hi=15;official=BSLAY_PRESTIGE_GWD_KRIL_HARDMODE	Game text (rtx-gametext.js)
varbit	29875	dom=0;var=5931;lo=16;hi=23;official=BSLAY_PRESTIGE_HARAKEN	Game text (rtx-gametext.js)
varbit	29876	dom=0;var=5931;lo=24;hi=31;official=BSLAY_PRESTIGE_KALPHITEKING	Game text (rtx-gametext.js)
varbit	29877	dom=0;var=5932;lo=0;hi=7;official=BSLAY_PRESTIGE_LEGIONES	Game text (rtx-gametext.js)
varbit	29878	dom=0;var=5932;lo=8;hi=15;official=BSLAY_PRESTIGE_GWD_NEX	Game text (rtx-gametext.js)
varbit	29879	dom=0;var=5932;lo=16;hi=23;official=BSLAY_PRESTIGE_BARROWSROTS	Game text (rtx-gametext.js)
varbit	29880	dom=0;var=5932;lo=24;hi=31;official=BSLAY_PRESTIGE_ARAXXI	Game text (rtx-gametext.js)
varbit	29882	dom=0;var=5933;lo=8;hi=15;official=BSLAY_PRESTIGE_VORAGO_HARDMODE	Game text (rtx-gametext.js)
varbit	29883	dom=0;var=5933;lo=16;hi=23;official=BSLAY_PRESTIGE_BEASTMASTER	Game text (rtx-gametext.js)
varbit	29884	dom=0;var=5933;lo=24;hi=31;official=BSLAY_PRESTIGE_YAKAMARU	Game text (rtx-gametext.js)
varbit	30844	dom=0;var=6224;lo=0;hi=15;official=BSLAY_KILLS_VINDICTA_HARDMODE	Game text (rtx-gametext.js)
varbit	30845	dom=0;var=6224;lo=16;hi=31;official=BSLAY_KILLS_TWINDEMONS_HARDMODE	Game text (rtx-gametext.js)
varbit	30846	dom=0;var=6225;lo=0;hi=15;official=BSLAY_KILLS_HELWYR_HARDMODE	Game text (rtx-gametext.js)
varbit	30847	dom=0;var=6225;lo=16;hi=31;official=BSLAY_KILLS_SLISKE_HARDMODE	Game text (rtx-gametext.js)
varbit	30852	dom=0;var=6228;lo=0;hi=7;official=BSLAY_PRESTIGE_VINDICTA_HARDMODE	Game text (rtx-gametext.js)
varbit	30853	dom=0;var=6228;lo=8;hi=15;official=BSLAY_PRESTIGE_TWINDEMONS_HARDMODE	Game text (rtx-gametext.js)
varbit	30854	dom=0;var=6228;lo=16;hi=23;official=BSLAY_PRESTIGE_HELWYR_HARDMODE	Game text (rtx-gametext.js)
varbit	30855	dom=0;var=6228;lo=24;hi=31;official=BSLAY_PRESTIGE_SLISKE_HARDMODE	Game text (rtx-gametext.js)
varbit	32624	dom=0;var=6226;lo=0;hi=15;official=BSLAY_KILLS_GWD2_SOLO_BOSS	Game text (rtx-gametext.js)
varbit	32625	dom=0;var=6376;lo=0;hi=7;official=BSLAY_PRESTIGE_GWD2_SOLO_BOSS	Game text (rtx-gametext.js)
varbit	34869	dom=0;var=6226;lo=16;hi=31;official=BSLAY_KILLS_NEX2	Game text (rtx-gametext.js)
varbit	34870	dom=0;var=6376;lo=8;hi=15;official=BSLAY_PRESTIGE_NEX2	Game text (rtx-gametext.js)
varbit	36178	dom=0;var=7042;lo=0;hi=15;official=BSLAY_KILLS_MENAPHOS_SLAYER_BOSS	Game text (rtx-gametext.js)
varbit	36179	dom=0;var=7042;lo=16;hi=23;official=BSLAY_PRESTIGE_MENAPHOS_SLAYER_BOSS	Game text (rtx-gametext.js)
varbit	40566	dom=0;var=7715;lo=16;hi=31;official=BSLAY_KILLS_SOLAK	Game text (rtx-gametext.js)
varbit	40567	dom=0;var=6376;lo=24;hi=31;official=BSLAY_PRESTIGE_SOLAK	Game text (rtx-gametext.js)
varbit	41049	dom=0;var=7962;lo=0;hi=15;official=BSLAY_KILLS_DUNGEON_AMINISHI1_SOLO	Game text (rtx-gametext.js)
varbit	41050	dom=0;var=7962;lo=16;hi=31;official=BSLAY_KILLS_DUNGEON_AMINISHI1	Game text (rtx-gametext.js)
varbit	41051	dom=0;var=7963;lo=0;hi=15;official=BSLAY_KILLS_DUNGEON_AMINISHI2_SOLO	Game text (rtx-gametext.js)
varbit	41052	dom=0;var=7963;lo=16;hi=31;official=BSLAY_KILLS_DUNGEON_AMINISHI2	Game text (rtx-gametext.js)
varbit	41053	dom=0;var=7964;lo=0;hi=15;official=BSLAY_KILLS_DUNGEON_AMINISHI3_SOLO	Game text (rtx-gametext.js)
varbit	41054	dom=0;var=7964;lo=16;hi=31;official=BSLAY_KILLS_DUNGEON_AMINISHI3	Game text (rtx-gametext.js)
varbit	41055	dom=0;var=6376;lo=16;hi=23;official=BSLAY_PRESTIGE_DUNGEON_AMINISHI1_SOLO	Game text (rtx-gametext.js)
varbit	41056	dom=0;var=7966;lo=0;hi=7;official=BSLAY_PRESTIGE_DUNGEON_AMINISHI1	Game text (rtx-gametext.js)
varbit	41057	dom=0;var=7966;lo=8;hi=15;official=BSLAY_PRESTIGE_DUNGEON_AMINISHI2_SOLO	Game text (rtx-gametext.js)
varbit	41058	dom=0;var=7966;lo=16;hi=23;official=BSLAY_PRESTIGE_DUNGEON_AMINISHI2	Game text (rtx-gametext.js)
varbit	41059	dom=0;var=7966;lo=24;hi=31;official=BSLAY_PRESTIGE_DUNGEON_AMINISHI3_SOLO	Game text (rtx-gametext.js)
varbit	41060	dom=0;var=7967;lo=0;hi=7;official=BSLAY_PRESTIGE_DUNGEON_AMINISHI3	Game text (rtx-gametext.js)
varbit	41450	dom=0;var=7965;lo=0;hi=15;official=BSLAY_KILLS_DUNGEON_DRAGONFORT1_SOLO	Game text (rtx-gametext.js)
varbit	41451	dom=0;var=7965;lo=16;hi=31;official=BSLAY_KILLS_DUNGEON_DRAGONFORT1	Game text (rtx-gametext.js)
varbit	41452	dom=0;var=8034;lo=0;hi=15;official=BSLAY_KILLS_DUNGEON_DRAGONFORT2_SOLO	Game text (rtx-gametext.js)
varbit	41453	dom=0;var=8034;lo=16;hi=31;official=BSLAY_KILLS_DUNGEON_DRAGONFORT2	Game text (rtx-gametext.js)
varbit	41454	dom=0;var=8035;lo=0;hi=15;official=BSLAY_KILLS_DUNGEON_DRAGONFORT3_SOLO	Game text (rtx-gametext.js)
varbit	41455	dom=0;var=8035;lo=16;hi=31;official=BSLAY_KILLS_DUNGEON_DRAGONFORT3	Game text (rtx-gametext.js)
varbit	41456	dom=0;var=7967;lo=8;hi=15;official=BSLAY_PRESTIGE_DUNGEON_DRAGONFORT1_SOLO	Game text (rtx-gametext.js)
varbit	41457	dom=0;var=7967;lo=16;hi=23;official=BSLAY_PRESTIGE_DUNGEON_DRAGONFORT1	Game text (rtx-gametext.js)
varbit	41458	dom=0;var=7967;lo=24;hi=31;official=BSLAY_PRESTIGE_DUNGEON_DRAGONFORT2_SOLO	Game text (rtx-gametext.js)
varbit	41459	dom=0;var=7968;lo=0;hi=7;official=BSLAY_PRESTIGE_DUNGEON_DRAGONFORT2	Game text (rtx-gametext.js)
varbit	41460	dom=0;var=7968;lo=8;hi=15;official=BSLAY_PRESTIGE_DUNGEON_DRAGONFORT3_SOLO	Game text (rtx-gametext.js)
varbit	41461	dom=0;var=7968;lo=16;hi=23;official=BSLAY_PRESTIGE_DUNGEON_DRAGONFORT3	Game text (rtx-gametext.js)
varbit	41547	dom=0;var=10191;lo=0;hi=15;official=BSLAY_KILLS_EGWD_WEN_BOSS_HARDMODE	Game text (rtx-gametext.js)
varbit	43415	dom=0;var=8036;lo=0;hi=15;official=BSLAY_KILLS_DUNGEON_ULTHVEN1_SOLO	Game text (rtx-gametext.js)
varbit	43416	dom=0;var=8036;lo=16;hi=31;official=BSLAY_KILLS_DUNGEON_ULTHVEN1	Game text (rtx-gametext.js)
varbit	43417	dom=0;var=8388;lo=0;hi=15;official=BSLAY_KILLS_DUNGEON_ULTHVEN2_SOLO	Game text (rtx-gametext.js)
varbit	43418	dom=0;var=8388;lo=16;hi=31;official=BSLAY_KILLS_DUNGEON_ULTHVEN2	Game text (rtx-gametext.js)
varbit	43419	dom=0;var=8389;lo=0;hi=15;official=BSLAY_KILLS_DUNGEON_ULTHVEN3_SOLO	Game text (rtx-gametext.js)
varbit	43420	dom=0;var=8389;lo=16;hi=31;official=BSLAY_KILLS_DUNGEON_ULTHVEN3	Game text (rtx-gametext.js)
varbit	43421	dom=0;var=8037;lo=0;hi=7;official=BSLAY_PRESTIGE_DUNGEON_ULTHVEN1_SOLO	Game text (rtx-gametext.js)
varbit	43422	dom=0;var=8037;lo=8;hi=15;official=BSLAY_PRESTIGE_DUNGEON_ULTHVEN1	Game text (rtx-gametext.js)
varbit	43423	dom=0;var=8037;lo=16;hi=23;official=BSLAY_PRESTIGE_DUNGEON_ULTHVEN2_SOLO	Game text (rtx-gametext.js)
varbit	43424	dom=0;var=8037;lo=24;hi=31;official=BSLAY_PRESTIGE_DUNGEON_ULTHVEN2	Game text (rtx-gametext.js)
varbit	43425	dom=0;var=8391;lo=0;hi=7;official=BSLAY_PRESTIGE_DUNGEON_ULTHVEN3_SOLO	Game text (rtx-gametext.js)
varbit	43426	dom=0;var=8391;lo=8;hi=15;official=BSLAY_PRESTIGE_DUNGEON_ULTHVEN3	Game text (rtx-gametext.js)
varbit	48687	dom=0;var=8390;lo=0;hi=15;official=BSLAY_KILLS_DINO_BOSS_SOLO	Game text (rtx-gametext.js)
varbit	48688	dom=0;var=8390;lo=16;hi=31;official=BSLAY_KILLS_DINO_BOSS_DUO	Game text (rtx-gametext.js)
varbit	48689	dom=0;var=8391;lo=16;hi=23;official=BSLAY_PRESTIGE_DINO_BOSS_SOLO	Game text (rtx-gametext.js)
varbit	48690	dom=0;var=8391;lo=24;hi=31;official=BSLAY_PRESTIGE_DINO_BOSS_DUO	Game text (rtx-gametext.js)
varbit	49295	dom=0;var=9848;lo=0;hi=15;official=BSLAY_KILLS_REXKINGS	Game text (rtx-gametext.js)
varbit	49296	dom=0;var=8392;lo=0;hi=7;official=BSLAY_PRESTIGE_REXKINGS	Game text (rtx-gametext.js)
varbit	49728	dom=0;var=9849;lo=0;hi=15;official=BSLAY_KILLS_EGWD_JAS_BOSS_HARDMODE	Game text (rtx-gametext.js)
varbit	49730	dom=0;var=8392;lo=16;hi=23;official=BSLAY_PRESTIGE_EGWD_JAS_BOSS_HARDMODE	Game text (rtx-gametext.js)
varbit	50126	dom=0;var=9850;lo=0;hi=7;official=BSLAY_PRESTIGE_EGWD_WEN_BOSS_HARDMODE	Game text (rtx-gametext.js)
varbit	50333	dom=0;var=10192;lo=16;hi=31;official=BSLAY_KILLS_EGWD_FUL_BOSS_HARDMODE	Game text (rtx-gametext.js)
varbit	50335	dom=0;var=9850;lo=24;hi=31;official=BSLAY_PRESTIGE_EGWD_FUL_BOSS_HARDMODE	Game text (rtx-gametext.js)
varbit	51440	dom=0;var=10193;lo=0;hi=15;official=BSLAY_KILLS_EGWD_ZAMORAK_BOSS	Game text (rtx-gametext.js)
varbit	51441	dom=0;var=10193;lo=16;hi=31;official=BSLAY_KILLS_EGWD_ZAMORAK_BOSS_SOLO	Game text (rtx-gametext.js)
varbit	51442	dom=0;var=10194;lo=0;hi=7;official=BSLAY_PRESTIGE_EGWD_ZAMORAK_BOSS	Game text (rtx-gametext.js)
varbit	51443	dom=0;var=10194;lo=8;hi=15;official=BSLAY_PRESTIGE_EGWD_ZAMORAK_BOSS_SOLO	Game text (rtx-gametext.js)
varbit	53283	dom=0;var=11319;lo=0;hi=15;official=BSLAY_KILLS_HERMOD_BOSS	Game text (rtx-gametext.js)
varbit	53284	dom=0;var=11319;lo=16;hi=31;official=BSLAY_KILLS_RASIAL_BOSS	Game text (rtx-gametext.js)
varbit	53285	dom=0;var=10194;lo=16;hi=23;official=BSLAY_PRESTIGE_HERMOD_BOSS	Game text (rtx-gametext.js)
varbit	53286	dom=0;var=10194;lo=24;hi=31;official=BSLAY_PRESTIGE_RASIAL_BOSS	Game text (rtx-gametext.js)
varbit	54675	dom=0;var=11546;lo=16;hi=31;official=BSLAY_KILLS_FORT_BOSS_ZEMO_VORKATH_HARD	Game text (rtx-gametext.js)
varbit	54677	dom=0;var=11547;lo=8;hi=15;official=BSLAY_PRESTIGE_FORT_BOSS_ZEMO_VORKATH_HARD	Game text (rtx-gametext.js)
varbit	55731	dom=0;var=11785;lo=16;hi=31;official=BSLAY_KILLS_RAID_REBIRTH1_WYRM_BOSS_HARDMODE	Game text (rtx-gametext.js)
varbit	55733	dom=0;var=11786;lo=16;hi=31;official=BSLAY_KILLS_RAID_REBIRTH1_BEAST_BOSS_HARDMODE	Game text (rtx-gametext.js)
varbit	55735	dom=0;var=11787;lo=16;hi=31;official=BSLAY_KILLS_RAID_REBIRTH1_SLAYER_MASTER_BOSS_HARDMODE	Game text (rtx-gametext.js)
varbit	55737	dom=0;var=11547;lo=24;hi=31;official=BSLAY_PRESTIGE_RAID_REBIRTH1_WYRM_BOSS_HARDMODE	Game text (rtx-gametext.js)
varbit	55739	dom=0;var=11788;lo=8;hi=15;official=BSLAY_PRESTIGE_RAID_REBIRTH1_BEAST_BOSS_HARDMODE	Game text (rtx-gametext.js)
varbit	55741	dom=0;var=11788;lo=24;hi=31;official=BSLAY_PRESTIGE_RAID_REBIRTH1_SLAYER_MASTER_BOSS_HARDMODE	Game text (rtx-gametext.js)
varbit	55987	dom=0;var=11853;lo=0;hi=15;official=BSLAY_KILLS_ELIDINIS_BOSS	Game text (rtx-gametext.js)
varbit	55988	dom=0;var=11789;lo=0;hi=7;official=BSLAY_PRESTIGE_ELIDINIS_BOSS	Game text (rtx-gametext.js)
varbit	58188	dom=0;var=12306;lo=0;hi=15;official=BSLAY_KILLS_AMASCUT_BOSS_HARDMODE	Game text (rtx-gametext.js)
varbit	58190	dom=0;var=11789;lo=16;hi=23;official=BSLAY_PRESTIGE_AMASCUT_BOSS_HARDMODE	Game text (rtx-gametext.js)
varbit	60353	dom=0;var=12306;lo=16;hi=31;official=BSLAY_KILLS_STALKER_BOSS	Game text (rtx-gametext.js)
varbit	60354	dom=0;var=11789;lo=24;hi=31;official=BSLAY_PRESTIGE_STALKER_BOSS	Game text (rtx-gametext.js)
script	11035	h=cf0a9c9e;n=268	Game text (rtx-gametext.js)
script	11087	h=2bb0663d;n=8612	Game text (rtx-gametext.js)
varbit	33710	dom=0;var=6510;lo=16;hi=31;official=INVENT_PERK_CRYSTAL_SHIELD_HP_POOL	Game text (rtx-gametext.js)
varp	2008	type=0;official=CLAV_BUFF_BOUGHT_TIME_VARP	Game text (rtx-gametext.js)
varp	10936	type=0;official=COMBATV2_BOSS_BUFF_RASIAL_MAINHAND_PASSIVE_STACKS	Game text (rtx-gametext.js)
varp	11085	type=0;official=COMBATV2_BUFF_NECRO_RASIAL_ARMGUARD_T95_PASSIVE_STACKS	Game text (rtx-gametext.js)
varp	12291	type=0;official=COMBATV2_BUFF_NECRO_DEVOURER_ARMGUARD_T95_PASSIVE_STACKS	Game text (rtx-gametext.js)
script	11088	h=bac91b29;n=12625	Game text (rtx-gametext.js)
varbit	3305	dom=0;var=12798;lo=0;hi=2;official=NEX2_BUFF_BAR_MAGE_DEATH1	Game text (rtx-gametext.js)
varbit	24877	dom=0;var=12798;lo=3;hi=5;official=NEX2_BUFF_BAR_MAGE_DEATH2	Game text (rtx-gametext.js)
varbit	24878	dom=0;var=12798;lo=6;hi=8;official=NEX2_BUFF_BAR_MAGE_DEATH3	Game text (rtx-gametext.js)
varbit	24879	dom=0;var=12798;lo=9;hi=11;official=NEX2_BUFF_BAR_MAGE_DEATH4	Game text (rtx-gametext.js)
varbit	27395	dom=0;var=5186;lo=19;hi=21;official=TRH50_PULSE_ESSENCE_XP_BOOST	Game text (rtx-gametext.js)
varbit	29061	dom=0;var=9855;lo=4;hi=7;official=MHAW_MAY21_STONE_XP_BUFF_AMOUNT	Game text (rtx-gametext.js)
varbit	30395	dom=0;var=6117;lo=16;hi=18;official=TRH82_XP_BOOST	Game text (rtx-gametext.js)
varbit	35528	dom=0;var=6909;lo=12;hi=19;official=MTXFAIR17_FT_FORTUNE_INDEX	Game text (rtx-gametext.js)
varbit	45289	dom=0;var=9009;lo=5;hi=7;official=TRH165_PULSE_BONUS_XP_BURN_BOOST	Game text (rtx-gametext.js)
varbit	47357	dom=0;var=9404;lo=8;hi=11;official=INVENT_PERK_RUTHLESS	Game text (rtx-gametext.js)
varbit	47856	dom=0;var=9544;lo=0;hi=3;official=LUNAR_BANE_ROCK_ATTUNEMENT	Game text (rtx-gametext.js)
varbit	48835	dom=0;var=9087;lo=0;hi=7;official=RUNEPASS_XP_BOOST_PERCENT	Game text (rtx-gametext.js)
varbit	51034	dom=0;var=10389;lo=16;hi=18;official=TRH177_XP_BOOST	Game text (rtx-gametext.js)
varbit	51872	dom=0;var=9008;lo=17;hi=31;official=GIVEXP_BOOST_SEASONAL	Game text (rtx-gametext.js)
varbit	51873	dom=0;var=10637;lo=0;hi=10;official=GIVEXP_BOOST_SEASONAL_CATCHUP	Game text (rtx-gametext.js)
varbit	54950	dom=0;var=11591;lo=0;hi=7;official=BUFF_SELECT_EVENT_ACTIVE_BUFF	Game text (rtx-gametext.js)
varbit	55991	dom=0;var=11831;lo=1;hi=5;official=ELIDINIS_BOSS_SKILLING_OFFHAND_RUNECRAFTING_ATTUNED_ALTAR_ID	Game text (rtx-gametext.js)
varbit	57161	dom=0;var=12083;lo=10;hi=14;official=TRH205_XP_BOOST	Game text (rtx-gametext.js)
varbit	57163	dom=0;var=12083;lo=25;hi=29;official=TRH205_BXP_BOOST	Game text (rtx-gametext.js)
varp	1029	type=0;official=COMBATV2_PRAYER_MELEE_ATTACK_MODIFIER	Game text (rtx-gametext.js)
varp	1030	type=0;official=COMBATV2_PRAYER_MELEE_STRENGTH_MODIFIER	Game text (rtx-gametext.js)
varp	1031	type=0;official=COMBATV2_PRAYER_RANGE_ATTACK_MODIFIER	Game text (rtx-gametext.js)
varp	1032	type=0;official=COMBATV2_PRAYER_RANGE_STRENGTH_MODIFIER	Game text (rtx-gametext.js)
varp	1033	type=0;official=COMBATV2_PRAYER_MAGIC_ATTACK_MODIFIER	Game text (rtx-gametext.js)
varp	1034	type=0;official=COMBATV2_PRAYER_MAGIC_STRENGTH_MODIFIER	Game text (rtx-gametext.js)
varp	1035	type=0;official=COMBATV2_PRAYER_DEFENCE_MODIFIER	Game text (rtx-gametext.js)
varp	9666	type=0;official=DINO_BOSS_PLAYER_SHADOW_ENERGY	Game text (rtx-gametext.js)
varp	10264	type=33;official=QUIVER_ACTIVE_AMMO	Game text (rtx-gametext.js)
varp	11059	type=73;official=COMBATV2_BUFF_NECROMANCY_UNDEAD_INSTINCT_ABILITY_STRUCT	Game text (rtx-gametext.js)
varp	11306	type=0;official=COMBATV2_PRAYER_NECROMANCY_ATTACK_MODIFIER	Game text (rtx-gametext.js)
varp	11307	type=0;official=COMBATV2_PRAYER_NECROMANCY_STRENGTH_MODIFIER	Game text (rtx-gametext.js)
varc	4278	type=0;official=SB_BUFF_HEAL	Game text (rtx-gametext.js)
varc	6897	type=0;official=EASTER_2021_XP_BUFF_CLIENT	Game text (rtx-gametext.js)
script	11179	h=945671e4;n=78	Game text (rtx-gametext.js)
varp	9903	type=0;official=MEMBERSHIP_EXPIRY_MINUTES	Game text (rtx-gametext.js)
varp	10296	type=1;official=MEMBERSHIP_HAS_SUBSCRIPTION	Game text (rtx-gametext.js)
varp	10437	type=0;official=MEMBERSHIP_CURRENT_MINUTE	Game text (rtx-gametext.js)
varp	10438	type=0;official=MEMBERSHIP_TRIAL_EXPIRY	Game text (rtx-gametext.js)
script	11216	h=f91a97ab;n=468	Game text (rtx-gametext.js)
script	11217	h=001a1c4f;n=228	Game text (rtx-gametext.js)
script	11479	h=4f1e57a2;n=383	Game text (rtx-gametext.js)
script	11490	h=76a21467;n=794	Game text (rtx-gametext.js)
varbit	1622	dom=0;var=607;lo=15;hi=16;official=BRUT_SMITH_HASTA	Game text (rtx-gametext.js)
varbit	11498	dom=0;var=2417;lo=0;hi=8;official=MYREQUE_2_QUEST	Game text (rtx-gametext.js)
varbit	12170	dom=0;var=2487;lo=0;hi=8;official=ELEM_4_MAIN	Game text (rtx-gametext.js)
varbit	12708	dom=0;var=2579;lo=0;hi=6;official=HUNDRED_MAIN_QUEST_VAR	Game text (rtx-gametext.js)
varbit	12710	dom=0;var=2579;lo=11;hi=20;official=HUNDRED_SUBQUEST_TALLY	Game text (rtx-gametext.js)
varbit	13650	dom=0;var=2729;lo=0;hi=10;official=SLICE_QUEST	Game text (rtx-gametext.js)
varbit	15344	dom=0;var=3043;lo=0;hi=7;official=DSD_QUEST	Game text (rtx-gametext.js)
varbit	17795	dom=0;var=3516;lo=1;hi=1;official=ATDES_EASY_REWARD	Game text (rtx-gametext.js)
varbit	17797	dom=0;var=3516;lo=3;hi=3;official=ATDES_MED_REWARD	Game text (rtx-gametext.js)
varbit	17799	dom=0;var=3516;lo=5;hi=5;official=ATDES_HARD_REWARD	Game text (rtx-gametext.js)
varbit	17801	dom=0;var=3516;lo=7;hi=7;official=ATDES_ELITE_REWARD	Game text (rtx-gametext.js)
varbit	53990	dom=0;var=11321;lo=0;hi=1;official=ATUM_REWARD_EASY	Game text (rtx-gametext.js)
varbit	53991	dom=0;var=11321;lo=2;hi=3;official=ATUM_REWARD_MEDIUM	Game text (rtx-gametext.js)
varbit	53992	dom=0;var=11321;lo=4;hi=5;official=ATUM_REWARD_HARD	Game text (rtx-gametext.js)
varbit	53993	dom=0;var=11321;lo=6;hi=7;official=ATUM_REWARD_ELITE	Game text (rtx-gametext.js)
script	11502	h=66695e26;n=174	Game text (rtx-gametext.js)
varbit	5855	dom=0;var=1737;lo=0;hi=0;official=CSI_COMPLETE_1	Game text (rtx-gametext.js)
varbit	5856	dom=0;var=1737;lo=1;hi=1;official=CSI_COMPLETE_2	Game text (rtx-gametext.js)
varbit	5857	dom=0;var=1737;lo=2;hi=2;official=CSI_COMPLETE_3	Game text (rtx-gametext.js)
varbit	5858	dom=0;var=1737;lo=3;hi=3;official=CSI_COMPLETE_4	Game text (rtx-gametext.js)
varbit	5859	dom=0;var=1737;lo=4;hi=4;official=CSI_COMPLETE_5	Game text (rtx-gametext.js)
varbit	5860	dom=0;var=1737;lo=5;hi=5;official=CSI_COMPLETE_6	Game text (rtx-gametext.js)
varbit	5861	dom=0;var=1737;lo=6;hi=6;official=CSI_COMPLETE_7	Game text (rtx-gametext.js)
varbit	5862	dom=0;var=1737;lo=7;hi=7;official=CSI_COMPLETE_8	Game text (rtx-gametext.js)
varbit	5863	dom=0;var=1737;lo=8;hi=8;official=CSI_COMPLETE_9	Game text (rtx-gametext.js)
varbit	5864	dom=0;var=1737;lo=9;hi=9;official=CSI_COMPLETE_10	Game text (rtx-gametext.js)
varbit	5865	dom=0;var=1737;lo=10;hi=10;official=CSI_COMPLETE_11	Game text (rtx-gametext.js)
varbit	5866	dom=0;var=1737;lo=11;hi=11;official=CSI_COMPLETE_12	Game text (rtx-gametext.js)
varbit	5867	dom=0;var=1737;lo=12;hi=12;official=CSI_COMPLETE_13	Game text (rtx-gametext.js)
varbit	5868	dom=0;var=1737;lo=13;hi=13;official=CSI_COMPLETE_14	Game text (rtx-gametext.js)
varbit	5869	dom=0;var=1737;lo=14;hi=14;official=CSI_COMPLETE_15	Game text (rtx-gametext.js)
varbit	5870	dom=0;var=1737;lo=15;hi=15;official=CSI_COMPLETE_16	Game text (rtx-gametext.js)
script	11570	h=a7206792;n=152	Game text (rtx-gametext.js)
script	11669	h=a726735e;n=442	Game text (rtx-gametext.js)
script	11772	h=7c0260bb;n=376	Game text (rtx-gametext.js)
script	11874	h=bcda5275;n=166	Game text (rtx-gametext.js)
varbit	29682	dom=0;var=5897;lo=23;hi=24;official=FALSIEGE_BANNER_ASSEMBLED	Game text (rtx-gametext.js)
varbit	29692	dom=0;var=5898;lo=12;hi=15;official=FALSIEGE_BANNER_QUEST_PROGRESS	Game text (rtx-gametext.js)
script	11927	h=991fa516;n=226	Game text (rtx-gametext.js)
varbit	48190	dom=0;var=9056;lo=7;hi=7;official=POW_OPPORTUNITY_ACTIVE	Game text (rtx-gametext.js)
script	11942	h=3cc7a9c2;n=55	Game text (rtx-gametext.js)
script	11943	h=35870441;n=238	Game text (rtx-gametext.js)
varbit	55825	dom=0;var=11778;lo=0;hi=3;official=COMBATV2_INNATE_MASTERY_STAT_UPGRADE_FRACTURED_STAFF_OF_ARMADYL_TIER_UNLOCKED	Game text (rtx-gametext.js)
varbit	55826	dom=0;var=11778;lo=4;hi=7;official=COMBATV2_INNATE_MASTERY_STAT_UPGRADE_DARK_SHARDS_OF_LENG_TIER_UNLOCKED	Game text (rtx-gametext.js)
varbit	55827	dom=0;var=11778;lo=8;hi=11;official=COMBATV2_INNATE_MASTERY_STAT_UPGRADE_EK_ZEKKIL_TIER_UNLOCKED	Game text (rtx-gametext.js)
varbit	55828	dom=0;var=11778;lo=12;hi=15;official=COMBATV2_INNATE_MASTERY_STAT_UPGRADE_BOW_OF_THE_LAST_GUARDIAN_TIER_UNLOCKED	Game text (rtx-gametext.js)
varbit	55829	dom=0;var=11778;lo=16;hi=19;official=COMBATV2_INNATE_MASTERY_STAT_UPGRADE_OMNI_SOULBOUND_TIER_UNLOCKED	Game text (rtx-gametext.js)
varbit	55830	dom=0;var=11778;lo=20;hi=23;official=COMBATV2_INNATE_MASTERY_STAT_UPGRADE_SONG_OF_DESTRUCTION_TIER_UNLOCKED	Game text (rtx-gametext.js)
varbit	58289	dom=0;var=11778;lo=24;hi=27;official=COMBATV2_INNATE_MASTERY_STAT_UPGRADE_DEVOURERS_GUARD_TIER_UNLOCKED	Game text (rtx-gametext.js)
varbit	58290	dom=0;var=11778;lo=28;hi=31;official=COMBATV2_INNATE_MASTERY_STAT_UPGRADE_TUMEKENS_LIGHT_TIER_UNLOCKED	Game text (rtx-gametext.js)
script	11975	h=d1217b4b;n=39	Game text (rtx-gametext.js)
varbit	27915	dom=0;var=5264;lo=0;hi=21;official=ABSYSTEM_GROUP	Game text (rtx-gametext.js)
script	12039	h=549150ef;n=78	Game text (rtx-gametext.js)
script	12043	h=3f89baf5;n=369	Game text (rtx-gametext.js)
script	12052	h=7e42edb6;n=174	Game text (rtx-gametext.js)
varbit	30224	dom=0;var=5987;lo=7;hi=7;official=INVENT_HAS_TOOLS	Game text (rtx-gametext.js)
varbit	30225	dom=0;var=5987;lo=8;hi=8;official=INVENT_HAS_CHARGE_PACK	Game text (rtx-gametext.js)
script	12059	h=3ad60760;n=485	Game text (rtx-gametext.js)
varp	5981	type=0;official=INVENT_BLUEPRINT_UNLOCKED_0	Game text (rtx-gametext.js)
varp	5982	type=0;official=INVENT_BLUEPRINT_UNLOCKED_1	Game text (rtx-gametext.js)
varp	5983	type=0;official=INVENT_BLUEPRINT_UNLOCKED_2	Game text (rtx-gametext.js)
varp	6633	type=0;official=INVENT_BLUEPRINT_UNLOCKED_3	Game text (rtx-gametext.js)
varp	7249	type=0;official=INVENT_BLUEPRINT_UNLOCKED_4	Game text (rtx-gametext.js)
varp	12212	type=0;official=INVENT_BLUEPRINT_UNLOCKED_5	Game text (rtx-gametext.js)
script	12070	h=8211c9f6;n=148	Game text (rtx-gametext.js)
script	12071	h=d5fbf9e0;n=54	Game text (rtx-gametext.js)
script	12072	h=428f9e19;n=208	Game text (rtx-gametext.js)
script	12073	h=431cedd3;n=705	Game text (rtx-gametext.js)
script	12074	h=6b709183;n=540	Game text (rtx-gametext.js)
script	12076	h=6f82d8a9;n=59	Game text (rtx-gametext.js)
script	12080	h=fe691498;n=116	Game text (rtx-gametext.js)
script	12198	h=8e788219;n=409	Game text (rtx-gametext.js)
script	12202	h=236bf004;n=350	Game text (rtx-gametext.js)
script	12377	h=810ebb44;n=105	Game text (rtx-gametext.js)
script	12421	h=8a39a0d4;n=122	Game text (rtx-gametext.js)
script	12422	h=7df96c3c;n=725	Game text (rtx-gametext.js)
script	12476	h=12de747c;n=147	Game text (rtx-gametext.js)
varbit	223	dom=0;var=89;lo=0;hi=0;official=DOUBLEXP_SETUPFLAG	Game text (rtx-gametext.js)
varbit	47683	dom=0;var=9505;lo=0;hi=0;official=DOUBLEXP_TIME_PAUSED	Game text (rtx-gametext.js)
script	12477	h=aae7cd8f;n=125	Game text (rtx-gametext.js)
varp	6601	type=0;official=LOBBY_RUNEDAY	Game text (rtx-gametext.js)|D&D Tracker
script	12478	h=f513e4fa;n=26	Game text (rtx-gametext.js)
script	12517	h=959d1dd8;n=306	Game text (rtx-gametext.js)
script	12544	h=a03b8133;n=65	Game text (rtx-gametext.js)
script	12602	h=47f82d20;n=103	Game text (rtx-gametext.js)
script	12618	h=853ab34f;n=1235	Game text (rtx-gametext.js)
script	12676	h=b4661c13;n=55	Game text (rtx-gametext.js)
script	12677	h=db7c5cbf;n=336	Game text (rtx-gametext.js)
varbit	51465	dom=0;var=10527;lo=24;hi=24;official=EGWD_ZAMORAK_BOSS_REWARD_ENCHANTMENT_HEXHUNTER	Game text (rtx-gametext.js)
varbit	51466	dom=0;var=10527;lo=25;hi=25;official=EGWD_ZAMORAK_BOSS_REWARD_ENCHANTMENT_TERRASAUR	Game text (rtx-gametext.js)
varbit	51467	dom=0;var=10527;lo=26;hi=26;official=EGWD_ZAMORAK_BOSS_REWARD_ENCHANTMENT_INQUISITOR	Game text (rtx-gametext.js)
varbit	51468	dom=0;var=10527;lo=30;hi=30;official=EGWD_ZAMORAK_BOSS_REWARD_ENCHANTMENT_KERAPAC_GLOVES	Game text (rtx-gametext.js)
varbit	51469	dom=0;var=10527;lo=31;hi=31;official=EGWD_ZAMORAK_BOSS_REWARD_ENCHANTMENT_GLOVES_OF_PASSAGE	Game text (rtx-gametext.js)
varbit	51470	dom=0;var=10528;lo=0;hi=0;official=EGWD_ZAMORAK_BOSS_REWARD_ENCHANTMENT_NIGHTMARE_GAUNTLETS	Game text (rtx-gametext.js)
varbit	51480	dom=0;var=10528;lo=10;hi=10;official=EGWD_ZAMORAK_BOSS_REWARD_ENCHANTMENT_RING_CHANNELLER	Game text (rtx-gametext.js)
varbit	51481	dom=0;var=10528;lo=11;hi=11;official=EGWD_ZAMORAK_BOSS_REWARD_ENCHANTMENT_RING_STALKER	Game text (rtx-gametext.js)
varbit	51482	dom=0;var=10528;lo=12;hi=12;official=EGWD_ZAMORAK_BOSS_REWARD_ENCHANTMENT_RING_CHAMPION	Game text (rtx-gametext.js)
varbit	52157	dom=0;var=10709;lo=0;hi=0;official=WILDY_EVENTS_REWARDS_ENCHANTMENT_GRACE	Game text (rtx-gametext.js)
varbit	52158	dom=0;var=10709;lo=1;hi=1;official=WILDY_EVENTS_REWARDS_ENCHANTMENT_LUCK	Game text (rtx-gametext.js)
varbit	52159	dom=0;var=10709;lo=2;hi=2;official=WILDY_EVENTS_REWARDS_ENCHANTMENT_PASSAGE	Game text (rtx-gametext.js)
script	12779	h=2d95a036;n=189	Game text (rtx-gametext.js)
script	12780	h=a7f4c60d;n=132	Game text (rtx-gametext.js)
varbit	1061	dom=0;var=433;lo=13;hi=13;official=HOLY_BOOK_GOT_SARADOMIN	Game text (rtx-gametext.js)
varbit	1063	dom=0;var=433;lo=15;hi=15;official=HOLY_BOOK_GOT_ZAMORAK	Game text (rtx-gametext.js)
varbit	1065	dom=0;var=433;lo=17;hi=17;official=HOLY_BOOK_GOT_GUTHIX	Game text (rtx-gametext.js)
varbit	1083	dom=0;var=434;lo=3;hi=3;official=HOLY_BOOK_GOT_BANDOS	Game text (rtx-gametext.js)
varbit	1085	dom=0;var=434;lo=5;hi=5;official=HOLY_BOOK_GOT_ARMADYL	Game text (rtx-gametext.js)
varbit	1087	dom=0;var=434;lo=7;hi=7;official=HOLY_BOOK_GOT_ZAROS	Game text (rtx-gametext.js)
script	13038	h=e25db7fe;n=205	Game text (rtx-gametext.js)
script	13040	h=5cfc8d26;n=533	Game text (rtx-gametext.js)
script	13041	h=8da0b129;n=348	Game text (rtx-gametext.js)
script	13042	h=37e90455;n=743	Game text (rtx-gametext.js)
script	13048	h=5eb5fb31;n=200	Game text (rtx-gametext.js)
varp	10719	type=0;official=ROTTEN_POTATO_LAST_KNOWN_INV_LOCATION	Game text (rtx-gametext.js)
script	13065	h=93f6e529;n=215	Game text (rtx-gametext.js)
script	13086	h=090dafb5;n=215	Game text (rtx-gametext.js)
script	13103	h=bba91bbb;n=225	Game text (rtx-gametext.js)
script	13107	h=ebe045fa;n=208	Game text (rtx-gametext.js)
script	13110	h=d5059f31;n=826	Game text (rtx-gametext.js)
varbit	35142	dom=0;var=6848;lo=0;hi=11;official=MTXMGT_STORE_RC_PRICE_SLOT0	Game text (rtx-gametext.js)
varbit	35143	dom=0;var=6848;lo=12;hi=31;official=MTXMGT_STORE_LP_PRICE_SLOT0	Game text (rtx-gametext.js)
varbit	35144	dom=0;var=6849;lo=0;hi=11;official=MTXMGT_STORE_RC_PRICE_SLOT1	Game text (rtx-gametext.js)
varbit	35145	dom=0;var=6849;lo=12;hi=31;official=MTXMGT_STORE_LP_PRICE_SLOT1	Game text (rtx-gametext.js)
varbit	35146	dom=0;var=6850;lo=0;hi=11;official=MTXMGT_STORE_RC_PRICE_SLOT2	Game text (rtx-gametext.js)
varbit	35147	dom=0;var=6850;lo=12;hi=31;official=MTXMGT_STORE_LP_PRICE_SLOT2	Game text (rtx-gametext.js)
varbit	35148	dom=0;var=6851;lo=0;hi=11;official=MTXMGT_STORE_RC_PRICE_SLOT3	Game text (rtx-gametext.js)
varbit	35149	dom=0;var=6851;lo=12;hi=31;official=MTXMGT_STORE_LP_PRICE_SLOT3	Game text (rtx-gametext.js)
varbit	35150	dom=0;var=6852;lo=0;hi=11;official=MTXMGT_STORE_RC_PRICE_SLOT4	Game text (rtx-gametext.js)
varbit	35151	dom=0;var=6852;lo=12;hi=31;official=MTXMGT_STORE_LP_PRICE_SLOT4	Game text (rtx-gametext.js)
varbit	35152	dom=0;var=6853;lo=0;hi=11;official=MTXMGT_STORE_RC_PRICE_SLOT5	Game text (rtx-gametext.js)
varbit	35153	dom=0;var=6853;lo=12;hi=31;official=MTXMGT_STORE_LP_PRICE_SLOT5	Game text (rtx-gametext.js)
varbit	35154	dom=0;var=6854;lo=0;hi=11;official=MTXMGT_STORE_RC_PRICE_SLOT6	Game text (rtx-gametext.js)
varbit	35155	dom=0;var=6854;lo=12;hi=31;official=MTXMGT_STORE_LP_PRICE_SLOT6	Game text (rtx-gametext.js)
varbit	35156	dom=0;var=6855;lo=0;hi=11;official=MTXMGT_STORE_RC_PRICE_SLOT7	Game text (rtx-gametext.js)
varbit	35157	dom=0;var=6855;lo=12;hi=31;official=MTXMGT_STORE_LP_PRICE_SLOT7	Game text (rtx-gametext.js)
varbit	35158	dom=0;var=6856;lo=0;hi=11;official=MTXMGT_STORE_RC_PRICE_SLOT8	Game text (rtx-gametext.js)
varbit	35159	dom=0;var=6856;lo=12;hi=31;official=MTXMGT_STORE_LP_PRICE_SLOT8	Game text (rtx-gametext.js)
varbit	35160	dom=0;var=6857;lo=0;hi=11;official=MTXMGT_STORE_RC_PRICE_SLOT9	Game text (rtx-gametext.js)
varbit	35161	dom=0;var=6857;lo=12;hi=31;official=MTXMGT_STORE_LP_PRICE_SLOT9	Game text (rtx-gametext.js)
varbit	35162	dom=0;var=6858;lo=0;hi=11;official=MTXMGT_STORE_RC_PRICE_SLOT10	Game text (rtx-gametext.js)
varbit	35163	dom=0;var=6858;lo=12;hi=31;official=MTXMGT_STORE_LP_PRICE_SLOT10	Game text (rtx-gametext.js)
varbit	35164	dom=0;var=6859;lo=0;hi=11;official=MTXMGT_STORE_RC_PRICE_SLOT11	Game text (rtx-gametext.js)
varbit	35165	dom=0;var=6859;lo=12;hi=31;official=MTXMGT_STORE_LP_PRICE_SLOT11	Game text (rtx-gametext.js)
varbit	35166	dom=0;var=6860;lo=0;hi=11;official=MTXMGT_STORE_RC_PRICE_SLOT12	Game text (rtx-gametext.js)
varbit	35167	dom=0;var=6860;lo=12;hi=31;official=MTXMGT_STORE_LP_PRICE_SLOT12	Game text (rtx-gametext.js)
varbit	35168	dom=0;var=6861;lo=0;hi=11;official=MTXMGT_STORE_RC_PRICE_SLOT13	Game text (rtx-gametext.js)
varbit	35169	dom=0;var=6861;lo=12;hi=31;official=MTXMGT_STORE_LP_PRICE_SLOT13	Game text (rtx-gametext.js)
varbit	35170	dom=0;var=6862;lo=0;hi=11;official=MTXMGT_STORE_RC_PRICE_SLOT14	Game text (rtx-gametext.js)
varbit	35171	dom=0;var=6862;lo=12;hi=31;official=MTXMGT_STORE_LP_PRICE_SLOT14	Game text (rtx-gametext.js)
varbit	35172	dom=0;var=6863;lo=0;hi=11;official=MTXMGT_STORE_RC_PRICE_SLOT15	Game text (rtx-gametext.js)
varbit	35173	dom=0;var=6863;lo=12;hi=31;official=MTXMGT_STORE_LP_PRICE_SLOT15	Game text (rtx-gametext.js)
varbit	35174	dom=0;var=6864;lo=0;hi=11;official=MTXMGT_STORE_RC_PRICE_SLOT16	Game text (rtx-gametext.js)
varbit	35175	dom=0;var=6864;lo=12;hi=31;official=MTXMGT_STORE_LP_PRICE_SLOT16	Game text (rtx-gametext.js)
varbit	35176	dom=0;var=6865;lo=0;hi=11;official=MTXMGT_STORE_RC_PRICE_SLOT17	Game text (rtx-gametext.js)
varbit	35177	dom=0;var=6865;lo=12;hi=31;official=MTXMGT_STORE_LP_PRICE_SLOT17	Game text (rtx-gametext.js)
varbit	35178	dom=0;var=6866;lo=0;hi=11;official=MTXMGT_STORE_RC_PRICE_SLOT18	Game text (rtx-gametext.js)
varbit	35179	dom=0;var=6866;lo=12;hi=31;official=MTXMGT_STORE_LP_PRICE_SLOT18	Game text (rtx-gametext.js)
script	13240	h=8ecae120;n=392	Game text (rtx-gametext.js)
script	13258	h=4c105886;n=546	Game text (rtx-gametext.js)
script	13399	h=43266801;n=996	Game text (rtx-gametext.js)
script	13402	h=216062b4;n=269	Game text (rtx-gametext.js)
script	13403	h=8d2cfc41;n=334	Game text (rtx-gametext.js)
varbit	48221	dom=0;var=9587;lo=3;hi=5;official=HALLOWEEN2020_PESTILENCE_MINIQUEST_PROGRESS	Game text (rtx-gametext.js)
varbit	48222	dom=0;var=9587;lo=6;hi=8;official=HALLOWEEN2020_MUNCHER_MINIQUEST_PROGRESS	Game text (rtx-gametext.js)
varbit	48223	dom=0;var=9587;lo=9;hi=11;official=HALLOWEEN2020_DEATH_MINIQUEST_PROGRESS	Game text (rtx-gametext.js)
varbit	50295	dom=0;var=9587;lo=12;hi=14;official=HALLOWEEN2021_GREG_MINIQUEST_PROGRESS	Game text (rtx-gametext.js)
varbit	50296	dom=0;var=9587;lo=15;hi=17;official=HALLOWEEN2021_ED_MINIQUEST_PROGRESS	Game text (rtx-gametext.js)
varbit	52199	dom=0;var=9587;lo=28;hi=30;official=HALLOWEEN2022_MINIQUEST_PROGRESS	Game text (rtx-gametext.js)
script	13424	h=0bb57501;n=87	Game text (rtx-gametext.js)
script	13427	h=533347b5;n=164	Game text (rtx-gametext.js)
script	13562	h=8bb0537e;n=132	Game text (rtx-gametext.js)
varbit	12304	dom=0;var=2500;lo=11;hi=11;official=OPN_ILLUMINATION_GAINED_XP_SARADOMIN	Game text (rtx-gametext.js)
varbit	12305	dom=0;var=2500;lo=6;hi=6;official=OPN_ILLUMINATION_GAINED_XP_GUTHIX	Game text (rtx-gametext.js)
varbit	12306	dom=0;var=2500;lo=7;hi=7;official=OPN_ILLUMINATION_GAINED_XP_ZAMORAK	Game text (rtx-gametext.js)
varbit	12307	dom=0;var=2500;lo=8;hi=8;official=OPN_ILLUMINATION_GAINED_XP_ARMADYL	Game text (rtx-gametext.js)
varbit	12308	dom=0;var=2500;lo=9;hi=9;official=OPN_ILLUMINATION_GAINED_XP_BANDOS	Game text (rtx-gametext.js)
varbit	12309	dom=0;var=2500;lo=10;hi=10;official=OPN_ILLUMINATION_GAINED_XP_ZAROS	Game text (rtx-gametext.js)
script	13563	h=4922e28a;n=252	Game text (rtx-gametext.js)
script	13564	h=173d07a0;n=1335	Game text (rtx-gametext.js)
script	13574	h=8340055a;n=3492	Game text (rtx-gametext.js)
varbit	22946	dom=0;var=4534;lo=0;hi=15;official=BSLAY_KILLS_GIANTMOLE	Game text (rtx-gametext.js)
varbit	22956	dom=0;var=4539;lo=0;hi=15;official=BSLAY_KILLS_GWD_ZILYANA	Game text (rtx-gametext.js)
varbit	22958	dom=0;var=4540;lo=0;hi=15;official=BSLAY_KILLS_GWD_GRAARDOR	Game text (rtx-gametext.js)
varbit	22960	dom=0;var=4541;lo=0;hi=15;official=BSLAY_KILLS_GWD_KREEARRA	Game text (rtx-gametext.js)
varbit	22962	dom=0;var=4542;lo=0;hi=15;official=BSLAY_KILLS_GWD_KRIL	Game text (rtx-gametext.js)
varbit	22970	dom=0;var=4546;lo=0;hi=15;official=BSLAY_KILLS_VORAGO	Game text (rtx-gametext.js)
varbit	29857	dom=0;var=5927;lo=0;hi=7;official=BSLAY_PRESTIGE_GIANTMOLE	Game text (rtx-gametext.js)
varbit	29867	dom=0;var=5929;lo=16;hi=23;official=BSLAY_PRESTIGE_GWD_ZILYANA	Game text (rtx-gametext.js)
varbit	29869	dom=0;var=5930;lo=0;hi=7;official=BSLAY_PRESTIGE_GWD_GRAARDOR	Game text (rtx-gametext.js)
varbit	29871	dom=0;var=5930;lo=16;hi=23;official=BSLAY_PRESTIGE_GWD_KREEARRA	Game text (rtx-gametext.js)
varbit	29873	dom=0;var=5931;lo=0;hi=7;official=BSLAY_PRESTIGE_GWD_KRIL	Game text (rtx-gametext.js)
varbit	29881	dom=0;var=5933;lo=0;hi=7;official=BSLAY_PRESTIGE_VORAGO	Game text (rtx-gametext.js)
varbit	30840	dom=0;var=6222;lo=0;hi=15;official=BSLAY_KILLS_VINDICTA	Game text (rtx-gametext.js)
varbit	30841	dom=0;var=6222;lo=16;hi=31;official=BSLAY_KILLS_TWINDEMONS	Game text (rtx-gametext.js)
varbit	30842	dom=0;var=6223;lo=0;hi=15;official=BSLAY_KILLS_HELWYR	Game text (rtx-gametext.js)
varbit	30843	dom=0;var=6223;lo=16;hi=31;official=BSLAY_KILLS_SLISKE	Game text (rtx-gametext.js)
varbit	30848	dom=0;var=6227;lo=0;hi=7;official=BSLAY_PRESTIGE_VINDICTA	Game text (rtx-gametext.js)
varbit	30849	dom=0;var=6227;lo=8;hi=15;official=BSLAY_PRESTIGE_TWINDEMONS	Game text (rtx-gametext.js)
varbit	30850	dom=0;var=6227;lo=16;hi=23;official=BSLAY_PRESTIGE_HELWYR	Game text (rtx-gametext.js)
varbit	30851	dom=0;var=6227;lo=24;hi=31;official=BSLAY_PRESTIGE_SLISKE	Game text (rtx-gametext.js)
varbit	41546	dom=0;var=9849;lo=16;hi=31;official=BSLAY_KILLS_EGWD_WEN_BOSS	Game text (rtx-gametext.js)
varbit	49727	dom=0;var=9848;lo=16;hi=31;official=BSLAY_KILLS_EGWD_JAS_BOSS	Game text (rtx-gametext.js)
varbit	49729	dom=0;var=8392;lo=8;hi=15;official=BSLAY_PRESTIGE_EGWD_JAS_BOSS	Game text (rtx-gametext.js)
varbit	50125	dom=0;var=8392;lo=24;hi=31;official=BSLAY_PRESTIGE_EGWD_WEN_BOSS	Game text (rtx-gametext.js)
varbit	50332	dom=0;var=10192;lo=0;hi=15;official=BSLAY_KILLS_EGWD_FUL_BOSS	Game text (rtx-gametext.js)
varbit	50334	dom=0;var=9850;lo=16;hi=23;official=BSLAY_PRESTIGE_EGWD_FUL_BOSS	Game text (rtx-gametext.js)
varbit	54674	dom=0;var=11546;lo=0;hi=15;official=BSLAY_KILLS_FORT_BOSS_ZEMO_VORKATH	Game text (rtx-gametext.js)
varbit	54676	dom=0;var=11547;lo=0;hi=7;official=BSLAY_PRESTIGE_FORT_BOSS_ZEMO_VORKATH	Game text (rtx-gametext.js)
varbit	55730	dom=0;var=11785;lo=0;hi=15;official=BSLAY_KILLS_RAID_REBIRTH1_WYRM_BOSS	Game text (rtx-gametext.js)
varbit	55732	dom=0;var=11786;lo=0;hi=15;official=BSLAY_KILLS_RAID_REBIRTH1_BEAST_BOSS	Game text (rtx-gametext.js)
varbit	55734	dom=0;var=11787;lo=0;hi=15;official=BSLAY_KILLS_RAID_REBIRTH1_SLAYER_MASTER_BOSS	Game text (rtx-gametext.js)
varbit	55736	dom=0;var=11547;lo=16;hi=23;official=BSLAY_PRESTIGE_RAID_REBIRTH1_WYRM_BOSS	Game text (rtx-gametext.js)
varbit	55738	dom=0;var=11788;lo=0;hi=7;official=BSLAY_PRESTIGE_RAID_REBIRTH1_BEAST_BOSS	Game text (rtx-gametext.js)
varbit	55740	dom=0;var=11788;lo=16;hi=23;official=BSLAY_PRESTIGE_RAID_REBIRTH1_SLAYER_MASTER_BOSS	Game text (rtx-gametext.js)
varbit	58187	dom=0;var=11853;lo=16;hi=31;official=BSLAY_KILLS_AMASCUT_BOSS	Game text (rtx-gametext.js)
varbit	58189	dom=0;var=11789;lo=8;hi=15;official=BSLAY_PRESTIGE_AMASCUT_BOSS	Game text (rtx-gametext.js)
varbit	60742	dom=0;var=12782;lo=0;hi=15;official=BSLAY_KILLS_WENDLE_GIANT_BOSS	Game text (rtx-gametext.js)
varbit	60743	dom=0;var=12782;lo=16;hi=31;official=BSLAY_KILLS_WENDLE_HEDGEHOG_BOSS	Game text (rtx-gametext.js)
varbit	60744	dom=0;var=12783;lo=0;hi=7;official=BSLAY_PRESTIGE_WENDLE_GIANT_BOSS	Game text (rtx-gametext.js)
varbit	60745	dom=0;var=12783;lo=8;hi=15;official=BSLAY_PRESTIGE_WENDLE_HEDGEHOG_BOSS	Game text (rtx-gametext.js)
script	13727	h=5b2b308b;n=123	Game text (rtx-gametext.js)
varbit	50570	dom=0;var=10287;lo=3;hi=3;official=RS_DAILY_KEYS_PLUS	Game text (rtx-gametext.js)
varbit	50571	dom=0;var=10287;lo=4;hi=4;official=RS_DAILY_EXTRA_KEYS	Game text (rtx-gametext.js)
script	13776	h=8bbe0d8f;n=15294	Game text (rtx-gametext.js)
varbit	16497	dom=0;var=3214;lo=0;hi=1;official=SMALL_ESSENCE_POUCH	Game text (rtx-gametext.js)
varbit	16498	dom=0;var=3214;lo=2;hi=4;official=MEDIUM_ESSENCE_POUCH	Game text (rtx-gametext.js)
varbit	16499	dom=0;var=3214;lo=5;hi=8;official=LARGE_ESSENCE_POUCH	Game text (rtx-gametext.js)
varbit	16500	dom=0;var=3214;lo=9;hi=12;official=GIANT_ESSENCE_POUCH	Game text (rtx-gametext.js)
varbit	16502	dom=0;var=13713;lo=0;hi=2	Game text (rtx-gametext.js)
varbit	16503	dom=0;var=13713;lo=3;hi=5	Game text (rtx-gametext.js)
varbit	16504	dom=0;var=13713;lo=6;hi=8	Game text (rtx-gametext.js)
varbit	16505	dom=0;var=13713;lo=9;hi=11	Game text (rtx-gametext.js)
varbit	27718	dom=0;var=5253;lo=14;hi=31;official=TRH53_SPRING_CLEANER_STORED_CHARGES	Game text (rtx-gametext.js)
varbit	44598	dom=0;var=8679;lo=0;hi=9;official=SPIRIT_GEM_BAG_SAPPHIRE_P	Game text (rtx-gametext.js)
varbit	44599	dom=0;var=8679;lo=10;hi=19;official=SPIRIT_GEM_BAG_EMERALD_P	Game text (rtx-gametext.js)
varbit	44600	dom=0;var=8679;lo=20;hi=29;official=SPIRIT_GEM_BAG_RUBY_P	Game text (rtx-gametext.js)
varbit	44601	dom=0;var=8680;lo=0;hi=9;official=SPIRIT_GEM_BAG_DIAMOND_P	Game text (rtx-gametext.js)
varbit	44602	dom=0;var=8680;lo=10;hi=19;official=SPIRIT_GEM_BAG_DRAGON_P	Game text (rtx-gametext.js)
varbit	44603	dom=0;var=8680;lo=20;hi=29;official=SPIRIT_GEM_BAG_ONYX_P	Game text (rtx-gametext.js)
varbit	48172	dom=0;var=9580;lo=5;hi=13;official=SKILLING_OFFHAND_SAPPHIRE	Game text (rtx-gametext.js)
varbit	48173	dom=0;var=9580;lo=14;hi=22;official=SKILLING_OFFHAND_EMERALD	Game text (rtx-gametext.js)
varbit	48174	dom=0;var=9580;lo=23;hi=31;official=SKILLING_OFFHAND_RUBY	Game text (rtx-gametext.js)
varbit	48175	dom=0;var=9581;lo=0;hi=8;official=SKILLING_OFFHAND_DIAMOND	Game text (rtx-gametext.js)
varbit	48176	dom=0;var=9581;lo=9;hi=17;official=SKILLING_OFFHAND_DRAGON	Game text (rtx-gametext.js)
varbit	57685	dom=0;var=3214;lo=13;hi=19;official=EXPANSIVE_ESSENCE_POUCH	Game text (rtx-gametext.js)
varbit	57686	dom=0;var=13713;lo=12;hi=14	Game text (rtx-gametext.js)
varbit	61469	dom=0;var=13475;lo=0;hi=6	Game text (rtx-gametext.js)
varbit	61470	dom=0;var=13475;lo=7;hi=13	Game text (rtx-gametext.js)
varbit	61471	dom=0;var=13475;lo=14;hi=20	Game text (rtx-gametext.js)
varbit	61472	dom=0;var=13475;lo=21;hi=27	Game text (rtx-gametext.js)
varbit	61473	dom=0;var=13476;lo=0;hi=6	Game text (rtx-gametext.js)
varbit	61474	dom=0;var=13476;lo=7;hi=13	Game text (rtx-gametext.js)
varbit	61475	dom=0;var=13476;lo=14;hi=20	Game text (rtx-gametext.js)
varbit	61476	dom=0;var=13476;lo=21;hi=27	Game text (rtx-gametext.js)
varbit	61477	dom=0;var=9582;lo=21;hi=29	Game text (rtx-gametext.js)
varbit	61478	dom=0;var=13474;lo=0;hi=8	Game text (rtx-gametext.js)
varbit	61479	dom=0;var=13474;lo=9;hi=17	Game text (rtx-gametext.js)
script	13777	h=a227c9fe;n=252	Game text (rtx-gametext.js)
script	13789	h=38a25914;n=215	Game text (rtx-gametext.js)
script	13790	h=8033d7dd;n=619	Game text (rtx-gametext.js)
script	13825	h=7b978528;n=283	Game text (rtx-gametext.js)
script	14075	h=0624226f;n=120	Game text (rtx-gametext.js)
varbit	15711	dom=0;var=3090;lo=0;hi=0;official=ATFREM_EASY_SLAYER	Game text (rtx-gametext.js)
varbit	15712	dom=0;var=3090;lo=1;hi=1;official=ATFREM_EASY_ROCKCRABS	Game text (rtx-gametext.js)
varbit	15713	dom=0;var=3090;lo=2;hi=2;official=ATFREM_EASY_HIGHTREE	Game text (rtx-gametext.js)
varbit	15714	dom=0;var=3090;lo=3;hi=3;official=ATFREM_EASY_BARBTUTORIAL	Game text (rtx-gametext.js)
varbit	15715	dom=0;var=3090;lo=4;hi=4;official=ATFREM_EASY_OTTO	Game text (rtx-gametext.js)
varbit	15716	dom=0;var=3090;lo=5;hi=5;official=ATFREM_EASY_SEAWEED	Game text (rtx-gametext.js)
varbit	15717	dom=0;var=3090;lo=6;hi=6;official=ATFREM_EASY_HUNTEXPERT	Game text (rtx-gametext.js)
varbit	15718	dom=0;var=3090;lo=7;hi=7;official=ATFREM_EASY_FISH	Game text (rtx-gametext.js)
varbit	15719	dom=0;var=3090;lo=8;hi=8;official=ATFREM_EASY_SUMMONING	Game text (rtx-gametext.js)
varbit	15720	dom=0;var=3090;lo=9;hi=9;official=ATFREM_EASY_UNICORN	Game text (rtx-gametext.js)
script	14076	h=ae93fa56;n=129	Game text (rtx-gametext.js)
varbit	15721	dom=0;var=3090;lo=10;hi=10;official=ATFREM_MEDIUM_HISTORY	Game text (rtx-gametext.js)
varbit	15722	dom=0;var=3090;lo=11;hi=11;official=ATFREM_MEDIUM_SHOUTING	Game text (rtx-gametext.js)
varbit	15723	dom=0;var=3090;lo=12;hi=12;official=ATFREM_MEDIUM_PETROCK	Game text (rtx-gametext.js)
varbit	15724	dom=0;var=3090;lo=13;hi=13;official=ATFREM_MEDIUM_GLASS	Game text (rtx-gametext.js)
varbit	15725	dom=0;var=3090;lo=14;hi=14;official=ATFREM_MEDIUM_FOSSCHARM	Game text (rtx-gametext.js)
varbit	15726	dom=0;var=3090;lo=15;hi=15;official=ATFREM_MEDIUM_FAIRYRING	Game text (rtx-gametext.js)
varbit	15727	dom=0;var=3090;lo=16;hi=16;official=ATFREM_MEDIUM_BOOTCOLOUR	Game text (rtx-gametext.js)
varbit	15728	dom=0;var=3090;lo=17;hi=17;official=ATFREM_MEDIUM_KYATT	Game text (rtx-gametext.js)
varbit	15729	dom=0;var=3090;lo=18;hi=18;official=ATFREM_MEDIUM_YAKHIDETROLL	Game text (rtx-gametext.js)
varbit	15730	dom=0;var=3090;lo=19;hi=19;official=ATFREM_MEDIUM_CHEESE	Game text (rtx-gametext.js)
varbit	15731	dom=0;var=3090;lo=20;hi=20;official=ATFREM_MEDIUM_THIEVING	Game text (rtx-gametext.js)
script	14077	h=71215938;n=111	Game text (rtx-gametext.js)
varbit	15732	dom=0;var=3090;lo=21;hi=21;official=ATFREM_HARD_DAGANNOTHS	Game text (rtx-gametext.js)
varbit	15733	dom=0;var=3090;lo=22;hi=22;official=ATFREM_HARD_ARMOURHONOUR	Game text (rtx-gametext.js)
varbit	15734	dom=0;var=3090;lo=23;hi=23;official=ATFREM_HARD_BARBAGILITY	Game text (rtx-gametext.js)
varbit	15735	dom=0;var=3090;lo=24;hi=24;official=ATFREM_HARD_ESSENCE	Game text (rtx-gametext.js)
varbit	15736	dom=0;var=3090;lo=25;hi=25;official=ATFREM_HARD_PYRESHIP	Game text (rtx-gametext.js)
varbit	15737	dom=0;var=3090;lo=26;hi=26;official=ATFREM_HARD_BARBTUNA	Game text (rtx-gametext.js)
varbit	15738	dom=0;var=3090;lo=27;hi=27;official=ATFREM_HARD_PIE	Game text (rtx-gametext.js)
varbit	15739	dom=0;var=3090;lo=28;hi=28;official=ATFREM_HARD_DRAGON	Game text (rtx-gametext.js)
varbit	15740	dom=0;var=3090;lo=29;hi=29;official=ATFREM_HARD_MAHOGANY	Game text (rtx-gametext.js)
script	14078	h=8f15685f;n=111	Game text (rtx-gametext.js)
varbit	15751	dom=0;var=3091;lo=18;hi=18;official=ATFREM_ELITE_CATCH_SHARK	Game text (rtx-gametext.js)
varbit	15752	dom=0;var=3091;lo=19;hi=19;official=ATFREM_ELITE_AGILE_TOP	Game text (rtx-gametext.js)
varbit	15753	dom=0;var=3091;lo=20;hi=20;official=ATFREM_ELITE_ASTRAL_RUNES	Game text (rtx-gametext.js)
varbit	15754	dom=0;var=3091;lo=21;hi=21;official=ATFREM_ELITE_STRYKWYRM	Game text (rtx-gametext.js)
varbit	15755	dom=0;var=3091;lo=22;hi=22;official=ATFREM_ELITE_CHASM_JUMP	Game text (rtx-gametext.js)
varbit	15756	dom=0;var=3091;lo=23;hi=23;official=ATFREM_ELITE_MAGIC_PYRE	Game text (rtx-gametext.js)
varbit	15757	dom=0;var=3091;lo=24;hi=24;official=ATFREM_ELITE_RUNE_HASTA	Game text (rtx-gametext.js)
varbit	15758	dom=0;var=3091;lo=25;hi=25;official=ATFREM_ELITE_RANGING_MIX	Game text (rtx-gametext.js)
varbit	15759	dom=0;var=3091;lo=26;hi=26;official=ATFREM_ELITE_BALMUNG	Game text (rtx-gametext.js)
script	14079	h=fdaf325b;n=75	Game text (rtx-gametext.js)
script	14080	h=d5d98e1b;n=75	Game text (rtx-gametext.js)
script	14081	h=68a0a5fa;n=75	Game text (rtx-gametext.js)
script	14082	h=eaf35e4b;n=75	Game text (rtx-gametext.js)
script	14090	h=6fa93257;n=1171	Game text (rtx-gametext.js)
varbit	3008	dom=0;var=1107;lo=0;hi=4;official=TOOLBELT_RAND_PICKAXE	Game text (rtx-gametext.js)
varbit	3009	dom=0;var=1107;lo=5;hi=8;official=TOOLBELT_RAND_HATCHET	Game text (rtx-gametext.js)
varbit	4935	dom=0;var=1103;lo=24;hi=26;official=TOOLBELT_MACHETTE_LEVEL	Game text (rtx-gametext.js)
varbit	18521	dom=0;var=7903;lo=2;hi=9;official=TOOLBELT_PICKAXE_LEVEL	Game text (rtx-gametext.js)
varbit	18522	dom=0;var=7903;lo=22;hi=29;official=TOOLBELT_HATCHET_LEVEL	Game text (rtx-gametext.js)
script	14490	h=3a25a9b3;n=461	Game text (rtx-gametext.js)
script	14579	h=b5ba4602;n=288	Game text (rtx-gametext.js)
varbit	47023	dom=0;var=9367;lo=18;hi=20;official=ARCH_PRECISION_BASE_UPGRADE	Game text (rtx-gametext.js)
script	14581	h=c23cad99;n=330	Game text (rtx-gametext.js)
varbit	55527	dom=0;var=8093;lo=24;hi=24;official=COMBATV2_BUFF_SKILLING_OFFHAND_ARCHAEOLOGY_EFFECT	Game text (rtx-gametext.js)
script	14603	h=b32b8404;n=218	Game text (rtx-gametext.js)
varp	9312	type=0;official=ARCH_RELIC_UNLOCK_1	Game text (rtx-gametext.js)
varp	11743	type=0;official=ARCH_RELIC_UNLOCK_2	Game text (rtx-gametext.js)
script	14606	h=a5ebb735;n=104	Game text (rtx-gametext.js)
script	14608	h=a70e4d7e;n=254	Game text (rtx-gametext.js)
varbit	57205	dom=0;var=9238;lo=16;hi=17;official=ARCH_RELIC_LOADOUT	Game text (rtx-gametext.js)
script	14614	h=973aa4d3;n=330	Game text (rtx-gametext.js)
varbit	57207	dom=0;var=9313;lo=0;hi=7;official=ARCH_RELIC_LOADOUT_0_SLOT_1_ID	Game text (rtx-gametext.js)
varbit	57208	dom=0;var=9313;lo=8;hi=15;official=ARCH_RELIC_LOADOUT_0_SLOT_2_ID	Game text (rtx-gametext.js)
varbit	57209	dom=0;var=9313;lo=16;hi=23;official=ARCH_RELIC_LOADOUT_0_SLOT_3_ID	Game text (rtx-gametext.js)
varbit	57211	dom=0;var=9314;lo=0;hi=7;official=ARCH_RELIC_LOADOUT_1_SLOT_1_ID	Game text (rtx-gametext.js)
varbit	57212	dom=0;var=9314;lo=8;hi=15;official=ARCH_RELIC_LOADOUT_1_SLOT_2_ID	Game text (rtx-gametext.js)
varbit	57213	dom=0;var=9314;lo=16;hi=23;official=ARCH_RELIC_LOADOUT_1_SLOT_3_ID	Game text (rtx-gametext.js)
varbit	57215	dom=0;var=12087;lo=0;hi=7;official=ARCH_RELIC_LOADOUT_2_SLOT_1_ID	Game text (rtx-gametext.js)
varbit	57216	dom=0;var=12087;lo=8;hi=15;official=ARCH_RELIC_LOADOUT_2_SLOT_2_ID	Game text (rtx-gametext.js)
varbit	57217	dom=0;var=12087;lo=16;hi=23;official=ARCH_RELIC_LOADOUT_2_SLOT_3_ID	Game text (rtx-gametext.js)
varbit	57219	dom=0;var=12088;lo=0;hi=7;official=ARCH_RELIC_LOADOUT_3_SLOT_1_ID	Game text (rtx-gametext.js)
varbit	57220	dom=0;var=12088;lo=8;hi=15;official=ARCH_RELIC_LOADOUT_3_SLOT_2_ID	Game text (rtx-gametext.js)
varbit	57221	dom=0;var=12088;lo=16;hi=23;official=ARCH_RELIC_LOADOUT_3_SLOT_3_ID	Game text (rtx-gametext.js)
script	14685	h=a88996b8;n=59	Game text (rtx-gametext.js)
script	14695	h=901518bd;n=215	Game text (rtx-gametext.js)
varp	9370	type=0;official=ARCH_SOIL_BOX_ANCIENT_GRAVEL	Game text (rtx-gametext.js)
varp	9371	type=0;official=ARCH_SOIL_BOX_SALTWATER_MUD	Game text (rtx-gametext.js)
varp	9372	type=0;official=ARCH_SOIL_BOX_FIERY_BRIMSTONE	Game text (rtx-gametext.js)
varp	9373	type=0;official=ARCH_SOIL_BOX_AERATED_SEDIMENT	Game text (rtx-gametext.js)
varp	9374	type=0;official=ARCH_SOIL_BOX_EARTHEN_CLAY	Game text (rtx-gametext.js)
varp	9578	type=0;official=ARCH_SOIL_BOX_VOLCANIC_ASH	Game text (rtx-gametext.js)
varp	12882	type=0;official=ARCH_SOIL_BOX_MOSSY_PEAT	Game text (rtx-gametext.js)
script	14722	h=555798ad;n=180	Game text (rtx-gametext.js)
script	14723	h=4b933221;n=1190	Game text (rtx-gametext.js)
script	14791	h=e9eac672;n=608	Game text (rtx-gametext.js)
script	14793	h=5a561cf9;n=1397	Game text (rtx-gametext.js)
script	14845	h=fe2a4586;n=40	Game text (rtx-gametext.js)
script	14945	h=75a2f1ac;n=208	Game text (rtx-gametext.js)
script	14971	h=e615a6e2;n=164	Game text (rtx-gametext.js)
varbit	47447	dom=0;var=9241;lo=5;hi=7;official=ARCH_EXCAVATION_FIXATE_DAILY	Game text (rtx-gametext.js)
varp	9563	type=0;official=ARCH_EXCAVATION_FIXATE_EARNED	Game text (rtx-gametext.js)
script	14973	h=addba397;n=132	Game text (rtx-gametext.js)
script	14975	h=cff4998c;n=337	Game text (rtx-gametext.js)
varbit	47450	dom=0;var=9449;lo=16;hi=31;official=ARCH_EXCAVATION_FIXATE_RESTORATION_ID	Game text (rtx-gametext.js)
script	15077	h=1c39b746;n=783	Game text (rtx-gametext.js)
script	15086	h=a49be8f5;n=481	Game text (rtx-gametext.js)
script	15097	h=26975cde;n=325	Game text (rtx-gametext.js)
script	15408	h=206cf6c4;n=76	Game text (rtx-gametext.js)
script	15409	h=e151f2cc;n=56	Game text (rtx-gametext.js)
script	15411	h=e71d661d;n=4811	Game text (rtx-gametext.js)
varbit	6	dom=0;var=4;lo=10;hi=10;official=RC_ZMI_LUNAR_SPELL	Game text (rtx-gametext.js)
varbit	28	dom=0;var=3;lo=0;hi=0;official=THAS_ACTIVE_AL_KHARID	Game text (rtx-gametext.js)
varbit	29	dom=0;var=3;lo=1;hi=1;official=THAS_ACTIVE_ARDOUGNE	Game text (rtx-gametext.js)
varbit	30	dom=0;var=3;lo=2;hi=2;official=THAS_ACTIVE_BURTHORPE	Game text (rtx-gametext.js)
varbit	31	dom=0;var=3;lo=3;hi=3;official=THAS_ACTIVE_CATHERBY	Game text (rtx-gametext.js)
varbit	32	dom=0;var=3;lo=4;hi=4;official=THAS_ACTIVE_DRAYNOR	Game text (rtx-gametext.js)
varbit	33	dom=0;var=3;lo=5;hi=5;official=THAS_ACTIVE_EDGEVILLE	Game text (rtx-gametext.js)
varbit	34	dom=0;var=3;lo=6;hi=6;official=THAS_ACTIVE_FALADOR	Game text (rtx-gametext.js)
varbit	35	dom=0;var=3;lo=7;hi=7;official=THAS_ACTIVE_LUMBRIDGE	Game text (rtx-gametext.js)
varbit	36	dom=0;var=3;lo=8;hi=8;official=THAS_ACTIVE_PORT_SARIM	Game text (rtx-gametext.js)
varbit	37	dom=0;var=3;lo=9;hi=9;official=THAS_ACTIVE_SEERS	Game text (rtx-gametext.js)
varbit	38	dom=0;var=3;lo=10;hi=10;official=THAS_ACTIVE_TAVERLEY	Game text (rtx-gametext.js)
varbit	39	dom=0;var=3;lo=11;hi=11;official=THAS_ACTIVE_VARROCK	Game text (rtx-gametext.js)
varbit	40	dom=0;var=3;lo=12;hi=12;official=THAS_ACTIVE_YANILLE	Game text (rtx-gametext.js)
varbit	3901	dom=0;var=1352;lo=22;hi=22;official=MAGICTRAINING_BONESPEACHES	Game text (rtx-gametext.js)
varbit	4291	dom=0;var=4484;lo=0;hi=8;official=TMF_MAIN	Game text (rtx-gametext.js)
varbit	11610	dom=0;var=2430;lo=0;hi=8;official=MAH5_MAIN	Game text (rtx-gametext.js)
varbit	12772	dom=0;var=2586;lo=0;hi=6;official=HUNDRED_ILM_QUEST	Game text (rtx-gametext.js)
varbit	15884	dom=0;var=3097;lo=15;hi=15;official=ATAR_EASY_REWARD	Game text (rtx-gametext.js)
varbit	15885	dom=0;var=3097;lo=16;hi=16;official=ATAR_MED_REWARD	Game text (rtx-gametext.js)
varbit	16374	dom=0;var=3167;lo=18;hi=21;official=LUNARFM_SPELLS_UNLOCKED	Game text (rtx-gametext.js)
varbit	18523	dom=0;var=3;lo=15;hi=15;official=THAS_ACTIVE_CANIFIS	Game text (rtx-gametext.js)
varbit	18524	dom=0;var=3;lo=16;hi=16;official=THAS_ACTIVE_EAGLES	Game text (rtx-gametext.js)
varbit	18525	dom=0;var=3;lo=17;hi=17;official=THAS_ACTIVE_FREMENNIK	Game text (rtx-gametext.js)
varbit	18526	dom=0;var=3;lo=18;hi=18;official=THAS_ACTIVE_KARAMJA	Game text (rtx-gametext.js)
varbit	18527	dom=0;var=3;lo=19;hi=19;official=THAS_ACTIVE_OOGLOG	Game text (rtx-gametext.js)
varbit	18528	dom=0;var=3;lo=20;hi=20;official=THAS_ACTIVE_TIRRANWN	Game text (rtx-gametext.js)
varbit	18529	dom=0;var=3;lo=21;hi=21;official=THAS_ACTIVE_WILDERNESS	Game text (rtx-gametext.js)
varbit	21067	dom=0;var=3951;lo=18;hi=18;official=6AWE2_ABILITY_TIER_1	Game text (rtx-gametext.js)
varbit	21068	dom=0;var=3951;lo=19;hi=19;official=6AWE2_ABILITY_TIER_2	Game text (rtx-gametext.js)
varbit	21069	dom=0;var=3951;lo=20;hi=20;official=6AWE2_ABILITY_TIER_3	Game text (rtx-gametext.js)
varbit	22430	dom=0;var=3;lo=23;hi=23;official=THAS_ACTIVE_ASHDALE	Game text (rtx-gametext.js)
varbit	22464	dom=0;var=4262;lo=31;hi=31;official=ANCOM_ABILITIES_UNLOCKED	Game text (rtx-gametext.js)
varbit	24967	dom=0;var=3;lo=24;hi=24;official=THAS_ACTIVE_PRIFDDINAS	Game text (rtx-gametext.js)
varbit	28166	dom=0;var=5440;lo=21;hi=21;official=TUSKA_WRATH_UNLOCKED	Game text (rtx-gametext.js)
varbit	28742	dom=0;var=5783;lo=12;hi=12;official=RAID1_RANGED_BASIC_UNLOCKED	Game text (rtx-gametext.js)
varbit	28743	dom=0;var=5783;lo=13;hi=13;official=RAID1_MAGIC_BASIC_UNLOCKED	Game text (rtx-gametext.js)
varbit	28747	dom=0;var=5783;lo=17;hi=17;official=RAID1_STORM_SHARDS_UNLOCKED	Game text (rtx-gametext.js)
varbit	28754	dom=0;var=5783;lo=24;hi=24;official=RAID1_SURGING_ONSLAUGHT_UNLOCKED	Game text (rtx-gametext.js)
varbit	32628	dom=0;var=6359;lo=24;hi=24;official=GWD2_SOLO_ABILITY_UNLOCKED	Game text (rtx-gametext.js)
varbit	34061	dom=0;var=3008;lo=6;hi=6;official=ALCH_ONYX_STRIKE_ABILITY_UNLOCKED	Game text (rtx-gametext.js)
varbit	34065	dom=0;var=6994;lo=16;hi=16;official=MENAPHOS_GOLDEN_TOUCH_ABILITY_UNLOCKED	Game text (rtx-gametext.js)
varbit	34066	dom=0;var=6994;lo=17;hi=17;official=MENAPHOS_LIMITLESS_ABILITY_UNLOCKED	Game text (rtx-gametext.js)
varbit	34067	dom=0;var=6994;lo=18;hi=18;official=MENAPHOS_UNSULLIED_ABILITY_UNLOCKED	Game text (rtx-gametext.js)
varbit	34068	dom=0;var=6944;lo=28;hi=28;official=SWORLDS_SLAYING_ABILITY_UNLOCKED	Game text (rtx-gametext.js)
varbit	34069	dom=0;var=6944;lo=29;hi=29;official=SWORLDS_FEROCIOUS_ABILITY_UNLOCKED	Game text (rtx-gametext.js)
varbit	34070	dom=0;var=6944;lo=30;hi=30;official=SWORLDS_AGGRESSION_ABILITY_UNLOCKED	Game text (rtx-gametext.js)
varbit	34071	dom=0;var=8377;lo=22;hi=22;official=DUNGEON_ULTHVEN_DRAGON_SLAYER_ABILITY_UNLOCKED	Game text (rtx-gametext.js)
varbit	34072	dom=0;var=8377;lo=23;hi=23;official=DUNGEON_ULTHVEN_DEMON_SLAYER_ABILITY_UNLOCKED	Game text (rtx-gametext.js)
varbit	34073	dom=0;var=8377;lo=24;hi=24;official=DUNGEON_ULTHVEN_UNDEAD_SLAYER_ABILITY_UNLOCKED	Game text (rtx-gametext.js)
varbit	35826	dom=0;var=6944;lo=27;hi=27;official=SWORLDS_UNLOCKED_BLADED_DIVE_ABILITY	Game text (rtx-gametext.js)
varbit	36173	dom=0;var=7040;lo=0;hi=0;official=THAS_ACTIVE_MENAPHOS	Game text (rtx-gametext.js)
varbit	36971	dom=0;var=5784;lo=25;hi=25;official=RAID1_TELEPORT_SPELL_UNLOCKED	Game text (rtx-gametext.js)
varbit	44136	dom=0;var=4892;lo=30;hi=30;official=ELFCITY_UNLOCKED_MAX_GUILD_TELEPORT	Game text (rtx-gametext.js)
varbit	44270	dom=0;var=8595;lo=22;hi=22;official=DINO_BASE_CAMP_BUILDING_TIER_LODESTONE	Game text (rtx-gametext.js)
varbit	44469	dom=0;var=8651;lo=0;hi=7;official=DINO_ONBOARDING_PROGRESS	Game text (rtx-gametext.js)
varbit	45680	dom=0;var=9153;lo=17;hi=17;official=PVM_HUB_TELEPORT_UNLOCKED	Game text (rtx-gametext.js)
varbit	48719	dom=0;var=9679;lo=0;hi=0;official=COMBATV2_ABILITY_RANGED_GREATER_RICOCHET_UNLOCKED	Game text (rtx-gametext.js)
varbit	48720	dom=0;var=9679;lo=1;hi=1;official=COMBATV2_ABILITY_MAGIC_GREATER_CHAIN_UNLOCKED	Game text (rtx-gametext.js)
varbit	48721	dom=0;var=9679;lo=2;hi=2;official=COMBATV2_ABILITY_DEFENCE_DIVERT_UNLOCKED	Game text (rtx-gametext.js)
varbit	49489	dom=0;var=9906;lo=26;hi=26;official=QUEST_SENNTISTEN_REWARD_SPELL_SMOKE_UNLOCKED	Game text (rtx-gametext.js)
varbit	49490	dom=0;var=9906;lo=27;hi=27;official=QUEST_SENNTISTEN_REWARD_SPELL_SHADOW_UNLOCKED	Game text (rtx-gametext.js)
varbit	49491	dom=0;var=9906;lo=28;hi=28;official=QUEST_SENNTISTEN_REWARD_SPELL_BLOOD_UNLOCKED	Game text (rtx-gametext.js)
varbit	49492	dom=0;var=9906;lo=29;hi=29;official=QUEST_SENNTISTEN_REWARD_SPELL_ICE_UNLOCKED	Game text (rtx-gametext.js)
varbit	49568	dom=0;var=9914;lo=0;hi=0;official=COMBATV2_ABILITY_MAGIC_BLOOD_TITHE_WRACK_TEMP_UNLOCKED	Game text (rtx-gametext.js)
varbit	50371	dom=0;var=9679;lo=4;hi=4;official=COMBATV2_ABILITY_MAGIC_MAGMA_TEMPEST_UNLOCKED	Game text (rtx-gametext.js)
varbit	51565	dom=0;var=9679;lo=5;hi=5;official=COMBATV2_ABILITY_STRENGTH_CHAOS_ROAR_UNLOCKED	Game text (rtx-gametext.js)
varbit	51566	dom=0;var=9679;lo=6;hi=6;official=COMBATV2_ABILITY_RANGED_GREATER_DEATHS_SWIFTNESS_UNLOCKED	Game text (rtx-gametext.js)
varbit	51567	dom=0;var=9679;lo=7;hi=7;official=COMBATV2_ABILITY_MAGIC_GREATER_SUNSHINE_UNLOCKED	Game text (rtx-gametext.js)
varbit	52518	dom=0;var=10762;lo=6;hi=6;official=PLAYER_FORT_LODESTONE	Game text (rtx-gametext.js)
varbit	53270	dom=0;var=7040;lo=1;hi=1;official=THAS_ACTIVE_CITYOFUM	Game text (rtx-gametext.js)
varbit	53546	dom=0;var=10981;lo=0;hi=4;official=QUEST_NECROMANCY_ORIGINS_MAIN	Game text (rtx-gametext.js)
varbit	53571	dom=0;var=9679;lo=9;hi=9;official=COMBATV2_ABILITY_NECROMANCY_CONJURE_SKELETON_WARRIOR_UNLOCKED	Game text (rtx-gametext.js)
varbit	53573	dom=0;var=9679;lo=11;hi=11;official=COMBATV2_ABILITY_NECROMANCY_CONJURE_PUTRID_ZOMBIE_UNLOCKED	Game text (rtx-gametext.js)
varbit	53575	dom=0;var=9679;lo=13;hi=13;official=COMBATV2_ABILITY_NECROMANCY_CONJURE_VENGEFUL_GHOST_UNLOCKED	Game text (rtx-gametext.js)
varbit	53577	dom=0;var=9679;lo=15;hi=15;official=COMBATV2_ABILITY_NECROMANCY_SPECTRAL_SCYTHE_UNLOCKED	Game text (rtx-gametext.js)
varbit	53578	dom=0;var=9679;lo=16;hi=16;official=COMBATV2_ABILITY_NECROMANCY_SPECTRAL_SCYTHE_RECAST_1_UNLOCKED	Game text (rtx-gametext.js)
varbit	53579	dom=0;var=9679;lo=17;hi=17;official=COMBATV2_ABILITY_NECROMANCY_SPECTRAL_SCYTHE_RECAST_2_UNLOCKED	Game text (rtx-gametext.js)
varbit	53580	dom=0;var=9679;lo=18;hi=18;official=COMBATV2_ABILITY_NECROMANCY_LESSER_BONE_SHIELD_UNLOCKED	Game text (rtx-gametext.js)
varbit	53581	dom=0;var=9679;lo=19;hi=19;official=COMBATV2_ABILITY_NECROMANCY_GREATER_BONE_SHIELD_UNLOCKED	Game text (rtx-gametext.js)
varbit	53582	dom=0;var=9679;lo=20;hi=20;official=COMBATV2_ABILITY_NECROMANCY_LIFE_TRANSFER_UNLOCKED	Game text (rtx-gametext.js)
varbit	53583	dom=0;var=9679;lo=21;hi=21;official=COMBATV2_ABILITY_NECROMANCY_THREADS_OF_FATE_UNLOCKED	Game text (rtx-gametext.js)
varbit	53584	dom=0;var=9679;lo=22;hi=22;official=COMBATV2_ABILITY_NECROMANCY_INVOKE_DEATH_UNLOCKED	Game text (rtx-gametext.js)
varbit	53585	dom=0;var=9679;lo=23;hi=23;official=COMBATV2_ABILITY_NECROMANCY_DARKNESS_UNLOCKED	Game text (rtx-gametext.js)
varbit	53586	dom=0;var=9679;lo=24;hi=24;official=COMBATV2_ABILITY_NECROMANCY_SPLIT_SOUL_UNLOCKED	Game text (rtx-gametext.js)
varbit	53587	dom=0;var=11088;lo=0;hi=2;official=COMBATV2_PASSIVE_NECROMANCY_SPIRIT_PACT_TIER_UNLOCKED	Game text (rtx-gametext.js)
varbit	54631	dom=0;var=9679;lo=25;hi=25;official=COMBATV2_ABILITY_NECROMANCY_CONJURE_UNDEAD_ARMY_UNLOCKED	Game text (rtx-gametext.js)
varbit	54732	dom=0;var=9679;lo=26;hi=26;official=COMBATV2_ABILITY_NECROMANCY_INVOKE_LORD_OF_BONES_UNLOCKED	Game text (rtx-gametext.js)
varbit	55973	dom=0;var=9679;lo=27;hi=27;official=COMBATV2_ABILITY_NECROMANCY_CONJURE_PHANTOM_GUARDIAN_UNLOCKED	Game text (rtx-gametext.js)
varbit	60739	dom=0;var=7040;lo=2;hi=2;official=THAS_ACTIVE_WENDLEWICK	Game text (rtx-gametext.js)
varp	1397	type=0;official=MAGEARENA	Game text (rtx-gametext.js)
varp	2265	type=0;official=LEGENDSQUEST	Game text (rtx-gametext.js)
varp	2386	type=0;official=ELENAQUEST	Game text (rtx-gametext.js)
varp	2397	type=0;official=ITWATCHTOWER	Game text (rtx-gametext.js)
varp	2549	type=0;official=EADGAR_QUEST	Game text (rtx-gametext.js)
script	15709	h=08dd744c;n=155	Game text (rtx-gametext.js)
script	15721	h=70cee093;n=88	Game text (rtx-gametext.js)
script	15732	h=b9f1dac0;n=310	Game text (rtx-gametext.js)
script	15734	h=ff822221;n=185	Game text (rtx-gametext.js)
script	15735	h=fc937b39;n=565	Game text (rtx-gametext.js)
script	15736	h=cf2d2ba9;n=426	Game text (rtx-gametext.js)
script	15737	h=ade1ee3a;n=354	Game text (rtx-gametext.js)
script	15738	h=5a327733;n=296	Game text (rtx-gametext.js)
script	15769	h=44a03a43;n=106	Game text (rtx-gametext.js)
script	15908	h=19ce2921;n=5803	Game text (rtx-gametext.js)
script	15935	h=78614497;n=644	Game text (rtx-gametext.js)
script	15936	h=82550989;n=235	Game text (rtx-gametext.js)
script	15973	h=a6cc2de1;n=551	Game text (rtx-gametext.js)
script	15974	h=d07908fa;n=5460	Game text (rtx-gametext.js)
script	16158	h=740a9923;n=458	Game text (rtx-gametext.js)
varbit	45244	dom=0;var=9000;lo=0;hi=0;official=TRH162_PET_CAT_HAT_UNLOCKED	Game text (rtx-gametext.js)
varbit	45245	dom=0;var=9000;lo=1;hi=1;official=TRH162_PET_CAT_TORSO_UNLOCKED	Game text (rtx-gametext.js)
varbit	45246	dom=0;var=9000;lo=2;hi=2;official=TRH162_PET_CAT_LEGS_UNLOCKED	Game text (rtx-gametext.js)
varbit	45247	dom=0;var=9000;lo=3;hi=3;official=TRH162_PET_CAT_CLOAK_UNLOCKED	Game text (rtx-gametext.js)
varbit	45248	dom=0;var=9000;lo=4;hi=4;official=TRH162_PET_CAT_GLOVES_UNLOCKED	Game text (rtx-gametext.js)
varbit	45249	dom=0;var=9000;lo=5;hi=5;official=TRH162_PET_CAT_BOOTS_UNLOCKED	Game text (rtx-gametext.js)
varbit	45250	dom=0;var=9000;lo=6;hi=6;official=TRH162_PET_CAT_WEAPON_UNLOCKED	Game text (rtx-gametext.js)
varbit	45597	dom=0;var=9000;lo=9;hi=9;official=TRH162_PET_CAT_XMAS_UNLOCKED	Game text (rtx-gametext.js)
varbit	47392	dom=0;var=9000;lo=10;hi=10;official=TRH162_PET_CAT_SAMEOWRAI_HAT_UNLOCKED	Game text (rtx-gametext.js)
varbit	47393	dom=0;var=9000;lo=11;hi=11;official=TRH162_PET_CAT_SAMEOWRAI_TORSO_UNLOCKED	Game text (rtx-gametext.js)
varbit	47394	dom=0;var=9000;lo=12;hi=12;official=TRH162_PET_CAT_SAMEOWRAI_LEGS_UNLOCKED	Game text (rtx-gametext.js)
varbit	47395	dom=0;var=9000;lo=13;hi=13;official=TRH162_PET_CAT_SAMEOWRAI_CLOAK_UNLOCKED	Game text (rtx-gametext.js)
varbit	47396	dom=0;var=9000;lo=14;hi=14;official=TRH162_PET_CAT_SAMEOWRAI_GLOVES_UNLOCKED	Game text (rtx-gametext.js)
varbit	47397	dom=0;var=9000;lo=15;hi=15;official=TRH162_PET_CAT_SAMEOWRAI_BOOTS_UNLOCKED	Game text (rtx-gametext.js)
varbit	47398	dom=0;var=9000;lo=16;hi=16;official=TRH162_PET_CAT_SAMEOWRAI_WEAPON_UNLOCKED	Game text (rtx-gametext.js)
varbit	47401	dom=0;var=9000;lo=19;hi=19;official=TRH162_PET_CAT_TEXTURE_04_UNLOCKED	Game text (rtx-gametext.js)
varbit	50286	dom=0;var=9000;lo=20;hi=20;official=TRH162_PET_CAT_CHARITY_UNLOCKED	Game text (rtx-gametext.js)
varbit	50287	dom=0;var=9000;lo=21;hi=21;official=TRH162_PET_CAT_TEXTURE_05_UNLOCKED	Game text (rtx-gametext.js)
script	16254	h=a82aa50c;n=186	Game text (rtx-gametext.js)
script	16255	h=2a34e232;n=376	Game text (rtx-gametext.js)
script	16256	h=f9f7b3a1;n=190	Game text (rtx-gametext.js)
script	16279	h=5d5479d2;n=191	Game text (rtx-gametext.js)
script	16284	h=36c7e6c5;n=121	Game text (rtx-gametext.js)
script	16291	h=526cbaaf;n=276	Game text (rtx-gametext.js)
script	16325	h=ad680fe0;n=237	Game text (rtx-gametext.js)
script	16377	h=09e3d8ac;n=387	Game text (rtx-gametext.js)
varbit	50915	dom=0;var=10350;lo=0;hi=0;official=CRAMULET_HAS_CAMULET	Game text (rtx-gametext.js)
varbit	50916	dom=0;var=10350;lo=1;hi=1;official=CRAMULET_HAS_CATSPEAK	Game text (rtx-gametext.js)
varbit	50917	dom=0;var=10350;lo=2;hi=2;official=CRAMULET_HAS_CATSPEAK_ENCHANTED	Game text (rtx-gametext.js)
varbit	50918	dom=0;var=10350;lo=3;hi=3;official=CRAMULET_HAS_CROCSPEAK	Game text (rtx-gametext.js)
varbit	50919	dom=0;var=10350;lo=4;hi=4;official=CRAMULET_HAS_CABBAGESPEAK	Game text (rtx-gametext.js)
varbit	60812	dom=0;var=10350;lo=11;hi=11;official=CRAMULET_HAS_CRABULET	Game text (rtx-gametext.js)
script	16472	h=3febce45;n=69	Game text (rtx-gametext.js)
script	16583	h=7c0d07d2;n=236	Game text (rtx-gametext.js)
script	16738	h=9c2bd507;n=320	Game text (rtx-gametext.js)
script	16755	h=53f5f2c2;n=349	Game text (rtx-gametext.js)
script	16756	h=114f5852;n=195	Game text (rtx-gametext.js)
script	16823	h=68248e11;n=129	Game text (rtx-gametext.js)
varbit	43655	dom=0;var=10629;lo=0;hi=1;official=GAMEMODE_SEASONAL_FSS_PLAYER_STATE	Game text (rtx-gametext.js)
script	16825	h=2c23e489;n=39	Game text (rtx-gametext.js)
varbit	43656	dom=0;var=10629;lo=2;hi=6;official=GAMEMODE_SEASONAL_FSS_VERSION	Game text (rtx-gametext.js)
script	16841	h=1562bb86;n=419	Game text (rtx-gametext.js)
script	16843	h=0e033d88;n=310	Game text (rtx-gametext.js)
varbit	51798	dom=0;var=10633;lo=7;hi=8;official=GAMEMODE_SEASONAL_FSS_POINTS_BOOST_TIER	Game text (rtx-gametext.js)
script	16847	h=6dc05613;n=140	Game text (rtx-gametext.js)
script	16854	h=d1027e99;n=53	Game text (rtx-gametext.js)
script	16855	h=21a26dd3;n=53	Game text (rtx-gametext.js)
script	16856	h=66a8f08d;n=53	Game text (rtx-gametext.js)
script	16858	h=d393dac7;n=53	Game text (rtx-gametext.js)
script	16860	h=2f266299;n=93	Game text (rtx-gametext.js)
script	16861	h=4b5e73f6;n=207	Game text (rtx-gametext.js)
varp	10642	type=0;official=GAMEMODE_SEASONAL_WORLD_DEBUG_CLIENT	Game text (rtx-gametext.js)
script	16938	h=5c82ca41;n=53	Game text (rtx-gametext.js)
script	16939	h=b6ca9723;n=53	Game text (rtx-gametext.js)
script	17012	h=c12881a1;n=82	Game text (rtx-gametext.js)
script	17141	h=e6a4303e;n=608	Game text (rtx-gametext.js)
script	17172	h=7f0832cc;n=426	Game text (rtx-gametext.js)
script	17268	h=c1716e8c;n=1058	Game text (rtx-gametext.js)
script	17269	h=0616346e;n=1058	Game text (rtx-gametext.js)
script	17272	h=12527816;n=136	Game text (rtx-gametext.js)
script	17273	h=7c47bad3;n=283	Game text (rtx-gametext.js)
script	17274	h=a80bfdca;n=68	Game text (rtx-gametext.js)
script	17275	h=394437b2;n=68	Game text (rtx-gametext.js)
script	17276	h=e89c2ad7;n=78	Game text (rtx-gametext.js)
script	17277	h=7319c37a;n=68	Game text (rtx-gametext.js)
script	17278	h=089e5166;n=118	Game text (rtx-gametext.js)
script	17279	h=753fae86;n=68	Game text (rtx-gametext.js)
script	17280	h=c32729df;n=118	Game text (rtx-gametext.js)
script	17281	h=58e99f17;n=68	Game text (rtx-gametext.js)
script	17444	h=45119895;n=75	Game text (rtx-gametext.js)
script	17452	h=59bdbe6b;n=281	Game text (rtx-gametext.js)
script	17454	h=be418d42;n=183	Game text (rtx-gametext.js)
script	17457	h=a650aa15;n=40	Game text (rtx-gametext.js)
script	17458	h=8c500d46;n=40	Game text (rtx-gametext.js)
script	17459	h=f78c0339;n=120	Game text (rtx-gametext.js)
script	17460	h=e458cad6;n=246	Game text (rtx-gametext.js)
varbit	54731	dom=0;var=11544;lo=0;hi=1;official=NECRO_ZEMOUREGAL_NEXUS_T80_EFFECT_ANTI_SWITCH	Game text (rtx-gametext.js)
script	17461	h=70330f34;n=60	Game text (rtx-gametext.js)
script	17464	h=98b06349;n=40	Game text (rtx-gametext.js)
script	17465	h=5688f83b;n=537	Game text (rtx-gametext.js)
script	17466	h=8f294e04;n=123	Game text (rtx-gametext.js)
script	17467	h=2f4fe0d8;n=110	Game text (rtx-gametext.js)
script	17493	h=54b1b87b;n=1231	Game text (rtx-gametext.js)
script	17495	h=df565282;n=124	Game text (rtx-gametext.js)
script	17518	h=ac2372fd;n=59	Game text (rtx-gametext.js)
script	17520	h=ebef95a5;n=165	Game text (rtx-gametext.js)
script	17522	h=eef9fdd2;n=883	Game text (rtx-gametext.js)
script	17662	h=98ade568;n=102	Game text (rtx-gametext.js)
script	17663	h=092ad94d;n=3213	Game text (rtx-gametext.js)
script	17675	h=b72dfdf2;n=134	Game text (rtx-gametext.js)
varbit	53463	dom=0;var=10965;lo=0;hi=9;official=SKILLCAPE_PERKS_NECROMANCY_ALTERATION_GLYPH	Game text (rtx-gametext.js)
script	17676	h=adc3fbfb;n=397	Game text (rtx-gametext.js)
script	17694	h=d88b7996;n=89	Game text (rtx-gametext.js)
script	17697	h=0ef6cbf4;n=501	Game text (rtx-gametext.js)
script	17700	h=4320e150;n=52	Game text (rtx-gametext.js)
script	17701	h=e6640d70;n=134	Game text (rtx-gametext.js)
script	17707	h=10eb2dbb;n=434	Game text (rtx-gametext.js)
script	17708	h=931cd546;n=112	Game text (rtx-gametext.js)
script	17709	h=bdf0a652;n=117	Game text (rtx-gametext.js)
script	17710	h=83630a01;n=90	Game text (rtx-gametext.js)
script	17711	h=2a2070ed;n=124	Game text (rtx-gametext.js)
script	17712	h=ea1db9c9;n=180	Game text (rtx-gametext.js)
script	17717	h=928779f0;n=110	Game text (rtx-gametext.js)
script	17718	h=cefa5aaf;n=67	Game text (rtx-gametext.js)
script	17719	h=fb224f39;n=419	Game text (rtx-gametext.js)
script	17720	h=a63c5e12;n=73	Game text (rtx-gametext.js)
script	17721	h=cd9c8815;n=534	Game text (rtx-gametext.js)
script	17722	h=9b45cb3c;n=586	Game text (rtx-gametext.js)
script	17723	h=98e92019;n=68	Game text (rtx-gametext.js)
script	17724	h=16228c15;n=265	Game text (rtx-gametext.js)
script	17725	h=f2840b38;n=120	Game text (rtx-gametext.js)
script	17726	h=74396f70;n=528	Game text (rtx-gametext.js)
varp	3531	type=0;official=COMBATV2_MAINHAND_STRENGTH_NORMALISED	Game text (rtx-gametext.js)
varp	3532	type=0;official=COMBATV2_OFFHAND_STRENGTH_NORMALISED	Game text (rtx-gametext.js)
script	17727	h=ed4cfabc;n=1201	Game text (rtx-gametext.js)
script	17728	h=830eeabf;n=399	Game text (rtx-gametext.js)
script	17729	h=57040d4e;n=316	Game text (rtx-gametext.js)
script	17730	h=6f0cef8a;n=498	Game text (rtx-gametext.js)
script	17731	h=1c2f6047;n=1850	Game text (rtx-gametext.js)
script	18287	h=96ea6910;n=250	Game text (rtx-gametext.js)
script	18289	h=8f71fc62;n=174	Game text (rtx-gametext.js)
varp	11499	type=0;official=COMBATV2_ABILITY_NECROMANCY_CONJURE_UNDEAD_ARMY_ABILITY_1_ID	Game text (rtx-gametext.js)
varp	11500	type=0;official=COMBATV2_ABILITY_NECROMANCY_CONJURE_UNDEAD_ARMY_ABILITY_2_ID	Game text (rtx-gametext.js)
varp	11501	type=0;official=COMBATV2_ABILITY_NECROMANCY_CONJURE_UNDEAD_ARMY_ABILITY_3_ID	Game text (rtx-gametext.js)
varp	11502	type=0;official=COMBATV2_ABILITY_NECROMANCY_CONJURE_UNDEAD_ARMY_ABILITY_4_ID	Game text (rtx-gametext.js)
script	18295	h=db1c739c;n=1217	Game text (rtx-gametext.js)
script	18309	h=c1398718;n=1273	Game text (rtx-gametext.js)
varbit	43188	dom=0;var=8309;lo=0;hi=13;official=MINING_OREBOX_COPPER	Game text (rtx-gametext.js)
varbit	43190	dom=0;var=8310;lo=0;hi=13;official=MINING_OREBOX_TIN	Game text (rtx-gametext.js)
varbit	43192	dom=0;var=8311;lo=0;hi=13;official=MINING_OREBOX_IRON	Game text (rtx-gametext.js)
varbit	43194	dom=0;var=8312;lo=0;hi=13;official=MINING_OREBOX_COAL	Game text (rtx-gametext.js)
varbit	43196	dom=0;var=8313;lo=0;hi=13;official=MINING_OREBOX_SILVER	Game text (rtx-gametext.js)
varbit	43198	dom=0;var=8314;lo=0;hi=13;official=MINING_OREBOX_MITHRIL	Game text (rtx-gametext.js)
varbit	43200	dom=0;var=8315;lo=0;hi=13;official=MINING_OREBOX_ADAMANTITE	Game text (rtx-gametext.js)
varbit	43202	dom=0;var=8316;lo=0;hi=13;official=MINING_OREBOX_LUMINITE	Game text (rtx-gametext.js)
varbit	43204	dom=0;var=8317;lo=0;hi=13;official=MINING_OREBOX_GOLD	Game text (rtx-gametext.js)
varbit	43206	dom=0;var=8318;lo=0;hi=13;official=MINING_OREBOX_RUNITE	Game text (rtx-gametext.js)
varbit	43208	dom=0;var=8319;lo=0;hi=13;official=MINING_OREBOX_ORICHALCITE	Game text (rtx-gametext.js)
varbit	43210	dom=0;var=8320;lo=0;hi=13;official=MINING_OREBOX_DRAKOLITH	Game text (rtx-gametext.js)
varbit	43212	dom=0;var=8321;lo=0;hi=13;official=MINING_OREBOX_NECRITE	Game text (rtx-gametext.js)
varbit	43214	dom=0;var=8322;lo=0;hi=13;official=MINING_OREBOX_PHASMATITE	Game text (rtx-gametext.js)
varbit	43216	dom=0;var=8323;lo=0;hi=13;official=MINING_OREBOX_BANITE	Game text (rtx-gametext.js)
varbit	43218	dom=0;var=8324;lo=0;hi=13;official=MINING_OREBOX_LIGHT_ANIMICA	Game text (rtx-gametext.js)
varbit	43220	dom=0;var=8325;lo=0;hi=13;official=MINING_OREBOX_DARK_ANIMICA	Game text (rtx-gametext.js)
varbit	55880	dom=0;var=11798;lo=0;hi=13;official=MINING_OREBOX_PRIMAL_NOVITE	Game text (rtx-gametext.js)
varbit	55883	dom=0;var=11799;lo=0;hi=13;official=MINING_OREBOX_PRIMAL_BATHUS	Game text (rtx-gametext.js)
varbit	55886	dom=0;var=11800;lo=0;hi=13;official=MINING_OREBOX_PRIMAL_MARMAROS	Game text (rtx-gametext.js)
varbit	55889	dom=0;var=11801;lo=0;hi=13;official=MINING_OREBOX_PRIMAL_KRATONIUM	Game text (rtx-gametext.js)
varbit	55892	dom=0;var=11802;lo=0;hi=13;official=MINING_OREBOX_PRIMAL_FRACTITE	Game text (rtx-gametext.js)
varbit	55895	dom=0;var=11803;lo=0;hi=13;official=MINING_OREBOX_PRIMAL_ZEPHYRIUM	Game text (rtx-gametext.js)
varbit	55898	dom=0;var=11804;lo=0;hi=13;official=MINING_OREBOX_PRIMAL_ARGONITE	Game text (rtx-gametext.js)
varbit	55901	dom=0;var=11805;lo=0;hi=13;official=MINING_OREBOX_PRIMAL_KATAGON	Game text (rtx-gametext.js)
varbit	55904	dom=0;var=11806;lo=0;hi=13;official=MINING_OREBOX_PRIMAL_GORGONITE	Game text (rtx-gametext.js)
varbit	55907	dom=0;var=11807;lo=0;hi=13;official=MINING_OREBOX_PRIMAL_PROMETHIUM	Game text (rtx-gametext.js)
varbit	58113	dom=0;var=12233;lo=0;hi=13;official=MINING_OREBOX_PLATINUM	Game text (rtx-gametext.js)
varp	11514	type=0;official=MINING_OREBOX_COPPER_STONE_SPIRIT_VAR	Game text (rtx-gametext.js)
varp	11515	type=0;official=MINING_OREBOX_TIN_STONE_SPIRIT_VAR	Game text (rtx-gametext.js)
varp	11516	type=0;official=MINING_OREBOX_IRON_STONE_SPIRIT_VAR	Game text (rtx-gametext.js)
varp	11517	type=0;official=MINING_OREBOX_COAL_STONE_SPIRIT_VAR	Game text (rtx-gametext.js)
varp	11518	type=0;official=MINING_OREBOX_SILVER_STONE_SPIRIT_VAR	Game text (rtx-gametext.js)
varp	11519	type=0;official=MINING_OREBOX_GOLD_STONE_SPIRIT_VAR	Game text (rtx-gametext.js)
varp	11520	type=0;official=MINING_OREBOX_MITHRIL_STONE_SPIRIT_VAR	Game text (rtx-gametext.js)
varp	11521	type=0;official=MINING_OREBOX_ADAMANTITE_STONE_SPIRIT_VAR	Game text (rtx-gametext.js)
varp	11522	type=0;official=MINING_OREBOX_RUNITE_STONE_SPIRIT_VAR	Game text (rtx-gametext.js)
varp	11523	type=0;official=MINING_OREBOX_LUMINITE_STONE_SPIRIT_VAR	Game text (rtx-gametext.js)
varp	11524	type=0;official=MINING_OREBOX_ORICHALCITE_STONE_SPIRIT_VAR	Game text (rtx-gametext.js)
varp	11525	type=0;official=MINING_OREBOX_DRAKOLITH_STONE_SPIRIT_VAR	Game text (rtx-gametext.js)
varp	11526	type=0;official=MINING_OREBOX_NECRITE_STONE_SPIRIT_VAR	Game text (rtx-gametext.js)
varp	11527	type=0;official=MINING_OREBOX_PHASMATITE_STONE_SPIRIT_VAR	Game text (rtx-gametext.js)
varp	11528	type=0;official=MINING_OREBOX_BANITE_STONE_SPIRIT_VAR	Game text (rtx-gametext.js)
varp	11529	type=0;official=MINING_OREBOX_LIGHT_ANIMICA_STONE_SPIRIT_VAR	Game text (rtx-gametext.js)
varp	11530	type=0;official=MINING_OREBOX_DARK_ANIMICA_STONE_SPIRIT_VAR	Game text (rtx-gametext.js)
varp	11809	type=0;official=MINING_OREBOX_PRIMAL_STONE_SPIRIT_VAR	Game text (rtx-gametext.js)
varp	12234	type=0;official=MINING_OREBOX_PLATINUM_STONE_SPIRIT_VAR	Game text (rtx-gametext.js)
script	18317	h=e9960fc7;n=179	Game text (rtx-gametext.js)
varbit	54936	dom=0;var=11467;lo=31;hi=31;official=DEC23_OTP_PACK_1_PURCHASED	Game text (rtx-gametext.js)
varbit	54937	dom=0;var=11552;lo=22;hi=22;official=DEC23_OTP_PACK_2_PURCHASED	Game text (rtx-gametext.js)
varbit	54938	dom=0;var=11552;lo=23;hi=23;official=DEC23_OTP_PACK_3_PURCHASED	Game text (rtx-gametext.js)
script	18318	h=afb71067;n=114	Game text (rtx-gametext.js)
script	18319	h=90a2d7c0;n=310	Game text (rtx-gametext.js)
script	18327	h=1dab184b;n=850	Game text (rtx-gametext.js)
script	18330	h=643aed0d;n=1741	Game text (rtx-gametext.js)
script	18362	h=a518f319;n=40	Game text (rtx-gametext.js)
script	18364	h=f08b95dd;n=40	Game text (rtx-gametext.js)
script	18379	h=3b048152;n=683	Game text (rtx-gametext.js)
script	18400	h=ef41f315;n=394	Game text (rtx-gametext.js)
varbit	54816	dom=0;var=11562;lo=2;hi=2;official=MOBILE_CURRENCY_PACK_2023_PURCHASED	Game text (rtx-gametext.js)
script	18429	h=ac4c0719;n=117	Game text (rtx-gametext.js)
script	18431	h=6a36f8b0;n=431	Game text (rtx-gametext.js)
script	18522	h=27aaf35e;n=45	Game text (rtx-gametext.js)
script	18544	h=42cdc7ab;n=147	Game text (rtx-gametext.js)
script	18546	h=24f5b0d6;n=305	Game text (rtx-gametext.js)
script	18547	h=ea979089;n=574	Game text (rtx-gametext.js)
script	18552	h=68b0f483;n=693	Game text (rtx-gametext.js)
script	18553	h=e984cd06;n=219	Game text (rtx-gametext.js)
script	18554	h=bb000ffa;n=115	Game text (rtx-gametext.js)
script	18555	h=7a215c1e;n=162	Game text (rtx-gametext.js)
script	18556	h=f6a29ac9;n=167	Game text (rtx-gametext.js)
script	18557	h=f17e4233;n=161	Game text (rtx-gametext.js)
script	18558	h=db2d48a6;n=176	Game text (rtx-gametext.js)
script	18559	h=f701ebe1;n=256	Game text (rtx-gametext.js)
script	18560	h=b2c7b64f;n=111	Game text (rtx-gametext.js)
script	18561	h=206e1c2e;n=122	Game text (rtx-gametext.js)
script	18562	h=c59393bb;n=103	Game text (rtx-gametext.js)
script	18563	h=861aae21;n=90	Game text (rtx-gametext.js)
script	18566	h=149b9a8e;n=284	Game text (rtx-gametext.js)
script	18567	h=faf47114;n=193	Game text (rtx-gametext.js)
script	18569	h=2ee1f013;n=73	Game text (rtx-gametext.js)
script	18571	h=cac65ff4;n=96	Game text (rtx-gametext.js)
script	18573	h=c1f34d99;n=264	Game text (rtx-gametext.js)
script	18574	h=10f1aed5;n=308	Game text (rtx-gametext.js)
script	18575	h=22ca57c2;n=234	Game text (rtx-gametext.js)
script	18576	h=b3a7195c;n=1257	Game text (rtx-gametext.js)
script	18577	h=a46f6ac4;n=334	Game text (rtx-gametext.js)
script	18585	h=351b7e0d;n=413	Game text (rtx-gametext.js)
script	18586	h=304d774c;n=88	Game text (rtx-gametext.js)
script	18587	h=6ae2d937;n=394	Game text (rtx-gametext.js)
script	18588	h=a5e6f3de;n=199	Game text (rtx-gametext.js)
script	18589	h=3ef5295e;n=493	Game text (rtx-gametext.js)
script	18590	h=3947d4f2;n=368	Game text (rtx-gametext.js)
script	18591	h=9e1560d1;n=368	Game text (rtx-gametext.js)
script	18592	h=75db706d;n=616	Game text (rtx-gametext.js)
script	18593	h=ec4436b2;n=323	Game text (rtx-gametext.js)
script	18594	h=ee62c538;n=342	Game text (rtx-gametext.js)
script	18595	h=b7ae43f7;n=240	Game text (rtx-gametext.js)
script	18596	h=8e96ce25;n=219	Game text (rtx-gametext.js)
script	18597	h=4288d298;n=837	Game text (rtx-gametext.js)
script	18598	h=6c2c3c22;n=372	Game text (rtx-gametext.js)
script	18599	h=4445cc5b;n=241	Game text (rtx-gametext.js)
script	18600	h=a6086581;n=191	Game text (rtx-gametext.js)
script	18601	h=68bd6be7;n=192	Game text (rtx-gametext.js)
script	18602	h=2cf0ceaa;n=191	Game text (rtx-gametext.js)
script	18603	h=662b86a2;n=288	Game text (rtx-gametext.js)
script	18604	h=e9f2b0b9;n=222	Game text (rtx-gametext.js)
script	18605	h=c5da5b43;n=187	Game text (rtx-gametext.js)
script	18606	h=f18b41d7;n=200	Game text (rtx-gametext.js)
script	18607	h=6946ddcd;n=242	Game text (rtx-gametext.js)
varbit	60464	dom=0;var=12663;lo=0;hi=0;official=COMBATV2_ABILITY_MAGIC_IMPACT_SCARE_TACTICS_ENABLED	Game text (rtx-gametext.js)
script	18608	h=6cbeeada;n=171	Game text (rtx-gametext.js)
script	18609	h=e5c28fa8;n=693	Game text (rtx-gametext.js)
script	18610	h=b6904d47;n=473	Game text (rtx-gametext.js)
script	18611	h=626d0dab;n=368	Game text (rtx-gametext.js)
script	18612	h=81e9ccaf;n=794	Game text (rtx-gametext.js)
script	18613	h=e0ba823d;n=394	Game text (rtx-gametext.js)
script	18614	h=a7943ef0;n=217	Game text (rtx-gametext.js)
script	18615	h=7562bde4;n=217	Game text (rtx-gametext.js)
script	18616	h=567da1a3;n=262	Game text (rtx-gametext.js)
script	18617	h=17df9d48;n=421	Game text (rtx-gametext.js)
script	18618	h=e2498744;n=832	Game text (rtx-gametext.js)
script	18619	h=3395e990;n=486	Game text (rtx-gametext.js)
script	18620	h=73cf2bad;n=272	Game text (rtx-gametext.js)
script	18621	h=662f4bc8;n=96	Game text (rtx-gametext.js)
script	18622	h=186042eb;n=775	Game text (rtx-gametext.js)
script	18623	h=ffe59571;n=475	Game text (rtx-gametext.js)
script	18624	h=c0353e20;n=261	Game text (rtx-gametext.js)
script	18625	h=9d5777ce;n=610	Game text (rtx-gametext.js)
script	18626	h=8254528b;n=632	Game text (rtx-gametext.js)
script	18627	h=146ee42a;n=370	Game text (rtx-gametext.js)
script	18628	h=05446558;n=303	Game text (rtx-gametext.js)
script	18629	h=3313592d;n=825	Game text (rtx-gametext.js)
script	18630	h=2855195b;n=680	Game text (rtx-gametext.js)
script	18631	h=f09cc7b9;n=291	Game text (rtx-gametext.js)
script	18632	h=c6466275;n=210	Game text (rtx-gametext.js)
script	18633	h=53775452;n=308	Game text (rtx-gametext.js)
varbit	60466	dom=0;var=12663;lo=2;hi=2;official=COMBATV2_ABILITY_ATTACK_BACKHAND_SCARE_TACTICS_ENABLED	Game text (rtx-gametext.js)
script	18634	h=f96c7aca;n=489	Game text (rtx-gametext.js)
script	18635	h=99fb10a3;n=383	Game text (rtx-gametext.js)
script	18636	h=687522ef;n=786	Game text (rtx-gametext.js)
script	18637	h=4713ca56;n=548	Game text (rtx-gametext.js)
script	18638	h=b1f68447;n=1931	Game text (rtx-gametext.js)
script	18639	h=754d4420;n=421	Game text (rtx-gametext.js)
script	18640	h=5772572a;n=539	Game text (rtx-gametext.js)
script	18641	h=9100e9a6;n=399	Game text (rtx-gametext.js)
script	18642	h=3e97d052;n=583	Game text (rtx-gametext.js)
script	18643	h=99088571;n=723	Game text (rtx-gametext.js)
script	18644	h=ddcfe5f4;n=572	Game text (rtx-gametext.js)
script	18645	h=1b3f9bea;n=489	Game text (rtx-gametext.js)
script	18647	h=0b3fac53;n=358	Game text (rtx-gametext.js)
script	18648	h=2957d198;n=651	Game text (rtx-gametext.js)
script	18649	h=fb3d4d1a;n=335	Game text (rtx-gametext.js)
script	18650	h=ad5a44a1;n=212	Game text (rtx-gametext.js)
script	18651	h=870d18cf;n=418	Game text (rtx-gametext.js)
script	18652	h=e874ebf3;n=454	Game text (rtx-gametext.js)
script	18653	h=07c0a4b9;n=431	Game text (rtx-gametext.js)
script	18654	h=a67d81ae;n=746	Game text (rtx-gametext.js)
script	18655	h=3c60f8ef;n=511	Game text (rtx-gametext.js)
script	18656	h=5f071daa;n=362	Game text (rtx-gametext.js)
script	18657	h=78b48a27;n=383	Game text (rtx-gametext.js)
script	18658	h=fce0ebe4;n=250	Game text (rtx-gametext.js)
script	18659	h=9197de65;n=378	Game text (rtx-gametext.js)
script	18660	h=fd5c8a12;n=258	Game text (rtx-gametext.js)
script	18661	h=d612cdd3;n=319	Game text (rtx-gametext.js)
script	18662	h=fffd4476;n=193	Game text (rtx-gametext.js)
script	18663	h=d7f55076;n=346	Game text (rtx-gametext.js)
script	18664	h=46bf28dc;n=301	Game text (rtx-gametext.js)
script	18665	h=b41e8116;n=346	Game text (rtx-gametext.js)
script	18666	h=d448cfff;n=161	Game text (rtx-gametext.js)
script	18667	h=323dae60;n=346	Game text (rtx-gametext.js)
script	18668	h=fba95b64;n=210	Game text (rtx-gametext.js)
script	18669	h=c5caf7ec;n=277	Game text (rtx-gametext.js)
script	18670	h=c7b16af4;n=748	Game text (rtx-gametext.js)
script	18671	h=6bad49a0;n=822	Game text (rtx-gametext.js)
script	18672	h=0d26ccba;n=359	Game text (rtx-gametext.js)
script	18673	h=44b0bf97;n=279	Game text (rtx-gametext.js)
script	18674	h=03d1bcfe;n=243	Game text (rtx-gametext.js)
script	18675	h=6f493904;n=377	Game text (rtx-gametext.js)
script	18676	h=8ede2f94;n=293	Game text (rtx-gametext.js)
script	18677	h=d273441c;n=395	Game text (rtx-gametext.js)
script	18678	h=66b913d7;n=289	Game text (rtx-gametext.js)
varbit	60465	dom=0;var=12663;lo=1;hi=1;official=COMBATV2_ABILITY_RANGED_BINDING_SHOT_SCARE_TACTICS_ENABLED	Game text (rtx-gametext.js)
script	18680	h=7ffd08f4;n=218	Game text (rtx-gametext.js)
script	18681	h=a46fb8e3;n=218	Game text (rtx-gametext.js)
script	18682	h=4cf6e82d;n=96	Game text (rtx-gametext.js)
script	18683	h=96814836;n=200	Game text (rtx-gametext.js)
script	18684	h=0545d4f3;n=604	Game text (rtx-gametext.js)
script	18685	h=881bd00f;n=200	Game text (rtx-gametext.js)
script	18686	h=dffc3dbb;n=539	Game text (rtx-gametext.js)
script	18687	h=0e97fc6a;n=312	Game text (rtx-gametext.js)
script	18688	h=5d42b5d9;n=423	Game text (rtx-gametext.js)
script	18689	h=97cc679a;n=375	Game text (rtx-gametext.js)
script	18690	h=e0844852;n=410	Game text (rtx-gametext.js)
script	18691	h=97b22557;n=229	Game text (rtx-gametext.js)
script	18692	h=7b024dfe;n=418	Game text (rtx-gametext.js)
script	18693	h=4048574f;n=754	Game text (rtx-gametext.js)
script	18694	h=9053c7d9;n=306	Game text (rtx-gametext.js)
script	18697	h=45e2c72b;n=271	Game text (rtx-gametext.js)
script	18710	h=80db0555;n=288	Game text (rtx-gametext.js)
script	18713	h=f1582873;n=270	Game text (rtx-gametext.js)
script	18825	h=9752ed64;n=312	Game text (rtx-gametext.js)
script	18826	h=c12c152a;n=207	Game text (rtx-gametext.js)
script	18842	h=765f8b58;n=227	Game text (rtx-gametext.js)
script	18986	h=87e6cba2;n=134	Game text (rtx-gametext.js)
varbit	55661	dom=0;var=11601;lo=25;hi=31;official=TRH_NECRO_RITUAL_GLYPH_BOX_CHOICE	Game text (rtx-gametext.js)
script	19021	h=26f763f4;n=411	Game text (rtx-gametext.js)
script	19131	h=bfb1f08a;n=209	Game text (rtx-gametext.js)
script	19132	h=00600f1d;n=278	Game text (rtx-gametext.js)
varbit	55993	dom=0;var=11831;lo=12;hi=12;official=ELIDINIS_BOSS_SKILLING_OFFHAND_RUNECRAFTING_ATTUNED_ALTAR_TELEPORT	Game text (rtx-gametext.js)
script	19316	h=2f39d5cb;n=81	Game text (rtx-gametext.js)
script	19318	h=7daac626;n=81	Game text (rtx-gametext.js)
varbit	56613	dom=0;var=4818;lo=20;hi=20;official=GROUP_HARDCORE_ENABLED	Game text (rtx-gametext.js)
script	19638	h=131537a2;n=1059	Game text (rtx-gametext.js)
varbit	36288	dom=0;var=7016;lo=6;hi=8;official=SLAYER_POD_XP_BOOST	Game text (rtx-gametext.js)
varbit	56740	dom=0;var=8400;lo=20;hi=20;official=SLAYER_HELMET_NECROMANCY_ATTACHMENT_UNLOCKED	Game text (rtx-gametext.js)
script	19639	h=dd02604b;n=299	Game text (rtx-gametext.js)
script	19640	h=8dd4c26e;n=299	Game text (rtx-gametext.js)
script	19641	h=d0bf6278;n=300	Game text (rtx-gametext.js)
script	19642	h=4e50297f;n=304	Game text (rtx-gametext.js)
script	19652	h=acd06c08;n=166	Game text (rtx-gametext.js)
script	19653	h=6311e94b;n=442	Game text (rtx-gametext.js)
script	19675	h=2ce07597;n=507	Game text (rtx-gametext.js)
script	19680	h=4f66a78c;n=92	Game text (rtx-gametext.js)
script	19769	h=eb9d7de3;n=602	Game text (rtx-gametext.js)
script	19771	h=14a02145;n=323	Game text (rtx-gametext.js)
script	19865	h=70f46459;n=369	Game text (rtx-gametext.js)
script	19866	h=8e1cc6cf;n=376	Game text (rtx-gametext.js)
script	19867	h=c5ce3728;n=559	Game text (rtx-gametext.js)
script	19868	h=bb18e1e8;n=148	Game text (rtx-gametext.js)
script	19869	h=70fe86a2;n=226	Game text (rtx-gametext.js)
varbit	57684	dom=0;var=12168;lo=0;hi=3;official=MAGIC_ADVANCE_TIME_CHARGES_REMAINING	Game text (rtx-gametext.js)
script	19887	h=1069098b;n=139	Game text (rtx-gametext.js)
script	19973	h=23b504b3;n=212	Game text (rtx-gametext.js)
script	19974	h=6810d87c;n=386	Game text (rtx-gametext.js)
script	19975	h=fea57394;n=178	Game text (rtx-gametext.js)
script	19979	h=28582f93;n=141	Game text (rtx-gametext.js)
script	20004	h=2a1bd98d;n=99	Game text (rtx-gametext.js)
script	20005	h=dd942103;n=61	Game text (rtx-gametext.js)
script	20006	h=550432eb;n=285	Game text (rtx-gametext.js)
script	20007	h=dd0d2286;n=118	Game text (rtx-gametext.js)
script	20058	h=54c12f3d;n=182	Game text (rtx-gametext.js)
varp	12251	type=0;official=MTX_DIRECT_BUNDLE_1_COOLDOWN	Game text (rtx-gametext.js)
varp	12252	type=0;official=MTX_DIRECT_BUNDLE_2_COOLDOWN	Game text (rtx-gametext.js)
varp	12253	type=0;official=MTX_DIRECT_BUNDLE_3_COOLDOWN	Game text (rtx-gametext.js)
varp	12254	type=0;official=MTX_DIRECT_BUNDLE_4_COOLDOWN	Game text (rtx-gametext.js)
varp	12255	type=0;official=MTX_DIRECT_BUNDLE_5_COOLDOWN	Game text (rtx-gametext.js)
varp	12256	type=0;official=MTX_DIRECT_BUNDLE_6_COOLDOWN	Game text (rtx-gametext.js)
script	20059	h=8ff87ff9;n=83	Game text (rtx-gametext.js)
script	20066	h=aac73123;n=99	Game text (rtx-gametext.js)
script	20085	h=60573496;n=99	Game text (rtx-gametext.js)
script	20086	h=5d4ee34e;n=40	Game text (rtx-gametext.js)
script	20090	h=19bc157b;n=223	Game text (rtx-gametext.js)
script	20091	h=b37776ab;n=451	Game text (rtx-gametext.js)
script	20092	h=3f2fcd67;n=432	Game text (rtx-gametext.js)
script	20096	h=3cb390ae;n=118	Game text (rtx-gametext.js)
script	20099	h=36fce7ca;n=257	Game text (rtx-gametext.js)
script	20152	h=fe06572b;n=100	Game text (rtx-gametext.js)
varbit	58456	dom=0;var=12336;lo=15;hi=15;official=LEAGUE_RELIC_CLUES_OUTFIT_INFINITE_CHARGES	Game text (rtx-gametext.js)|panel_globetrotter.js
script	20157	h=f9a2695b;n=100	Game text (rtx-gametext.js)
varbit	58472	dom=0;var=12337;lo=5;hi=5;official=LEAGUE_RELIC_INVENTION_PERK_TRIGGER_BOOST	Game text (rtx-gametext.js)
script	20160	h=8e7c40b5;n=100	Game text (rtx-gametext.js)
varbit	58526	dom=0;var=12345;lo=12;hi=12;official=LEAGUE_RELIC_ADVANCE_TIME_UNLIMITED	Game text (rtx-gametext.js)
script	20167	h=4dcfbef6;n=100	Game text (rtx-gametext.js)
varbit	58536	dom=0;var=12346;lo=0;hi=0;official=LEAGUE_RELIC_DREAM_MENTOR_SPELLS_UNLOCKED	Game text (rtx-gametext.js)
script	20174	h=a07367ba;n=78	Game text (rtx-gametext.js)
script	20176	h=38d90bfc;n=110	Game text (rtx-gametext.js)
varbit	29077	dom=0;var=5840;lo=0;hi=6;official=SEREN_MAIN	Game text (rtx-gametext.js)
script	20178	h=42817c69;n=91	Game text (rtx-gametext.js)
script	20395	h=b36dc6f2;n=170	Game text (rtx-gametext.js)
script	20396	h=4ed819bc;n=207	Game text (rtx-gametext.js)
script	20397	h=f9f86044;n=193	Game text (rtx-gametext.js)
script	20451	h=555431a4;n=109	Game text (rtx-gametext.js)
script	20487	h=b3e7e6b4;n=349	Game text (rtx-gametext.js)
script	20674	h=796e722a;n=203	Game text (rtx-gametext.js)
script	20675	h=9c91541f;n=184	Game text (rtx-gametext.js)
script	20676	h=4aa12c65;n=362	Game text (rtx-gametext.js)
script	20677	h=78f73532;n=260	Game text (rtx-gametext.js)
script	20699	h=e40b9a21;n=173	Game text (rtx-gametext.js)
script	20700	h=e1e2e03e;n=192	Game text (rtx-gametext.js)
script	20701	h=7f98e3dd;n=366	Game text (rtx-gametext.js)
script	20917	h=b0be03b2;n=75	Game text (rtx-gametext.js)
script	20956	h=0d6a9dae;n=135	Game text (rtx-gametext.js)
varbit	58535	dom=0;var=12345;lo=31;hi=31;official=LEAGUE_RELIC_SEREN_SPELLS_PRAYERS_UNLOCKED	Game text (rtx-gametext.js)
varbit	61618	dom=0;var=13497;lo=23;hi=23	Game text (rtx-gametext.js)
script	20958	h=0cc5f91c;n=201	Game text (rtx-gametext.js)
varbit	61629	dom=0;var=12346;lo=17;hi=17	Game text (rtx-gametext.js)
script	20963	h=8fe5ca04;n=176	Game text (rtx-gametext.js)
varbit	61584	dom=0;var=13495;lo=29;hi=30	Game text (rtx-gametext.js)
script	20966	h=4c731687;n=100	Game text (rtx-gametext.js)
varbit	61593	dom=0;var=13496;lo=11;hi=11	Game text (rtx-gametext.js)
script	20967	h=b70c1c1e;n=100	Game text (rtx-gametext.js)
varbit	61596	dom=0;var=13496;lo=14;hi=14	Game text (rtx-gametext.js)
script	20971	h=45baf4dd;n=128	Game text (rtx-gametext.js)
varbit	61604	dom=0;var=13496;lo=22;hi=22	Game text (rtx-gametext.js)
script	20977	h=32ff0f4c;n=176	Game text (rtx-gametext.js)
varbit	61621	dom=0;var=13498;lo=30;hi=30	Game text (rtx-gametext.js)
script	20982	h=88d99576;n=110	Game text (rtx-gametext.js)
varbit	61652	dom=0;var=13507;lo=29;hi=29	Game text (rtx-gametext.js)
script	20986	h=848e86bf;n=110	Game text (rtx-gametext.js)
varbit	61648	dom=0;var=13507;lo=25;hi=25	Game text (rtx-gametext.js)
script	20987	h=10d761ae;n=110	Game text (rtx-gametext.js)
varbit	61649	dom=0;var=13507;lo=26;hi=26	Game text (rtx-gametext.js)
script	20988	h=f1482816;n=110	Game text (rtx-gametext.js)
varbit	61684	dom=0;var=13492;lo=8;hi=8	Game text (rtx-gametext.js)
script	20992	h=0bcbf9fc;n=100	Game text (rtx-gametext.js)
varbit	61670	dom=0;var=13510;lo=6;hi=6	Game text (rtx-gametext.js)
script	20995	h=6e9d00df;n=84	Game text (rtx-gametext.js)
script	20999	h=6e08e747;n=110	Game text (rtx-gametext.js)
varbit	61676	dom=0;var=13511;lo=0;hi=0	Game text (rtx-gametext.js)
script	21000	h=743a40dc;n=193	Game text (rtx-gametext.js)
varbit	61678	dom=0;var=13512;lo=0;hi=4	Game text (rtx-gametext.js)
varbit	61679	dom=0;var=13512;lo=5;hi=9	Game text (rtx-gametext.js)
varbit	61680	dom=0;var=13512;lo=10;hi=14	Game text (rtx-gametext.js)
script	21002	h=e51d6c4a;n=207	Game text (rtx-gametext.js)
script	21003	h=37d6cf03;n=211	Game text (rtx-gametext.js)
script	21027	h=56be3e35;n=48	Game text (rtx-gametext.js)
varp	711	type=0;official=COMBATV2_ARMOUR_RATING	Game text (rtx-gametext.js)
varp	3563	type=0;official=COMBATV2_ARMOUR_RATING_BONUS	Game text (rtx-gametext.js)
script	21028	h=f4afc2b0;n=75	Game text (rtx-gametext.js)
script	21105	h=ce5be35b;n=1398	Game text (rtx-gametext.js)
script	21111	h=f15fc09b;n=528	Game text (rtx-gametext.js)
varp	4499	type=0;official=COMBATV2_SHIELD_ARMOUR	Game text (rtx-gametext.js)
script	21112	h=22b0b0c4;n=528	Game text (rtx-gametext.js)
script	21113	h=35d392ee;n=541	Game text (rtx-gametext.js)
script	21114	h=3d3a5edb;n=796	Game text (rtx-gametext.js)
script	21115	h=4c2fb3a8;n=822	Game text (rtx-gametext.js)
script	21116	h=cfbd77d7;n=263	Game text (rtx-gametext.js)
script	21117	h=033213eb;n=90	Game text (rtx-gametext.js)
script	21118	h=a48b6767;n=255	Game text (rtx-gametext.js)
varbit	16463	dom=0;var=3182;lo=0;hi=10;official=BONFIRE_HEALTH_BOOST	Game text (rtx-gametext.js)
varbit	29064	dom=0;var=3272;lo=22;hi=31;official=COMBATV2_PRAYER_BOOST_HITPOINTS	Game text (rtx-gametext.js)
varbit	45364	dom=0;var=3182;lo=12;hi=26;official=HERB_POWERBURST_HEALTH_BOOST	Game text (rtx-gametext.js)
varbit	46758	dom=0;var=9315;lo=0;hi=8;official=ARCH_RELIC_FONT_OF_LIFE_BOOST	Game text (rtx-gametext.js)
varbit	58266	dom=0;var=12283;lo=0;hi=8;official=QUEST_DESERT_FINALE_REWARDS_HET_BOON	Game text (rtx-gametext.js)
varp	6524	type=0;official=DMBH_REWARD_THREMAL_HEALTH_BOOST	Game text (rtx-gametext.js)
script	21120	h=a2376515;n=145	Game text (rtx-gametext.js)
varbit	61657	dom=0;var=13508;lo=17;hi=25	Game text (rtx-gametext.js)
varbit	16574	dom=0;var=3240;lo=0;hi=5;official=OMGE_CHALLENGE_CURRENT_SKILL_1	D&D Tracker
varbit	16575	dom=0;var=3240;lo=6;hi=14;official=OMGE_CHALLENGE_CURRENT_ID_1	D&D Tracker
varbit	16576	dom=0;var=3240;lo=15;hi=24;official=OMGE_CHALLENGE_CURRENT_PROGRESS_1	D&D Tracker
varbit	16578	dom=0;var=3241;lo=0;hi=5;official=OMGE_CHALLENGE_CURRENT_SKILL_2	D&D Tracker
varbit	16579	dom=0;var=3241;lo=6;hi=14;official=OMGE_CHALLENGE_CURRENT_ID_2	D&D Tracker
varbit	16580	dom=0;var=3241;lo=15;hi=24;official=OMGE_CHALLENGE_CURRENT_PROGRESS_2	D&D Tracker
varbit	16582	dom=0;var=3242;lo=0;hi=5;official=OMGE_CHALLENGE_CURRENT_SKILL_3	D&D Tracker
varbit	16583	dom=0;var=3242;lo=6;hi=14;official=OMGE_CHALLENGE_CURRENT_ID_3	D&D Tracker
varbit	16584	dom=0;var=3242;lo=15;hi=24;official=OMGE_CHALLENGE_CURRENT_PROGRESS_3	D&D Tracker
varbit	16586	dom=0;var=3243;lo=0;hi=5;official=OMGE_CHALLENGE_CURRENT_SKILL_4	D&D Tracker
varbit	16587	dom=0;var=3243;lo=6;hi=14;official=OMGE_CHALLENGE_CURRENT_ID_4	D&D Tracker
varbit	16588	dom=0;var=3243;lo=15;hi=24;official=OMGE_CHALLENGE_CURRENT_PROGRESS_4	D&D Tracker
varbit	16590	dom=0;var=3244;lo=0;hi=5;official=OMGE_CHALLENGE_CURRENT_SKILL_5	D&D Tracker
varbit	16591	dom=0;var=3244;lo=6;hi=14;official=OMGE_CHALLENGE_CURRENT_ID_5	D&D Tracker
varbit	16592	dom=0;var=3244;lo=15;hi=24;official=OMGE_CHALLENGE_CURRENT_PROGRESS_5	D&D Tracker
varbit	24860	dom=0;var=4767;lo=0;hi=0;official=OMGE_CHALLENGE_EXTENDED_1	D&D Tracker
varbit	24861	dom=0;var=4767;lo=1;hi=1;official=OMGE_CHALLENGE_REPEATED_1	D&D Tracker
varbit	24863	dom=0;var=4767;lo=3;hi=3;official=OMGE_CHALLENGE_EXTENDED_2	D&D Tracker
varbit	24864	dom=0;var=4767;lo=4;hi=4;official=OMGE_CHALLENGE_REPEATED_2	D&D Tracker
varbit	24866	dom=0;var=4767;lo=6;hi=6;official=OMGE_CHALLENGE_EXTENDED_3	D&D Tracker
varbit	24867	dom=0;var=4767;lo=7;hi=7;official=OMGE_CHALLENGE_REPEATED_3	D&D Tracker
varbit	24869	dom=0;var=4767;lo=9;hi=9;official=OMGE_CHALLENGE_EXTENDED_4	D&D Tracker
varbit	24870	dom=0;var=4767;lo=10;hi=10;official=OMGE_CHALLENGE_REPEATED_4	D&D Tracker
varbit	24872	dom=0;var=4767;lo=12;hi=12;official=OMGE_CHALLENGE_EXTENDED_5	D&D Tracker
varbit	24873	dom=0;var=4767;lo=13;hi=13;official=OMGE_CHALLENGE_REPEATED_5	D&D Tracker
varbit	25543	dom=0;var=4846;lo=0;hi=6;official=DIVDND_POINTS	D&D Tracker
varbit	25548	dom=0;var=4847;lo=24;hi=31;official=DIVDND_DAILY_POINTS	D&D Tracker
varbit	25533	dom=0;var=3915;lo=28;hi=28;official=DNDTRACKER_DIV_DND_ACTIVE	D&D Tracker
varbit	25534	dom=0;var=4876;lo=0;hi=7;official=DNDTRACKER_DIV_DND_TIME	D&D Tracker
varbit	25551	dom=0;var=4848;lo=4;hi=10;official=DIVDND_MEMORY_STREAK	D&D Tracker
varbit	25552	dom=0;var=4848;lo=11;hi=17;official=DIVDND_ENEMY_STREAK	D&D Tracker
varbit	52328	dom=0;var=12688;lo=0;hi=13;official=DIV_MEMORIES_DEPOSITED_FOR_CACHE	D&D Tracker
varbit	4164	dom=0;var=1408;lo=16;hi=19;official=PENG_SPY_WEEK_PENG	D&D Tracker
varbit	4165	dom=0;var=1408;lo=21;hi=21;official=PENG_SPY_EXPLAIN	D&D Tracker
varbit	4163	dom=0;var=9543;lo=16;hi=23;official=PENG_SPY_POINTS	D&D Tracker
varbit	4882	dom=0;var=1572;lo=20;hi=20;official=BIGCHINCHOMPA_ENTEREDSECONDGAMETODAY	D&D Tracker
varbit	20742	dom=0;var=3914;lo=0;hi=5;official=DNDTRACKER_BIGCHINCHOMPA_START	D&D Tracker
varbit	5479	dom=0;var=1663;lo=0;hi=0;official=CRCS_AGILITY_COMPLETE	D&D Tracker
varbit	5480	dom=0;var=1663;lo=1;hi=1;official=CRCS_MAGIC_COMPLETE	D&D Tracker
varbit	5481	dom=0;var=1663;lo=2;hi=2;official=CRCS_RANGED_COMPLETE	D&D Tracker
varbit	15893	dom=0;var=9535;lo=4;hi=4;official=KERAPAC_DND_MONTHLY_COMPLETE	D&D Tracker
varbit	30084	dom=0;var=5952;lo=30;hi=31;official=TUTISLAND_REWARD_STATE	D&D Tracker
varbit	30087	dom=0;var=5953;lo=2;hi=7;official=TUTISLAND_REWARD_HARVEST_COUNT_FISHING	D&D Tracker
varbit	30088	dom=0;var=5953;lo=8;hi=13;official=TUTISLAND_REWARD_HARVEST_COUNT_FARMING	D&D Tracker
varbit	30071	dom=0;var=5952;lo=0;hi=8;official=TUTISLAND_MAIN	D&D Tracker
varbit	17687	dom=0;var=3500;lo=0;hi=4;official=GODSS_STATUE_TAVERLEY	D&D Tracker
varbit	60099	dom=0;var=3500;lo=5;hi=9;official=GODSS_STATUE_FALADOR	D&D Tracker
varbit	17689	dom=0;var=3500;lo=10;hi=14;official=GODSS_STATUE_CANIF	D&D Tracker
varbit	17690	dom=0;var=3500;lo=15;hi=19;official=GODSS_STATUE_GUT	D&D Tracker
varbit	24942	dom=0;var=3500;lo=27;hi=31;official=GODSS_STATUE_PRIFDDINAS	D&D Tracker
varbit	17691	dom=0;var=3500;lo=20;hi=20;official=GODSS_USED_TAVERLEY	D&D Tracker
varbit	60100	dom=0;var=3500;lo=21;hi=21;official=GODSS_USED_FALADOR	D&D Tracker
varbit	17693	dom=0;var=3500;lo=22;hi=22;official=GODSS_USED_CANIF	D&D Tracker
varbit	17694	dom=0;var=3500;lo=23;hi=23;official=GODSS_USED_GUT	D&D Tracker
varbit	24943	dom=0;var=3501;lo=31;hi=31;official=GODSS_USED_PRIFDDINAS	D&D Tracker
varbit	20739	dom=0;var=3913;lo=28;hi=28;official=DNDTRACKER_SHOOTING_STAR_ACTIVE	D&D Tracker
varbit	20750	dom=0;var=3915;lo=8;hi=14;official=DNDTRACKER_SHOOTING_STAR_TIME	D&D Tracker
varbit	17933	dom=0;var=3522;lo=3;hi=4;official=RAND_DND_DAILY_GAMES	D&D Tracker
varbit	20747	dom=0;var=3914;lo=23;hi=28;official=DNDTRACKER_SINKHOLES_START	D&D Tracker
varbit	20745	dom=0;var=3914;lo=14;hi=14;official=DNDTRACKER_EVIL_TREE_ALIVE	D&D Tracker
varbit	20746	dom=0;var=3914;lo=15;hi=22;official=DNDTRACKER_EVIL_TREE_TIME	D&D Tracker
varbit	28370	dom=0;var=4876;lo=16;hi=22;official=DNDTRACKER_DEMON_FLASHMOB_TIME	D&D Tracker
varbit	20740	dom=0;var=3913;lo=29;hi=29;official=DNDTRACKER_FISH_FLINGERS_LIMIT	D&D Tracker
varbit	20744	dom=0;var=3914;lo=9;hi=13;official=DNDTRACKER_FISH_FLINGERS	D&D Tracker
varbit	16526	dom=0;var=3220;lo=0;hi=0;official=RCSIPHONXP_DAILY_DUST_HAND_IN	D&D Tracker
varbit	28796	dom=0;var=5789;lo=11;hi=14;official=RAID1_GOEBIE_COURIER_LOOT_HANDED_IN_TODAY	D&D Tracker
varbit	39271	dom=0;var=1705;lo=18;hi=31;official=SFA_WEEKLY_RESET	D&D Tracker
varbit	20738	dom=0;var=3913;lo=27;hi=27;official=DNDTRACKER_FAMILIARIZATION_ACTIVE	D&D Tracker
varbit	20749	dom=0;var=3915;lo=0;hi=7;official=DNDTRACKER_FAMILIARIZATION_TIME	D&D Tracker
varbit	17439	dom=0;var=3450;lo=7;hi=8;official=POP_MEG_ONMISSION	D&D Tracker
varbit	17445	dom=0;var=3450;lo=26;hi=26;official=POP_MEG_FIRSTTIME	D&D Tracker
varbit	33780	dom=0;var=6121;lo=30;hi=30;official=QUEST_NOMEL_LOOTED_HARD_NOMAD_CHEST	D&D Tracker
varbit	44349	dom=0;var=8636;lo=0;hi=0;official=DINO_HERBLORE_DND_COMPLETED	D&D Tracker
varbit	44351	dom=0;var=8636;lo=2;hi=9;official=DINO_HERBLORE_DND_POINTS	D&D Tracker
varbit	16096	dom=0;var=3119;lo=29;hi=30;official=ECOSYSTEM_BEEN_REWARDED	D&D Tracker
varbit	16101	dom=0;var=3120;lo=13;hi=13;official=ECOSYSTEM_BASIC	D&D Tracker
varbit	16102	dom=0;var=3120;lo=14;hi=14;official=ECOSYSTEM_AQUATIC	D&D Tracker
varbit	16103	dom=0;var=3120;lo=15;hi=15;official=ECOSYSTEM_AMPHIBIAN	D&D Tracker
varbit	16104	dom=0;var=3120;lo=16;hi=16;official=ECOSYSTEM_CAMOUFLAGED	D&D Tracker
varbit	16105	dom=0;var=3120;lo=17;hi=17;official=ECOSYSTEM_CARRION	D&D Tracker
varbit	16106	dom=0;var=3120;lo=18;hi=18;official=ECOSYSTEM_CARNIVEROUS	D&D Tracker
varbit	16107	dom=0;var=3120;lo=19;hi=19;official=ECOSYSTEM_DRACONIC	D&D Tracker
varbit	16108	dom=0;var=3120;lo=20;hi=20;official=ECOSYSTEM_SHADOW	D&D Tracker
varbit	16109	dom=0;var=3120;lo=21;hi=21;official=ECOSYSTEM_DISEASED	D&D Tracker
varbit	16110	dom=0;var=3120;lo=22;hi=22;official=ECOSYSTEM_IGNEOUS	D&D Tracker
varbit	16127	dom=0;var=3121;lo=21;hi=23;official=ECOSYSTEM_CAUGHT_GODS	D&D Tracker
varbit	16111	dom=0;var=3120;lo=23;hi=23;official=ECOSYSTEM_GUTHIX	D&D Tracker
varbit	16112	dom=0;var=3120;lo=24;hi=24;official=ECOSYSTEM_SARADOMIN	D&D Tracker
varbit	16113	dom=0;var=3120;lo=25;hi=25;official=ECOSYSTEM_ZAMORAK	D&D Tracker
varbit	53496	dom=0;var=10969;lo=0;hi=7;official=QUEST_NECROMANCY_CITY_SMITH_MAIN	D&D Tracker
varbit	55086	dom=0;var=11605;lo=7;hi=15;official=NECRO_HUB_THALMUND_SLOT_1_BOUGHT	D&D Tracker
varbit	55087	dom=0;var=11605;lo=16;hi=24;official=NECRO_HUB_THALMUND_SLOT_1_MAX	D&D Tracker
varbit	55088	dom=0;var=11606;lo=0;hi=8;official=NECRO_HUB_THALMUND_SLOT_2_BOUGHT	D&D Tracker
varbit	55089	dom=0;var=11606;lo=9;hi=17;official=NECRO_HUB_THALMUND_SLOT_2_MAX	D&D Tracker
varbit	55090	dom=0;var=11606;lo=18;hi=26;official=NECRO_HUB_THALMUND_SLOT_3_BOUGHT	D&D Tracker
varbit	55091	dom=0;var=11607;lo=0;hi=8;official=NECRO_HUB_THALMUND_SLOT_3_MAX	D&D Tracker
varbit	55092	dom=0;var=11607;lo=9;hi=17;official=NECRO_HUB_THALMUND_SLOT_4_BOUGHT	D&D Tracker
varbit	55093	dom=0;var=11607;lo=18;hi=26;official=NECRO_HUB_THALMUND_SLOT_4_MAX	D&D Tracker
varbit	26630	dom=0;var=307;lo=23;hi=23;official=TOG_TEARS_COMPLETE	D&D Tracker
varbit	30284	dom=0;var=7418;lo=0;hi=0;official=NATURE_BEINGS_DND_COMPLETED	D&D Tracker
varbit	22285	dom=0;var=4391;lo=13;hi=14;official=ASH1_REPLAY_DEFEATED	D&D Tracker
varbit	25048	dom=0;var=4772;lo=9;hi=9;official=ELFCITY_SLAYER_WEEKLY_RESET	D&D Tracker
varbit	26628	dom=0;var=307;lo=21;hi=21;official=RAG2_FIGHT_COMPLETE	D&D Tracker
varbit	35817	dom=0;var=6944;lo=0;hi=0;official=SWORLDS_REWARD_CHALLENGE_BRONZE_COMPLETE	D&D Tracker
varbit	35818	dom=0;var=6944;lo=1;hi=1;official=SWORLDS_REWARD_CHALLENGE_SILVER_COMPLETE	D&D Tracker
varbit	35819	dom=0;var=6944;lo=2;hi=2;official=SWORLDS_REWARD_CHALLENGE_GOLD_COMPLETE	D&D Tracker
varbit	20741	dom=0;var=3913;lo=30;hi=30;official=DNDTRACKER_TROLL_INVASION_LIMIT	D&D Tracker
varbit	4662	dom=0;var=1526;lo=1;hi=11;official=FISHCOMP_FISH_TOKENS	D&D Tracker
varbit	4649	dom=0;var=1524;lo=0;hi=15;official=FISHCOMP_CAREER_MEDALS	D&D Tracker
varbit	4673	dom=0;var=1527;lo=29;hi=31;official=FISHCOMP_REWARD_TACKLE_BOX_LEVEL	D&D Tracker
varbit	4693	dom=0;var=1529;lo=20;hi=20;official=FISHCOMP_UNLOCKED_OUTFIT_HAT	D&D Tracker
varbit	4694	dom=0;var=1529;lo=21;hi=21;official=FISHCOMP_UNLOCKED_OUTFIT_BODY	D&D Tracker
varbit	4695	dom=0;var=1529;lo=22;hi=22;official=FISHCOMP_UNLOCKED_OUTFIT_LEGS	D&D Tracker
varbit	4696	dom=0;var=1529;lo=23;hi=23;official=FISHCOMP_UNLOCKED_OUTFIT_BOOTS	D&D Tracker
varbit	25158	dom=0;var=4783;lo=0;hi=6;official=ELFCITY_VOICE1_PLAYER	D&D Tracker
varbit	25159	dom=0;var=4783;lo=7;hi=12;official=ELFCITY_VOICE2_PLAYER	D&D Tracker
varbit	26416	dom=0;var=4783;lo=13;hi=18;official=ELFCITY_VOS_PLAYER_HOUR	D&D Tracker
varp	5441	type=0;official=CHAMPIONS_UNLOCKED	D&D Tracker
varp	5442	type=0;official=CHAMPIONS_DEFEATED_WEEKLY	D&D Tracker
varp	6989	type=0;official=MENAPHOS_COLLECTIONS_VAR1	D&D Tracker
varp	6990	type=0;official=MENAPHOS_COLLECTIONS_VAR2	D&D Tracker
enum	17112	kt=0;vt=26;n=22;official=OMGE_CHALLENGE_LISTS	D&D Tracker
enum	5886	kt=0;vt=0;n=6;official=FISHCOMP_TACKLE_BOX_TOKENS	D&D Tracker
enum	5887	kt=0;vt=0;n=6;official=FISHCOMP_TACKLE_BOX_MEDALS	D&D Tracker
param	1266	type=36;official=TASK_NAME	D&D Tracker
param	4940	type=36;official=CHALLENGE_SUBNAME	D&D Tracker
param	2235	type=0;official=CHALLENGE_TARGET	D&D Tracker
param	1271	type=23;official=TASK_ICON	D&D Tracker
param	1273	type=36;official=TASK_DETAILS	D&D Tracker
dbtable	9	cols=9;c0=0;c2=36;c9=0;official=MM16_TASK	D&D Tracker
sprite	24205	w=80;h=80;f=1;official=AIF_ELF_CITY_CLAN_ICONS_1	D&D Tracker
sprite	24211	w=80;h=80;f=1;official=AIF_ELF_CITY_CLAN_ICONS_7	D&D Tracker
sprite	24206	w=80;h=80;f=1;official=AIF_ELF_CITY_CLAN_ICONS_2	D&D Tracker
sprite	24209	w=80;h=80;f=1;official=AIF_ELF_CITY_CLAN_ICONS_5	D&D Tracker
sprite	24204	w=80;h=80;f=1;official=AIF_ELF_CITY_CLAN_ICONS_0	D&D Tracker
sprite	24210	w=80;h=80;f=1;official=AIF_ELF_CITY_CLAN_ICONS_6	D&D Tracker
sprite	24207	w=80;h=80;f=1;official=AIF_ELF_CITY_CLAN_ICONS_3	D&D Tracker
sprite	24208	w=80;h=80;f=1;official=AIF_ELF_CITY_CLAN_ICONS_4	D&D Tracker
varp	37	type=0;official=MUSICMULTI_1	Sounds
varp	38	type=0;official=MUSICMULTI_2	Sounds
varp	39	type=0;official=MUSICMULTI_3	Sounds
varp	40	type=0;official=MUSICMULTI_4	Sounds
varp	41	type=0;official=MUSICMULTI_5	Sounds
varp	42	type=0;official=MUSICMULTI_6	Sounds
varp	43	type=0;official=MUSICMULTI_7	Sounds
varp	44	type=0;official=MUSICMULTI_8	Sounds
varp	45	type=0;official=MUSICMULTI_9	Sounds
varp	46	type=0;official=MUSICMULTI_10	Sounds
varp	47	type=0;official=MUSICMULTI_11	Sounds
varp	48	type=0;official=MUSICMULTI_12	Sounds
varp	49	type=0;official=MUSICMULTI_13	Sounds
varp	50	type=0;official=MUSICMULTI_14	Sounds
varp	51	type=0;official=MUSICMULTI_15	Sounds
varp	52	type=0;official=MUSICMULTI_16	Sounds
varp	53	type=0;official=MUSICMULTI_17	Sounds
varp	54	type=0;official=MUSICMULTI_18	Sounds
varp	55	type=0;official=MUSICMULTI_19	Sounds
varp	56	type=0;official=MUSICMULTI_20	Sounds
varp	57	type=0;official=MUSICMULTI_21	Sounds
varp	58	type=0;official=MUSICMULTI_22	Sounds
varp	59	type=0;official=MUSICMULTI_23	Sounds
varp	60	type=0;official=MUSICMULTI_24	Sounds
varp	61	type=0;official=MUSICMULTI_25	Sounds
varp	62	type=0;official=MUSICMULTI_26	Sounds
varp	63	type=0;official=MUSICMULTI_27	Sounds
varp	64	type=0;official=MUSICMULTI_28	Sounds
varp	65	type=0;official=MUSICMULTI_29	Sounds
varp	66	type=0;official=MUSICMULTI_30	Sounds
varp	67	type=0;official=MUSICMULTI_31	Sounds
varp	68	type=0;official=MUSICMULTI_32	Sounds
varp	69	type=0;official=MUSICMULTI_33	Sounds
varp	70	type=0;official=MUSICMULTI_34	Sounds
varp	71	type=0;official=MUSICMULTI_35	Sounds
varp	3551	type=0;official=MUSICMULTI_36	Sounds
varp	3691	type=0;official=MUSICMULTI_37	Sounds
varp	4263	type=0;official=MUSICMULTI_38	Sounds
varp	5019	type=0;official=MUSICMULTI_39	Sounds
varp	5868	type=0;official=MUSICMULTI_40	Sounds
varp	6221	type=0;official=MUSICMULTI_41	Sounds
varp	6448	type=0;official=MUSICMULTI_42	Sounds
varp	6920	type=0;official=MUSICMULTI_43	Sounds
varp	7035	type=0;official=MUSICMULTI_44	Sounds
varp	7923	type=0;official=MUSICMULTI_45	Sounds
varp	8282	type=0;official=MUSICMULTI_46	Sounds
varp	8661	type=0;official=MUSICMULTI_47	Sounds
varp	9681	type=0;official=MUSICMULTI_48	Sounds
varp	10620	type=0;official=MUSICMULTI_49	Sounds
varp	11995	type=0;official=MUSICMULTI_50	Sounds
enum	1345	kt=0;vt=36;n=1627	Sounds
script	837	h=c77eadba;n=2188	Sounds
dbtable	94	exists;official=ARCH_RELIC	panel_archresearch.js
dbtable	163	exists;official=MTXMGT_COSMETIC	panel_wardrobe.js
enum	7655	exists;official=BARROWS2_WEEKROTATIONS	panel_bossinfo.js
enum	10016	exists;official=MINIGAME_SPOTLIGHT_ENUM	panel_bossinfo.js
dbtable	84	exists;official=COLLECTION	panel_bosses.js|panel_tasks.js
varp	7802	exists;official=TRAIL_EASY_CLUES_COMPLETED	panel_globetrotter.js
varp	7803	exists;official=TRAIL_MEDIUM_CLUES_COMPLETED	panel_globetrotter.js
varp	7804	exists;official=TRAIL_HARD_CLUES_COMPLETED	panel_globetrotter.js
varp	7805	exists;official=TRAIL_ELITE_CLUES_COMPLETED	panel_globetrotter.js
varp	7806	exists;official=TRAIL_MASTER_CLUES_COMPLETED	panel_globetrotter.js
varp	7270	exists;official=INVENT_MACHINE_AMOUNT_STORED	panel_invention.js
enum	13175	exists;official=INVENT_MACHINE_DBROWS	panel_invention.js
dbtable	22	exists;official=INVENT_MACHINE_TABLE	panel_invention.js
varp	9302	exists;official=ARCH_MYSTERY_COMPLETE_1	panel_mysteries.js
varp	9303	exists;official=ARCH_MYSTERY_COMPLETE_2	panel_mysteries.js
varp	9205	exists;official=BOOK_UNLOCK_1	panel_mysteries.js
varp	9206	exists;official=BOOK_UNLOCK_2	panel_mysteries.js
varp	9207	exists;official=BOOK_UNLOCK_3	panel_mysteries.js
varp	9564	exists;official=BOOK_UNLOCK_4	panel_mysteries.js
varp	11732	exists;official=BOOK_UNLOCK_5	panel_mysteries.js
varp	11733	exists;official=MEMORY_UNLOCK_1	panel_mysteries.js
enum	16086	exists;official=CHEEVO_SUBCAT_TO_NAME	panel_achievements.js
enum	1563	exists	panel_tasks.js
enum	9197	exists;official=BSLAY_ASSIGNMENT_TO_STRING	panel_tasks.js
varp	11718	exists;official=ACCESSIBILITY_OPTIONS	panel_overlay.js
varp	11721	exists;official=ACCESSIBILITY_HIGHLIGHT_PIXEL_SIZE	panel_overlay.js
enum	8548	exists;official=STAT2ICON_MEDIUM	panel_worldmap.js
enum	15970	exists;official=SPECIAL_ATTACK_ID_TO_OBJ	panel_containers.js
dbtable	121	exists;official=FAIRYRINGS	panel_fairyrings.js
dbtable	103	exists	panel_rituals.js
dbtable	104	exists	panel_rituals.js
dbtable	105	exists;official=DAILY_REWARDS_SYSTEM	panel_rituals.js
dbtable	107	exists;official=EVENT_CRAFTING_CORE_EVENT	panel_rituals.js
dbtable	106	exists;official=EVENT_CRAFTING_CORE_RECIPE	panel_rituals.js
enum	11420	exists;official=ELR1_SUPPLIES_CAP_INCREASE	panel_currencies.js
dbtable	66	exists;official=CURRENCY_TABLE	panel_currencies.js
